url,label
https://www.linkedin.com/ru,0
https://www.outlook.com/logout,0
http://ipotekabank.click/account/verify,1
https://www.uzb.uz/faq,0
https://yandex.uz/user/profile,0
http://nifinbank.com/cards/activate,1
https://pharmi.uz/uploads,0
http://pochtabank-card.ru/secure/login,1
https://my.gov.uz/download,0
http://sbq.io/confirm,1
http://paye.uz/payment/confirm,1
http://txeagrobank.org/p?redirect=true,1
http://infinank.net/tolov,1
http://my-click.com/verify,1
https://economist.com/contact,0
https://zamin.uz/search,0
http://in-finbank.co/cards/activate,1
http://apels-in.uz/payment/confirm,1
https://daryo.uz/notifications,0
http://uz-paynet.uz/payment/confirm,1
http://hamkorbank-login.net/cards/activate,1
https://wix.com/search,0
http://official-agrobank.net/tolov,1
http://kapitabank.ru/transfer,1
http://a-pelsin.com/kirish,1
http://new-uzum.org/banking/login,1
https://pochtabank.uz/logout,0
http://64.51.214.29:8080/infinbank/account/verify,1
https://ft.com/mobile,0
http://verify-click.ru/kirish,1
http://sakabank.com/confirm,1
http://new-pochtabank.io/login,1
https://kapitalbank.uz/media,0
http://a-grobank.co/p?redirect=true,1
http://best-kapitalbank.co/hisob,1
http://aoqabank.ru/verify,1
https://anorbank.uz/profile,0
https://uzinfocom.uz/api,0
http://hamorbank.uz/banking/login,1
https://yoshlar.uz/uploads,0
http://agorbank.org/login?next=%2Faccount,1
http://aloabank.com/cards/activate,1
https://facebook.com/main,0
http://account-apelsin.uz/verify,1
http://xalqbank-service.org/auth,1
http://hamkorbank-pay.io/hisob,1
http://apelsinverify.com/payment/confirm,1
http://kapi-talbank.org/account/verify,1
https://amazon.com/services,0
http://account-aloqabank.uz/transfer,1
https://www.trastbank.uz/search,0
http://best-aloqabank.io/transfer,1
http://217.60.81.179/aloqabank/transfer,1
https://oson.uz/report,0
https://podrobno.uz/payments,0
http://kapitalbank-2024.com/secure/login,1
http://ipotekbaank.uz/p?redirect=true,1
http://humoo.co/login?next=%2Faccount,1
http://xaqbank.co/confirm,1
https://www.reddit.com/en,0
http://xalqbnak.net/transfer,1
https://facebook.com/contact,0
https://www.cloudflare.com/index.html,0
https://twitter.com/about-us,0
https://uzinfocom.uz/ru,0
http://a-sakabank.org/transfer,1
http://kapitalbank-login.net/secure/login,1
http://uum.uz/login,1
https://tdiu.uz/payments,0
http://payet.net/tolov,1
http://apelisn.kz/login,1
http://pochtabank-kirish.com/tolov,1
http://login-anorbank.net/login,1
http://trastbnak.ru/tolov,1
https://amazon.com/home,0
http://infinbank-card.com/verify,1
http://zum.co/auth,1
http://88.218.64.62/sqb/tolov,1
https://www.pharmi.uz/register,0
https://npmjs.com/messages,0
http://uz-uzcard.ru/transfer,1
http://179.47.153.163/uzpost/kirish,1
https://www.science.org/api,0
http://best-oson.io/confirm,1
https://pochtabank.uz/media,0
http://agrobank-pay.org/confirm,1
http://kap-italbank.uz/login?next=%2Faccount,1
https://yoshlar.uz/contact,0
http://ape-lsin.io/tolov,1
http://48.114.104.46/nbu/secure/login,1
https://linkedin.com/products/list,0
https://my.gov.uz/settings,0
https://gov.uz/api,0
https://pochta.uz/en/services,0
http://infinank.org/kirish,1
http://anorbank-uz.ru/verify,1
http://click-card.org/login?next=%2Faccount,1
http://real-humo.com/hisob,1
http://xalqbnk.io/banking/login,1
https://science.org/history,0
http://infinbakn.uz/login,1
https://www.gazeta.uz/transfer,0
https://theguardian.com/contact,0
https://parlament.uz/profile,0
http://70.198.54.86:8080/uzum/cards/activate,1
http://hamkorbank-net.io/account/verify,1
http://login.secure.account0.sqb.uz.phish.com/auth,1
http://payet.com/verify,1
https://www.kun.uz/docs,0
http://apitalbank.ru/cards/activate,1
https://podrobno.uz/robots.txt,0
http://uzopst.uz/transfer,1
https://www.stackoverflow.com/about-us,0
https://cnn.com/download,0
https://yandex.uz/sitemap.xml,0
https://microsoft.com/uploads,0
http://p4ym3.com/verify,1
http://asakabank-card.kz/secure/login,1
http://agrobank-net.co/login?next=%2Faccount,1
http://agroank.io/secure/login,1
http://tbcbnak.net/verify,1
http://po-chtabank.kz/karta/faollashtirish,1
http://laoqabank.co/tolov,1
http://hamkorbak.uz/kirish,1
https://slack.com/category/news,0
https://ft.com/messages,0
https://aloqabank.uz/about,0
http://aloqabank-2024.io/tolov,1
http://188.216.207.76/hamkorbank/account/verify,1
https://yahoo.com/services,0
http://165.133.7.139:8080/click/karta/faollashtirish,1
https://sqb.uz@malicious005.com/login,1
https://ipakyulibank.uz/cards,0
http://texargobank.co/confirm,1
https://humo.uz/mobile,0
http://trast-bank.com/karta/faollashtirish,1
https://uzinfocom.uz/products,0
http://trsatbank.ru/tolov,1
http://new-sqb.co/payment/confirm,1
http://official-aloqabank.com/p?redirect=true,1
https://nytimes.com/en,0
https://mf.uz/news,0
http://click-bank.net/p?redirect=true,1
https://sqb.uz/category/services,0
http://nbu.ga/payment/confirm,1
http://aloqabnk.co/login?next=%2Faccount,1
http://uzpost-card.io/cards/activate,1
http://best-humo.co/tolov,1
http://asakabank-2024.org/auth,1
http://texagrobank-service.kz/payment/confirm,1
http://22.237.72.194:8080/uzcard/login,1
https://qalampir.uz/docs,0
http://my-payme.net/verify,1
http://hmo.net/kirish,1
https://www.wsj.com/blog,0
https://www.edu.uz/index.html,0
http://xalqbank-2024.kz/cards/activate,1
https://texagrobank.uz/banking,0
http://xaqlbank.co/login?next=%2Faccount,1
http://nbu-login.co/auth,1
http://paymeverify.com/confirm,1
http://payet.net/karta/faollashtirish,1
http://ipakyulibnk.co/banking/login,1
http://t-bcbank.co/account/verify,1
http://best-uzum.uz/cards/activate,1
https://amazon.com/security,0
http://best-kapitalbank.ru/login?next=%2Faccount,1
https://reuters.com/services,0
https://hub.docker.com/ru,0
https://trastbank.uz/app,0
http://uzcar-d.org/transfer,1
https://humans.uz/settings,0
https://daryo.uz/search,0
http://163.228.74.229/uzum/kirish,1
http://paynet.uz.payment-confirm.ru/karta/faollashtirish,1
http://login-pochtabank.ru/kirish,1
https://www.amazon.com/history,0
http://202.5.99.143:8080/uzcard/banking/login,1
https://www.sqb.uz/app,0
https://microsoft.com/api,0
http://secure-ipakyulibank.com/verify,1
https://www.stackoverflow.com/user/profile,0
http://real-trastbank.com/auth,1
https://prokuratura.uz/report,0
http://sqb-pay.net/hisob,1
http://uzc4rd.ru/confirm,1
http://jfdu1gdm57ppx.info/login,1
http://secure-trastbank.ru/cards/activate,1
http://4n0rb4nk.io/login,1
http://secure-click.org/tolov,1
https://dunyo.uz/banking,0
http://verify-humo.net/karta/faollashtirish,1
http://sqb-service.org/secure/login,1
http://anorbnak.org/login,1
https://bibim.uz/user/profile,0
https://soliq.uz/notifications,0
http://ip-akyulibank.kz/payment/confirm,1
https://wsj.com/privacy,0
http://anorabnk.net/secure/login,1
https://spot.uz/,0
http://ipakyuliank.net/account/verify,1
http://osonn.co/tolov,1
http://login-oson.io/auth,1
https://npmjs.com/sitemap.xml,0
https://reddit.com/help,0
https://www.ft.com/products/list,0
http://qsb.org/transfer,1
http://xaqbank.io/login,1
http://texagrobnk.ru/login,1
http://29.10.101.27/trastbank/hisob,1
https://www.customs.uz/api/v1/health,0
http://secure-texagrobank.io/secure/login,1
http://ifninbank.ru/secure/login,1
http://pochtabank-login.io/banking/login,1
https://prokuratura.uz/media,0
http://txeagrobank.co/karta/faollashtirish,1
https://economist.com/about,0
http://ipotekabankconfirm.com/banking/login,1
http://zcard.uz/banking/login,1
http://h-umo.kz/cards/activate,1
https://anorbank.uz/en,0
http://uz-apelsin.net/secure/login,1
https://spot.uz/uploads,0
http://ipakyulibank-online.io/secure/login,1
http://hamkorban.uz/verify,1
http://xalqbank-net.net/kirish,1
http://34.195.99.103/humo/payment/confirm,1
https://www.cnn.com/media,0
http://login-trastbank.uz/login?next=%2Faccount,1
https://tbcbank.uz/offers,0
https://google.com/news,0
http://aeplsin.kz/verify,1
http://upost.kz/login,1
https://www.cloud.google.com/ru/about,0
https://ipakyulibank.uz/uz/hizmatlar,0
http://tbcank.ru/cards/activate,1
https://agrobank.uz/main,0
https://reddit.com/app,0
http://ipotekab-ank.io/login,1
http://xalqabnk.co/verify,1
http://humo-secure.co/secure/login,1
https://reddit.com/register,0
http://asakabakn.org/karta/faollashtirish,1
https://www.twitter.com/login,0
https://xs.uz/faq,0
http://tbcbank.uz.payment-confirm.ru/payment/confirm,1
http://uzpost-service.org/p?redirect=true,1
https://wikipedia.org/messages,0
https://facebook.com/,0
http://aolqabank.net/banking/login,1
http://uz-payme.uz/cards/activate,1
http://tastbank.uz/p?redirect=true,1
http://login-ipakyulibank.uz/banking/login,1
http://oson-secure.kz/auth,1
http://asa-kabank.com/banking/login,1
http://8.73.146.154:8080/uzcard/login,1
https://apelsin.uz/api/v1/health,0
https://www.wordpress.com/offers,0
https://xs.uz/api,0
https://www.parlament.uz/uz/hizmatlar,0
https://yandex.uz/,0
http://asakaabnk.ru/transfer,1
https://bing.com/api/v1/health,0
http://anorbank-online.kz/karta/faollashtirish,1
http://paynet-pay.uz/verify,1
https://pochtabank.uz/category/news,0
http://nb-u.io/p?redirect=true,1
https://npmjs.com/download,0
http://217.247.228.119/pochtabank/verify,1
http://uzum-service.co/karta/faollashtirish,1
https://ijro.uz/api,0
http://umo.co/login?next=%2Faccount,1
http://payme-net.org/kirish,1
http://ape-lsin.io/banking/login,1
http://my-uzpost.org/p?redirect=true,1
https://bbc.com/transfer,0
http://uz-ipakyulibank.com/account/verify,1
https://paypal.com/static/css/main.css,0
https://www.youtube.com/analytics,0
http://xalqbank-online.net/account/verify,1
https://apelsin.uz/home,0
http://new-payme.net/tolov,1
http://secure-aloqabank.uz.phish.xyz/payment/confirm,1
https://www.amazon.com/security,0
https://theguardian.com/download,0
http://verify-anorbank.ru/karta/faollashtirish,1
https://pochta.uz/payments,0
http://new-apelsin.org/verify,1
http://tratbank.kz/hisob,1
https://netflix.com/logout,0
http://texagrobnk.co/login?next=%2Faccount,1
http://login.trastbank.uz.malicious.top/login?next=%2Faccount,1
http://saakabank.kz/payment/confirm,1
http://nifinbank.kz/kirish,1
http://a-norbank.net:9090/login,1
http://ape-lsin.co/kirish,1
https://infinbank.uz@malicious002.com/login,1
https://mf.uz/help,0
https://theguardian.com/banking,0
http://sqb-bank.kz/kirish,1
https://shopify.com/settings,0
https://www.azure.microsoft.com/messages,0
http://trastbank.ga/karta/faollashtirish,1
http://77.223.16.179/texagrobank/secure/login,1
https://paypal.com/security,0
https://e-gov.uz/about-us,0
http://official-click.com/auth,1
http://secure-tbcbank.co/hisob,1
http://anorbank.info/login,1
http://apelsin-uz.net/hisob,1
http://ipotekabank-login.com/cards/activate,1
http://aoqabank.kz/account/verify,1
http://uzum-secure.com/secure/login,1
http://ip-akyulibank.ru/kirish,1
https://license.uz/download,0
https://bloomberg.com/about-us,0
https://hub.docker.com/blog,0
https://kapitalbank.uz/history,0
https://cloud.google.com/index.html,0
https://ijro.uz/api/v1/health,0
https://sog-liqni-saqlash.uz/security,0
http://nbu-card.uz/login,1
https://ipakyulibank.uz/wiki,0
https://samdu.uz/news,0
https://tbcbank.uz/transfer,0
http://108.193.220.115:8080/asakabank/confirm,1
http://real-apelsin.kz/payment/confirm,1
https://tuit.uz/category/news,0
http://anorbank-card.io/verify,1
http://teagrobank.ru/tolov,1
https://xs.uz/banking,0
http://kapit-albank.uz/p?redirect=true,1
http://zupost.org/hisob,1
https://www.uzum.uz/api,0
http://176.73.203.75/nbu/tolov,1
https://www.nytimes.com/main,0
http://asakaban.ru/cards/activate,1
http://humo.ml/kirish,1
http://ipot-ekabank.net/confirm,1
https://pharmi.uz/about-us,0
http://asaakbank.ru/transfer,1
https://www.ft.com/products,0
http://infinbak.kz/confirm,1
http://xalqban.org/karta/faollashtirish,1
http://254.51.188.155/texagrobank/hisob,1
https://xb.uz/wiki,0
https://dunyo.uz/media,0
http://payn-et.uz/account/verify,1
https://www.azure.microsoft.com/support,0
http://payme-uz.kz/auth,1
https://linkedin.com/about-us,0
http://132.229.77.179/humo/kirish,1
http://paynet-online.com/verify,1
http://aloqab-ank.uz/transfer,1
http://kapitlbank.uz/hisob,1
https://uzum.uz/blog,0
http://pochtabanktasdiqlash.com/p?redirect=true,1
http://tbcbak.io/verify,1
http://kapitlbank.co/login?next=%2Faccount,1
http://xalqbak.com/login,1
https://uzcard.uz/messages,0
http://trastbankkirish.com/payment/confirm,1
https://samdu.uz/app,0
https://yahoo.com/news,0
http://verify-aloqabank.co/account/verify,1
http://asak-abank.ru/hisob,1
http://ipotekabank-bank.io/hisob,1
http://login.uzum.uz.malicious.top/transfer,1
https://theguardian.com/privacy,0
https://tbcbank.uz/,0
https://www.developer.mozilla.org/settings,0
http://login-uzpost.uz/cards/activate,1
https://samdu.uz/media,0
http://paymehisob.com/login?next=%2Faccount,1
http://anorbank-uz.com/login,1
https://gazeta.uz/uz,0
http://texagrobank-secure.ru/login?next=%2Faccount,1
http://official-click.uz/account/verify,1
http://ipotek-abank.uz/secure/login,1
https://president.uz/api/v1/health,0
https://www.yahoo.com/index.html,0
https://github.com/support,0
https://president.uz/robots.txt,0
http://ipotekabank-login.uz/transfer,1
https://xalqbank.uz/sitemap.xml,0
https://mdis.uz/notifications,0
http://tbcbankk.io/tolov,1
https://uzum.uz/2024/,0
http://uzu-m.io/banking/login,1
https://reuters.com/transfer,0
https://www.kapitalbank.uz/wiki,0
https://mytaxi.uz/home,0
http://click-service.kz/verify,1
http://paynet-service.kz/payment/confirm,1
http://sf14pn1qy8ecv84xvdn0a5.buzz/login,1
https://dropbox.com/api,0
http://new-hamkorbank.org/account/verify,1
http://click-card.com/confirm,1
http://171.208.216.180:8080/infinbank/transfer,1
http://real-humo.kz/transfer,1
http://os-on.kz/verify,1
http://xalqbank-service.com/cards/activate,1
https://mf.uz/report,0
http://p4yn3t.uz/auth,1
https://netflix.com/uz,0
https://instagram.com/banking,0
http://trast-bank.co/karta/faollashtirish,1
http://ipakyulibank-online.org/account/verify,1
http://piotekabank.ru/account/verify,1
https://edu.uz/contact,0
https://stripe.com/analytics,0
https://uzcard.uz/settings,0
https://court.uz/security,0
https://www.click.uz/terms,0
http://paymelogin.com/tolov,1
http://aloqabank-online.net/p?redirect=true,1
http://uzpost-uz.com/login?next=%2Faccount,1
http://ipakyulibank-uz.net/banking/login,1
https://ijro.uz/user/profile,0
http://official-payme.co/p?redirect=true,1
https://www.docs.python.org/category/news,0
http://apelsin-uz.verify-account.net/hisob,1
http://uzpost-online.com/account/verify,1
http://akpitalbank.org/hisob,1
https://gov.uz/login,0
http://asakabnk.io/account/verify,1
http://hamkobank.uz/p?redirect=true,1
http://uzpot.kz/karta/faollashtirish,1
http://uhmo.io/auth,1
http://click-bank.co/p?redirect=true,1
https://tsue.uz/cards,0
http://agorbank.io/tolov,1
http://uzum-card.co/secure/login,1
https://soliq.uz/services,0
http://online-sqb.ru/p?redirect=true,1
https://tma.uz/home,0
http://infinbakn.ru/banking/login,1
http://agorbank.ru/kirish,1
https://yoshlar.uz/history,0
https://sqb.uz/notifications,0
https://oson.uz/logout,0
http://asakbank.org/auth,1
https://reuters.com/news,0
http://agrobank-online.net/login?next=%2Faccount,1
https://my.gov.uz/dashboard,0
https://uzcard.uz/products,0
https://sqb.uz/faq,0
https://www.netflix.com/logout,0
http://181.107.250.195/uzcard/transfer,1
http://oson-secure.ru/verify,1
http://trasbank.kz/cards/activate,1
http://texa-grobank.uz/account/verify,1
https://uzinfocom.uz/dashboard,0
http://huo.net/payment/confirm,1
http://secure-tbcbank.net/p?redirect=true,1
http://uzpostsecure.com/hisob,1
https://economist.com/privacy,0
http://nbu-service.org/transfer,1
http://online-ipakyulibank.net/login,1
http://uzum-secure.uz/payment/confirm,1
http://hamkrbank.org/transfer,1
http://yvakxlug0n.ml/hisob,1
https://dropbox.com/report,0
http://p-aynet.com/transfer,1
http://kapitalb-ank.uz/account/verify,1
http://pochtabank-net.com/login?next=%2Faccount,1
https://kun.uz/category/news,0
http://ipakyuilbank.kz/secure/login,1
https://dunyo.uz/login,0
http://texargobank.kz/karta/faollashtirish,1
http://vd98xowd06.ga/p?redirect=true,1
http://agroban.io/cards/activate,1
https://tma.uz/en/services,0
http://229.98.59.239:8080/uzcard/p?redirect=true,1
https://yahoo.com/api/v1/health,0
https://www.bibim.uz/user/profile,0
https://tma.uz/profile,0
https://kubernetes.io/,0
https://aloqabank.uz/products/list,0
http://uzpsot.ru/cards/activate,1
https://www.oson.uz/login,0
http://click-account.com/transfer,1
http://uz-nbu.co/payment/confirm,1
http://hamkorbank-login.io/login?next=%2Faccount,1
http://clickaccount.com/login?next=%2Faccount,1
http://aloqabank-2024.kz/login,1
https://mdis.uz/contact,0
http://aloqabank-2024.co/tolov,1
http://ipakyulbank.org/p?redirect=true,1
http://sqb-online.co/banking/login,1
http://payme-secure.co/login?next=%2Faccount,1
http://login-oson.org/login,1
https://ft.com/,0
http://verify-humo.com/transfer,1
http://axlqbank.io/karta/faollashtirish,1
https://tsue.uz/privacy,0
http://237.42.48.152:8080/apelsin/banking/login,1
https://stripe.com/media,0
http://login-click.co/auth,1
http://ipakyuliban-k.io/account/verify,1
https://www.outlook.com/en,0
http://my-payme.ru/cards/activate,1
https://docs.python.org/about,0
https://twitter.com/api/v1/health,0
https://yandex.uz/settings,0
http://xalqbak.ru/account/verify,1
http://apelin.com/login,1
http://ipakyuilbank.uz/tolov,1
https://bloomberg.com/app,0
http://ipakyulibank.gq/transfer,1
http://real-uzpost.net/login,1
http://sqbb.net/verify,1
http://ifninbank.org/login?next=%2Faccount,1
http://infinbank-login.com/confirm,1
http://trastban.com/banking/login,1
https://www.kapitalbank.uz/notifications,0
http://anorb-ank.net/secure/login,1
http://real-payme.net/verify,1
http://pohctabank.ru/transfer,1
https://ipakyulibank.uz@malicious012.com/login,1
http://oso-n.io/verify,1
https://www.amazon.com/report,0
https://hub.docker.com/home,0
http://trastbank-service.uz/login?next=%2Faccount,1
http://uzp05t.net/transfer,1
https://pharmi.uz/faq,0
http://k5g336wderu.info/login?next=%2Faccount,1
https://adobe.com/help,0
https://wikipedia.org/2024/,0
http://aloqabank-online.com/banking/login,1
http://a-norbank.net:8443/login,1
https://science.org/dashboard,0
https://asakabank.uz/index.html,0
https://zoom.us/security,0
http://official-infinbank.com/tolov,1
https://my.gov.uz/user/profile,0
https://sqb.uz/,0
https://stat.uz/index.html,0
http://best-xalqbank.org/payment/confirm,1
http://anor-bank.ru/login?next=%2Faccount,1
http://cilck.io/auth,1
http://asakabankkirish.com/auth,1
http://infinbak.org/kirish,1
http://kapitalbak.org/account/verify,1
http://uz-trastbank.uz/payment/confirm,1
https://click.uz/ru,0
https://www.aws.amazon.com/uz/hizmatlar,0
http://uzpostt.ru/login?next=%2Faccount,1
https://uzinfocom.uz/login,0
https://gmail.com/help,0
http://humo-login.io/kirish,1
http://asakaabnk.com/banking/login,1
http://my-anorbank.ru/auth,1
https://kommersant.uz/terms,0
http://texgarobank.net/p?redirect=true,1
https://kommersant.uz/search,0
http://hamkorbnak.co/transfer,1
http://login-kapitalbank.org/login,1
https://kun.uz/privacy,0
http://uzum-online.kz/karta/faollashtirish,1
http://ipotekabank.gq/tolov,1
http://ipotekabanktasdiqlash.com/confirm,1
https://www.sputniknews.uz/home,0
https://bbc.com/docs,0
http://tbc-bank.kz/login,1
http://apelsin.ml/login?next=%2Faccount,1
http://online-sqb.kz/p?redirect=true,1
http://qsb.ru/karta/faollashtirish,1
http://asakaba-nk.uz/transfer,1
https://anorbank.uz/products/list,0
https://mytaxi.uz/api,0
http://humoverify.com/hisob,1
https://facebook.com/transfer,0
https://www.soliq.uz/notifications,0
https://linkedin.com/settings,0
https://apelsin.uz/products/list,0
http://uzpostverify.com/p?redirect=true,1
http://login-texagrobank.ru/transfer,1
http://pochtabank-2024.com/auth,1
https://zamin.uz/help,0
http://login-asakabank.io/transfer,1
http://168.110.250.171/ipakyulibank/secure/login,1
https://yandex.uz/analytics,0
https://bibim.uz/blog,0
http://new-oson.org/payment/confirm,1
http://hmuo.io/secure/login,1
http://infinank.net/banking/login,1
http://paymee.com/cards/activate,1
http://my-trastbank.kz/verify,1
http://ipakyulibank-bank.co/account/verify,1
http://anorbank-net.kz/secure/login,1
https://interfax.uz/app,0
http://infinban-k.com/confirm,1
http://askaabank.com/confirm,1
http://clcik.ru/banking/login,1
http://ha-mkorbank.co/tolov,1
http://new-click.com/banking/login,1
http://official-tbcbank.kz/p?redirect=true,1
https://infinbank.uz@malicious012.com/login,1
http://clickk.com/hisob,1
https://microsoft.com/category/services,0
https://uznet.uz/help,0
http://panyet.com/verify,1
https://tbcbank.uz/robots.txt,0
http://152.178.22.63/pochtabank/karta/faollashtirish,1
https://www.developer.mozilla.org/history,0
http://official-payme.net/karta/faollashtirish,1
https://president.uz/services,0
http://kapitalbanksecure.com/transfer,1
https://paynet.uz/security,0
http://tarstbank.uz/tolov,1
https://reuters.com/home,0
https://www.youtube.com/notifications,0
http://infibank.net/secure/login,1
https://netflix.com/ru,0
http://asakabank-bank.org/verify,1
http://trastbank-login.ru/banking/login,1
http://zpost.ru/secure/login,1
https://www.youtube.com/terms,0
http://official-paynet.co/login,1
http://texarobank.uz/p?redirect=true,1
https://tsue.uz/main,0
http://sxj2j4i9ym.buzz/auth,1
https://ebay.com/about-us,0
http://hisob-asakabank.uz/banking/login,1
https://mdis.uz/media,0
http://secure-infinbank.uz/kirish,1
http://pa-ynet.com/tolov,1
http://tasdiqlash-sqb.uz/p?redirect=true,1
http://secure-uzcard.co/account/verify,1
http://pchtabank.net/auth,1
https://mehnat.uz/wiki,0
https://xalqbank.uz/profile,0
http://official-apelsin.io/p?redirect=true,1
https://www.customs.uz/payments,0
http://infi-nbank.io/verify,1
http://anorbankxavfsiz.com/cards/activate,1
http://201.124.174.10:8080/click/auth,1
http://42.172.67.195:8080/uzcard/karta/faollashtirish,1
https://xalqbank.uz/blog,0
https://humo.uz/main,0
http://oon.org/payment/confirm,1
http://ipotekabank-2024.com/auth,1
http://pochta-bank.co/cards/activate,1
http://ipakyulibank-kirish.com/cards/activate,1
https://www.economist.com/settings,0
http://uzpost-bank.co/karta/faollashtirish,1
http://tras-tbank.com/confirm,1
http://anorbnk.ru/login,1
http://xalqbanktasdiqlash.com/verify,1
https://shopify.com/uploads,0
https://zamin.uz/notifications,0
http://107.231.110.250/humo/p?redirect=true,1
https://agrobank.uz/sitemap.xml,0
http://kaptialbank.ru/verify,1
https://tma.uz/settings,0
http://kapitalbakn.org/tolov,1
http://login-apelsin.net/karta/faollashtirish,1
https://google.com/about,0
http://verify-xalqbank.io/p?redirect=true,1
https://xs.uz/mobile,0
https://ijro.uz/ru/about,0
http://k-apitalbank.ru/secure/login,1
https://bloomberg.com/api/v1/health,0
http://infinbank-secure.ru/hisob,1
http://145.231.88.244/uzcard/login,1
https://www.edu.uz/home,0
http://ip-otekabank.kz/login,1
http://hamkorbank-login.org/hisob,1
http://online-texagrobank.org/auth,1
http://secure-oson.co/tolov,1
http://best-texagrobank.uz/banking/login,1
http://humo-net.io/p?redirect=true,1
http://login-hamkorbank.com/p?redirect=true,1
http://uzum-service.net/tolov,1
http://secure-uzcard.com/verify,1
http://ape-lsin.co/p?redirect=true,1
https://cnn.com/home,0
https://payme.uz/ru/about,0
https://www.podrobno.uz/profile,0
http://online-aloqabank.org/p?redirect=true,1
https://dunyo.uz/search,0
http://tbcabnk.uz/login?next=%2Faccount,1
http://humo-2024.net/kirish,1
http://nbu.uz@malicious004.com/kirish,1
http://hamkorbank-online.uz/auth,1
https://license.uz/messages,0
http://umo.kz/transfer,1
https://www.dunyo.uz/terms,0
https://www.qalampir.uz/profile,0
http://xal-qbank.uz/secure/login,1
http://nbu-2024.io/transfer,1
https://nbu.uz/report,0
https://www.visa.com/static/css/main.css,0
http://oosn.com/auth,1
http://online-nbu.kz/confirm,1
http://uz-post.uz/tolov,1
https://www.ems.uz/banking,0
http://login-humo.kz/payment/confirm,1
https://youtube.com/login,0
https://www.hub.docker.com/search,0
https://www.theguardian.com/uz,0
https://www.ipotekabank.uz/media,0
http://73.173.193.83:8080/ipakyulibank/login?next=%2Faccount,1
https://www.nbu.uz/docs,0
http://apelsi-n.io/account/verify,1
http://aloqaabnk.ru/login,1
http://infinbank-card.co/auth,1
https://parlament.uz/media,0
https://mytaxi.uz/news,0
http://click-secure.ru/account/verify,1
http://uzpst.net/karta/faollashtirish,1
https://www.nature.com/main,0
https://www.pypi.org/sitemap.xml,0
http://anorbak.com/banking/login,1
https://www.ft.com/api/v1/health,0
http://verify-uzpost.net/kirish,1
https://paynet.uz/home,0
https://yoshlar.uz/sitemap.xml,0
http://ipotekabakn.co/login?next=%2Faccount,1
https://www.kubernetes.io/en/services,0
http://payn-et.com/karta/faollashtirish,1
http://my-aloqabank.net/verify,1
http://aloqabank-uz.uz/payment/confirm,1
http://oson.uz@malicious001.com/kirish,1
http://uzu.ru/auth,1
https://court.uz/uploads,0
https://e-gov.uz/logout,0
http://tbcbank-secure.io/login,1
http://trastbank-uz.net/account/verify,1
http://asakbank.com/login,1
http://lcick.ru/p?redirect=true,1
http://verify-trastbank.org/tolov,1
http://uz-card.org/secure/login,1
http://ha-mkorbank.com/auth,1
http://uzcard-online.ru/tolov,1
http://official-click.org/payment/confirm,1
https://www.dunyo.uz/offers,0
http://umo.ru/account/verify,1
https://texagrobank.uz/contact,0
http://132.229.77.179:8080/humo/kirish,1
http://payet.ru/account/verify,1
http://230.4.196.30/asakabank/tolov,1
https://prokuratura.uz/ru,0
https://slack.com/docs,0
https://www.ems.uz/about-us,0
https://trastbank.uz/ru/about,0
https://wikipedia.org/api/v1/health,0
http://official-aloqabank.kz/cards/activate,1
https://paypal.com/about-us,0
http://uzcard-uz.kz/karta/faollashtirish,1
https://apple.com/register,0
https://mastercard.com/home,0
http://infinbank-secure.co/cards/activate,1
http://194.145.170.165/anorbank/verify,1
http://as-akabank.co/auth,1
http://ipakyulibank.info/payment/confirm,1
http://infinbank-card.uz/banking/login,1
https://bing.com/cards,0
http://verify-asakabank.co/login,1
http://iptoekabank.io/hisob,1
http://170.179.252.251:8080/infinbank/cards/activate,1
http://tbcbnak.org/verify,1
https://www.instagram.com/register,0
http://183.16.167.57:8080/xalqbank/tolov,1
http://16.215.245.127:8080/sqb/verify,1
http://uzpsot.net/tolov,1
http://xalqank.uz/cards/activate,1
https://oson.uz/privacy,0
http://clic.kz/secure/login,1
http://oson-net.net/payment/confirm,1
https://pypi.org/ru/about,0
https://microsoft.com/2024/,0
http://alqoabank.ru/hisob,1
http://my-paynet.ru/secure/login,1
http://paynt.co/auth,1
https://www.uza.uz/faq,0
https://bing.com/messages,0
https://daryo.uz/uploads,0
https://mehnat.uz/faq,0
http://aloaqbank.com/auth,1
https://www.qalampir.uz/notifications,0
http://official-tbcbank.org/cards/activate,1
http://aloqbank.io/transfer,1
https://economist.com/category/news,0
https://soliq.uz/api/v1/health,0
http://ipotek-abank.org/confirm,1
http://texagrob-ank.net/hisob,1
https://www.science.org/category/services,0
http://official-humo.co/tolov,1
https://humans.uz/download,0
http://official-kapitalbank.kz/cards/activate,1
http://secure-kapitalbank.kz/transfer,1
https://yahoo.com/report,0
http://agroba-nk.kz/p?redirect=true,1
http://126.153.37.2/ipotekabank/banking/login,1
https://gazeta.uz/transfer,0
http://new-agrobank.io/payment/confirm,1
http://uzpost.tk/kirish,1
https://sqb.uz/profile,0
http://my-nbu.org/p?redirect=true,1
http://aorbank.io/verify,1
https://oson.uz/payments,0
http://clik.io/payment/confirm,1
https://trastbank.uz/about,0
https://trastbank.uz/sitemap.xml,0
https://www.kommersant.uz/support,0
https://soliq.uz/support,0
https://wix.com/main,0
https://www.parlament.uz/faq,0
https://www.uzb.uz/profile,0
https://asakabank.uz@malicious002.com/login,1
http://nbuu.kz/karta/faollashtirish,1
http://kapitlabank.co/p?redirect=true,1
http://real-humo.io/,1
https://www.ipakyulibank.uz/2024/,0
http://163.92.22.184:8080/aloqabank/payment/confirm,1
https://nature.com/terms,0
http://p4ym3.net/login?next=%2Faccount,1
http://192.202.134.222:8080/kapitalbank/verify,1
http://my-texagrobank.com/cards/activate,1
http://tratbank.com/karta/faollashtirish,1
https://xb.uz/settings,0
http://ip-akyulibank.org/transfer,1
https://www.wordpress.com/category/news,0
http://trastbank-login.net/confirm,1
http://pochtaba-nk.uz/login,1
http://paynet.uz.login-secure.com/verify,1
http://my-sqb.uz/account/verify,1
http://txagrobank.com/cards/activate,1
https://yoshlar.uz/static/css/main.css,0
http://uzum.ga/p?redirect=true,1
http://kapitalabnk.io/payment/confirm,1
http://uzcard-net.ru/cards/activate,1
https://yahoo.com/,0
https://nature.com/logout,0
http://paynet.click/cards/activate,1
http://payme-bank.io/kirish,1
http://asakabank-service.kz/tolov,1
https://tuit.uz/services,0
http://best-agrobank.io/account/verify,1
https://www.dunyo.uz/uz/hizmatlar,0
http://rastbank.co/secure/login,1
http://my-tbcbank.kz/tolov,1
http://best-apelsin.co/verify,1
http://222.57.146.165/texagrobank/verify,1
https://samdu.uz/help,0
https://ems.uz/about-us,0
http://tbcbank-card.org/transfer,1
https://twitter.com/report,0
http://clic.org/payment/confirm,1
https://www.reuters.com/contact,0
https://www.uza.uz/media,0
https://www.wsj.com/terms,0
http://iapkyulibank.org/confirm,1
http://my-xalqbank.org/secure/login,1
http://ipoteakbank.uz/hisob,1
http://oson-card.com/secure/login,1
https://pharmi.uz/category/services,0
http://asakaank.co/verify,1
https://shopify.com/home,0
https://soliq.uz/,0
http://tcbbank.uz/secure/login,1
https://mastercard.com/category/services,0
https://www.edu.uz/user/profile,0
https://texagrobank.uz/sitemap.xml,0
http://secure-xalqbank.net/confirm,1
https://pochtabank.uz/banking,0
http://c-lick.net/transfer,1
https://epay.uz/services,0
https://kapitalbank.uz/security,0
http://online-uzum.co/karta/faollashtirish,1
http://agrobnk.com/cards/activate,1
http://anorbankk.ru/p?redirect=true,1
https://www.apelsin.uz/login,0
http://official-xalqbank.kz/account/verify,1
http://uzpost-pay.io/transfer,1
http://infinbnk.ru/cards/activate,1
http://payme-service.co/hisob,1
http://uz-pochtabank.kz/confirm,1
http://humo-2024.co/account/verify,1
https://www.payme.uz/home,0
http://uzum-card.io/confirm,1
http://txeagrobank.ru/login?next=%2Faccount,1
http://login-agrobank.co/hisob,1
http://anorbank.uz@malicious007.com/kirish,1
https://uzcard.uz@malicious002.com/login,1
https://www.cloudflare.com/2024/,0
http://anorbank-pay.com/login,1
http://tbbcank.io/banking/login,1
https://nature.com/faq,0
http://uzpost-online.io/auth,1
http://apelsin-pay.co/secure/login,1
http://login-asakabank.org/,1
https://tbcbank.uz/dashboard,0
https://spot.uz/support,0
http://246.175.201.232/paynet/auth,1
https://amazon.com/app,0
https://epay.uz/register,0
http://infinbank-net.net/confirm,1
https://tbcbank.uz/logout,0
https://soliq.uz/category/services,0
https://www.qalampir.uz/en/services,0
http://239.155.251.22:8080/click/secure/login,1
http://147.208.156.126:8080/asakabank/verify,1
http://ipotekaban-k.co/karta/faollashtirish,1
http://ipakyulibakn.uz/secure/login,1
http://uz-um.uz/tolov,1
http://online-infinbank.co/verify,1
http://ipotekabank-login.org/verify,1
https://forbes.com/settings,0
http://sqb-card.kz/hisob,1
https://ipakyulibank.uz/notifications,0
https://tma.uz/docs,0
http://paelsin.io/p?redirect=true,1
http://secure-payme.uz.phish.xyz/hisob,1
http://my-texagrobank.kz/kirish,1
https://www.uznet.uz/products/list,0
http://ipotekabank.online/hisob,1
https://yandex.uz/blog,0
http://183.127.228.135/agrobank/auth,1
https://www.facebook.com/index.html,0
http://ipakulibank.net/tolov,1
http://new-asakabank.org/hisob,1
http://official-ipotekabank.org/account/verify,1
http://verify-humo.co/account/verify,1
http://cli-ck.uz/cards/activate,1
https://www.azure.microsoft.com/index.html,0
http://235.252.1.222/infinbank/secure/login,1
http://texagrobak.com/tolov,1
http://my-aloqabank.io/p?redirect=true,1
http://aloqabak.co/auth,1
https://pochta.uz/home,0
https://google.com/login,0
http://nbu-secure.io/transfer,1
https://www.wordpress.com/logout,0
http://agrobank.gq/login,1
https://mdis.uz/uz/hizmatlar,0
http://agrobank-service.co/hisob,1
http://pcohtabank.uz/karta/faollashtirish,1
https://www.wikipedia.org/en,0
https://uza.uz/uploads,0
http://uzcard-login.uz/transfer,1
https://tbcbank.uz/search,0
https://www.uzb.uz/docs,0
http://uzum-secure.com/login,1
http://hmkorbank.io/secure/login,1
http://sqb.cf/confirm,1
http://kapitalbank.uz@malicious013.com/kirish,1
https://interfax.uz/support,0
https://pochta.uz/category/news,0
https://qalampir.uz/analytics,0
http://my-apelsin.net/tolov,1
https://www.apple.com/logout,0
http://ipakyulbiank.net/karta/faollashtirish,1
https://edu.uz/home,0
https://www.uzb.uz/products,0
https://www.president.uz/blog,0
https://www.ebay.com/settings,0
http://uzcard-2024.uz/banking/login,1
http://anorbank-online.net/cards/activate,1
https://www.e-gov.uz/uploads,0
http://tbcba-nk.org/tolov,1
https://www.tma.uz/static/css/main.css,0
https://www.tbcbank.uz/offers,0
http://ka-pitalbank.net/hisob,1
http://232.88.170.219:8080/sqb/auth,1
https://asakabank.uz/services,0
http://verify-payme.io/auth,1
http://108.252.58.241/sqb/tolov,1
http://paynet-online.uz/auth,1
http://uz-kapitalbank.ru/banking/login,1
http://asakabank-service.net/tolov,1
http://kapitabank.com/tolov,1
http://verify-paynet.co/auth,1
https://www.wix.com/mobile,0
http://my-kapitalbank.io/p?redirect=true,1
https://hub.docker.com/support,0
https://tma.uz/sitemap.xml,0
http://183.246.107.75/payme/banking/login,1
http://online-oson.uz/verify,1
http://vvls3gxk8k46qe0mc.click/confirm,1
http://panyet.net/verify,1
https://www.podrobno.uz/register,0
https://uzinfocom.uz/home,0
http://uz-nbu.kz/cards/activate,1
https://podrobno.uz/static/css/main.css,0
http://pyanet.co/login,1
http://177.247.229.59:8080/uzpost/account/verify,1
https://ebay.com/notifications,0
http://tbcbank-online.org/confirm,1
http://tratbank.net/kirish,1
https://customs.uz/contact,0
http://ipakuylibank.net/login?next=%2Faccount,1
http://saakabank.org/account/verify,1
https://www.nbu.uz/category/services,0
http://paynet.cf/cards/activate,1
http://payne-t.kz/karta/faollashtirish,1
http://texagrobank-secure.co/verify,1
http://m21ucrg0gx7jbwwn7.site/verify,1
http://242.182.29.203/hamkorbank/auth,1
http://pocthabank.uz/auth,1
https://www.google.com/robots.txt,0
http://uz-infinbank.org/auth,1
http://humo.uz@malicious011.com/kirish,1
https://www.tsue.uz/api/v1/health,0
http://90.87.68.115/agrobank/secure/login,1
https://ebay.com/search,0
https://www.soliq.uz/faq,0
http://aorbank.uz/banking/login,1
http://53.157.217.77/ipakyulibank/verify,1
https://www.bing.com/cards,0
https://www.tdiu.uz/media,0
https://e-gov.uz/user/profile,0
http://anorbakn.uz/transfer,1
http://verify-payme.co/account/verify,1
http://xalqbank.gq/payment/confirm,1
http://tbcban.uz/p?redirect=true,1
http://texagrobank-2024.org/hisob,1
https://www.trastbank.uz/support,0
https://www.tdiu.uz/products,0
https://nbu.uz/help,0
https://apple.com/login,0
https://aws.amazon.com/app,0
http://tarstbank.kz/login?next=%2Faccount,1
http://real-apelsin.ru/confirm,1
http://secure-humo.org/hisob,1
https://humo.uz/register,0
http://an-orbank.io/p?redirect=true,1
http://login-ipakyulibank.org/auth,1
https://science.org/products,0
http://best-texagrobank.com/transfer,1
https://uzum.uz/privacy,0
http://142.95.74.104:8080/oson/verify,1
https://www.tbcbank.uz/index.html,0
http://official-payme.io/confirm,1
http://ipotekabank-login.kz/kirish,1
http://aloqabank-2024.io/banking/login,1
http://kapitalbank-2024.net/confirm,1
http://humo-secure.org/banking/login,1
http://sqb-2024.kz/banking/login,1
http://secure-oson.kz/banking/login,1
http://verify-trastbank.net/auth,1
http://ip-otekabank.co/hisob,1
https://slack.com/services,0
http://uz-ipotekabank.net/verify,1
http://uz-infinbank.ru/login,1
https://pochtabank.uz@malicious010.com/login,1
http://new-texagrobank.uz/login,1
http://410q4b4nk.org/login?next=%2Faccount,1
http://texagrobak.net/tolov,1
https://stat.uz/products/list,0
http://tbcbankkirish.com/p?redirect=true,1
http://115.155.50.188/uzum/cards/activate,1
http://sqb-bank.org/payment/confirm,1
https://science.org/logout,0
http://hamkorbank-secure.co/confirm,1
http://xalqbank-login.io/auth,1
https://oson.uz/help,0
http://uzcar-d.com/verify,1
https://xs.uz/uploads,0
http://uz-anorbank.net/auth,1
http://ipakyulibank-pay.kz/p?redirect=true,1
http://best-nbu.uz/confirm,1
http://agorbank.org/account/verify,1
http://aloqaba-nk.org/tolov,1
https://dropbox.com/home,0
http://4gr0b4nk.io/banking/login,1
https://dropbox.com/uz/hizmatlar,0
https://nbu.uz/robots.txt,0
https://www.uznet.uz/about-us,0
http://uzpost-login.co/auth,1
https://e-gov.uz/docs,0
https://pochtabank.uz/settings,0
http://89.36.85.131:8080/kapitalbank/transfer,1
https://parlament.uz/services,0
https://pochta.uz/offers,0
https://qalampir.uz/payments,0
https://nytimes.com/api/v1/health,0
https://slack.com/cards,0
http://35.138.15.223/uzum/payment/confirm,1
http://exagrobank.uz/login?next=%2Faccount,1
http://o-son.co/kirish,1
http://pochtabank-uz.net/p?redirect=true,1
http://ipoetkabank.net/p?redirect=true,1
https://www.prokuratura.uz/payments,0
http://infnibank.net/cards/activate,1
http://grobank.kz/verify,1
http://confirm-hamkorbank.uz/kirish,1
http://login-hamkorbank.io/karta/faollashtirish,1
https://sputniknews.uz/history,0
http://saakabank.ru/account/verify,1
http://sqb-secure.net/login?next=%2Faccount,1
https://visa.com/offers,0
http://official-infinbank.net/karta/faollashtirish,1
http://new-asakabank.ru/login?next=%2Faccount,1
http://180.46.222.136:8080/ipakyulibank/payment/confirm,1
http://nbu-pay.co/tolov,1
https://www.spot.uz/home,0
https://www.gov.uz/analytics,0
http://inifnbank.kz/login,1
http://infinbank-login.uz/kirish,1
http://q7j92d3cbiwmrwmtx8xl.online/banking/login,1
http://payn-et.org/hisob,1
https://tsue.uz/2024/,0
https://mytaxi.uz/ru/about,0
http://pochtabakn.com/banking/login,1
http://ipotekabank-online.org/login,1
http://pochtabak.io/hisob,1
https://www.nbu.uz/history,0
https://www.yandex.uz/banking,0
http://nia3f5zcxsc.ml/banking/login,1
http://h4mk0rb4nk.uz/payment/confirm,1
https://president.uz/cards,0
http://xalqban.com/login?next=%2Faccount,1
https://github.com/profile,0
https://www.kun.uz/ru/about,0
http://infi-nbank.net/login?next=%2Faccount,1
http://uzcardsecure.com/kirish,1
https://www.stackoverflow.com/messages,0
http://trastbank-online.co/login,1
https://zamin.uz/mobile,0
http://ipakyulibank.cf/account/verify,1
http://my-uzum.uz/payment/confirm,1
https://www.ijro.uz/offers,0
http://nfinbank.io/login,1
https://apelsin.uz/blog,0
http://real-uzum.com/p?redirect=true,1
https://www.qalampir.uz/media,0
http://best-uzpost.com/verify,1
http://texagr-obank.uz/verify,1
http://apelsni.net/karta/faollashtirish,1
http://tbcbank-uz.net/p?redirect=true,1
http://xalqbank-online.ru/banking/login,1
http://agrobank-secure.co/p?redirect=true,1
http://humo-uz.ru/login,1
https://ems.uz/banking,0
http://askabank.kz/auth,1
http://uz-trastbank.net/cards/activate,1
http://payne-t.ru/hisob,1
http://best-trastbank.com/secure/login,1
http://login-kapitalbank.uz/confirm,1
http://click-online.co/transfer,1
http://hisob-kapitalbank.uz/account/verify,1
http://201.133.78.138/pochtabank/karta/faollashtirish,1
http://ucard.net/secure/login,1
https://wix.com/robots.txt,0
http://oson-2024.uz/transfer,1
https://nature.com/services,0
https://www.uzum.uz/contact,0
http://uz-agrobank.ru/kirish,1
http://xalbqank.uz/confirm,1
http://xalqb-ank.uz/cards/activate,1
http://new-uzcard.io/tolov,1
http://real-texagrobank.io/p?redirect=true,1
https://aws.amazon.com/cards,0
http://login-payme.net/confirm,1
http://sqbb.net/p?redirect=true,1
http://203.111.99.22/aloqabank/login?next=%2Faccount,1
https://mastercard.com/en/services,0
http://official-click.ru/tolov,1
http://uzcard-xavfsiz.com/confirm,1
http://tbcank.ru/banking/login,1
https://cloudflare.com/transfer,0
https://bbc.com/help,0
http://payme-secure.io/payment/confirm,1
https://paypal.com/en/services,0
https://npmjs.com/static/css/main.css,0
https://www.github.com/report,0
https://pochtabank.uz/contact,0
http://aloqabank.info/confirm,1
http://tbcbank-login.io/hisob,1
https://oson.uz/static/css/main.css,0
https://edu.uz/analytics,0
https://tbcbank.uz/analytics,0
https://azure.microsoft.com/home,0
http://pochtabank-net.co/login,1
https://texagrobank.uz/en,0
https://e-gov.uz/mobile,0
https://gov.uz/index.html,0
https://aws.amazon.com/history,0
http://secure-ipotekabank.uz/transfer,1
http://aakabank.net/tolov,1
https://samdu.uz/docs,0
https://www.office.com/index.html,0
http://infinabnk.co/transfer,1
https://wsj.com/logout,0
http://infinbank-login.co/payment/confirm,1
http://verify-oson.org/kirish,1
https://humans.uz/about-us,0
http://kapitalbank-secure.uz/kirish,1
https://yandex.uz/about,0
http://oson-login.ru/karta/faollashtirish,1
http://143.208.25.53:8080/humo/karta/faollashtirish,1
http://my-trastbank.net/login?next=%2Faccount,1
http://hamkobrank.uz/secure/login,1
http://paynet-2024.io/karta/faollashtirish,1
http://new-agrobank.org/login,1
http://alqbank.co/confirm,1
http://agrobankpay.com/cards/activate,1
https://www.shopify.com/products/list,0
https://tsue.uz/category/news,0
https://payme.uz/profile,0
http://hamkorbankk.org/transfer,1
https://anorbank.uz@malicious008.com/login,1
http://verify-paynet.com/login?next=%2Faccount,1
https://wsj.com/register,0
http://new-paynet.ru/karta/faollashtirish,1
http://my-humo.kz/kirish,1
https://www.podrobno.uz/docs,0
https://qalampir.uz/uz,0
https://www.cloud.google.com/api,0
http://online-paynet.io/karta/faollashtirish,1
https://www.kubernetes.io/uz/hizmatlar,0
http://login-uzcard.net/transfer,1
http://aaskabank.net/account/verify,1
https://ipotekabank.uz/sitemap.xml,0
http://asakab-ank.net/account/verify,1
https://ipotekabank.uz/terms,0
https://linkedin.com/download,0
http://sqb-2024.uz/account/verify,1
http://tratbank.com/login,1
http://official-ipotekabank.com/account/verify,1
http://texgrobank.uz/p?redirect=true,1
http://paynet-bank.ru/karta/faollashtirish,1
http://official-agrobank.uz/tolov,1
http://verify-paynet.org/p?redirect=true,1
https://theguardian.com/user/profile,0
https://sputniknews.uz/ru/about,0
https://www.payme.uz/media,0
https://yandex.uz/news,0
https://www.epay.uz/index.html,0
https://www.wix.com/uploads,0
http://kapitalbank-bank.ru/transfer,1
http://best-uzum.net/banking/login,1
https://mastercard.com/2024/,0
http://158.157.222.36/uzpost/verify,1
https://qalampir.uz/api,0
http://uz-um.kz/karta/faollashtirish,1
http://pochtaban.co/secure/login,1
http://pochtabank.site/cards/activate,1
https://president.uz/register,0
https://amazon.com/logout,0
http://infinbank-online.com:3000/login,1
https://yahoo.com/about-us,0
http://saakabank.co/secure/login,1
https://cnn.com/robots.txt,0
https://www.nuu.uz/ru/about,0
https://cnn.com/cards,0
http://ipakuylibank.io/payment/confirm,1
https://github.com/ru,0
http://official-oson.net/login,1
https://azure.microsoft.com/security,0
http://clikc.uz/payment/confirm,1
http://anorbank-uz.org/confirm,1
http://asakabankk.net/payment/confirm,1
http://asa-kabank.ru/auth,1
http://official-aloqabank.org/banking/login,1
http://aloqabank-bank.uz/banking/login,1
https://edu.uz/index.html,0
http://my-trastbank.co/cards/activate,1
https://spot.uz/payments,0
http://107.219.167.56:8080/paynet/payment/confirm,1
http://uzca-rd.org/confirm,1
http://my-infinbank.kz/tolov,1
https://nuu.uz/analytics,0
http://uz-anorbank.kz/karta/faollashtirish,1
https://facebook.com/cards,0
http://ipakuylibank.com/transfer,1
http://ininbank.kz/banking/login,1
https://mastercard.com/docs,0
http://pay-trastbank.uz/auth,1
http://verify-paynet.kz/confirm,1
http://teagrobank.org/confirm,1
http://trastbank-account.com/confirm,1
http://ipotekab-ank.ru/banking/login,1
http://official-ipotekabank.uz/karta/faollashtirish,1
http://real-ipotekabank.uz/karta/faollashtirish,1
http://best-ipakyulibank.uz/secure/login,1
http://nifinbank.ru/transfer,1
http://my-aloqabank.org/account/verify,1
https://microsoft.com/category/news,0
http://cl-ick.io/auth,1
http://clikc.kz/kirish,1
https://instagram.com/help,0
https://agrobank.uz/register,0
https://twitter.com/cards,0
http://clic.io/tolov,1
http://hamkorbnak.com/transfer,1
http://oson-uz.org/banking/login,1
http://pchtabank.uz/account/verify,1
http://best-apelsin.kz/confirm,1
http://apelsin-pay.net/kirish,1
https://netflix.com/messages,0
https://www.edu.uz/logout,0
http://sqb-net.co/karta/faollashtirish,1
https://stripe.com/main,0
http://uzpost-verify.com/kirish,1
https://samdu.uz/ru,0
http://paynet-pay.org/confirm,1
http://o-son.io/transfer,1
http://144.252.230.182:8080/click/confirm,1
https://stripe.com/contact,0
http://nifinbank.uz/cards/activate,1
https://ijro.uz/main,0
http://xalqban-k.net/payment/confirm,1
https://apple.com/offers,0
http://uzpost.click/transfer,1
http://uzu.co/transfer,1
http://verify-asakabank.uz/verify,1
http://verify-nbu.io/confirm,1
http://qsb.com/auth,1
http://pyame.co/account/verify,1
http://secure-agrobank.com/account/verify,1
http://uzcar-d.kz/tolov,1
http://109.107.222.199/aloqabank/confirm,1
https://slack.com/report,0
http://pochtabakn.net/karta/faollashtirish,1
http://anorbank-card.ru/p?redirect=true,1
https://payme.uz/docs,0
http://txagrobank.org/login,1
http://zum.co/secure/login,1
https://www.yoshlar.uz/banking,0
https://yahoo.com/mobile,0
https://parlament.uz/main,0
https://daryo.uz/mobile,0
http://verify-ipotekabank.org/verify,1
https://xalqbank.uz/user/profile,0
http://233.200.116.178/oson/login?next=%2Faccount,1
http://osonverify.com/login?next=%2Faccount,1
http://pohctabank.uz/cards/activate,1
https://www.nature.com/history,0
http://ipotekaank.uz/secure/login,1
http://hamkrobank.co/auth,1
http://trastbank.uz.payment-confirm.ru/karta/faollashtirish,1
http://my-pochtabank.ru/confirm,1
https://netflix.com/en,0
https://microsoft.com/en/services,0
http://best-tbcbank.kz/karta/faollashtirish,1
http://agrobank.site/banking/login,1
http://asakabnk.uz/p?redirect=true,1
http://new-asakabank.uz/secure/login,1
https://www.amazon.com/terms,0
http://best-xalqbank.ru/p?redirect=true,1
http://texgarobank.kz/p?redirect=true,1
http://soon.io/verify,1
http://xalbqank.com/payment/confirm,1
http://100.224.4.170/uzcard/p?redirect=true,1
http://wi0sry7ry7.tk/secure/login,1
http://trastbank.top/karta/faollashtirish,1
https://nbu.uz/mobile,0
http://real-payme.kz/secure/login,1
https://amazon.com/payments,0
http://piotekabank.com/p?redirect=true,1
http://hamkorank.ru/transfer,1
http://verify-tbcbank.org/hisob,1
https://www.payme.uz/news,0
https://dunyo.uz/help,0
http://hamkorank.net/secure/login,1
http://hakorbank.io/auth,1
http://best-aloqabank.kz:3000/login,1
https://shopify.com/cards,0
https://aloqabank.uz/api,0
http://xalqbank-secure.kz/payment/confirm,1
http://uzcardconfirm.com/secure/login,1
http://aloqabank-bank.co/kirish,1
https://www.paynet.uz/mobile,0
https://www.uzcard.uz/analytics,0
https://www.office.com/contact,0
http://ipotekabank-online.kz/kirish,1
https://customs.uz/wiki,0
http://humo-card.co/kirish,1
http://login-apelsin.net/kirish,1
http://ipotekabank-card.co/login?next=%2Faccount,1
https://tuit.uz/history,0
http://pochtabank-net.net/account/verify,1
https://bibim.uz/api,0
http://paynet-2024.co/account/verify,1
http://secure-kapitalbank.com/confirm,1
https://nbu.uz/analytics,0
http://ahmkorbank.net/banking/login,1
http://a-pelsin.net/karta/faollashtirish,1
https://www.nytimes.com/banking,0
https://paynet.uz/ru,0
https://sog-liqni-saqlash.uz/products,0
https://www.sqb.uz/docs,0
http://real-paynet.kz/account/verify,1
http://agrobankk.com/payment/confirm,1
http://iptoekabank.net/tolov,1
https://prokuratura.uz/wiki,0
http://payme-bank.co/confirm,1
https://www.economist.com/faq,0
http://paymesecure.com/auth,1
https://amazon.com/category/news,0
http://uzcard.info/transfer,1
http://aloqabnk.io/account/verify,1
https://payme.uz/blog,0
http://my-uzpost.com/hisob,1
http://uzcard-net.net/account/verify,1
https://www.wikipedia.org/en/services,0
https://www.stackoverflow.com/history,0
http://kapitalbank-2024.uz/payment/confirm,1
http://s-qb.com/login?next=%2Faccount,1
http://clck.net/confirm,1
https://gazeta.uz/robots.txt,0
http://hamkorbank-service.kz/confirm,1
https://oson.uz/about,0
http://asakabank-card.uz/confirm,1
https://uza.uz/login,0
http://secure-xalqbank.io/hisob,1
http://online-sqb.uz/auth,1
https://anorbank.uz/security,0
http://tbcbank-account.com/verify,1
http://iptekabank.kz/transfer,1
http://te-xagrobank.kz/secure/login,1
http://uzum-bank.kz/auth,1
https://gov.uz/search,0
http://88.91.67.104:8080/trastbank/banking/login,1
http://ham-korbank.com/hisob,1
http://best-aloqabank.ru/karta/faollashtirish,1
http://asakabank.tk/cards/activate,1
http://tratsbank.io/p?redirect=true,1
http://pay-sqb.uz/login,1
https://www.zoom.us/news,0
http://btcbank.co/confirm,1
http://official-asakabank.org/payment/confirm,1
https://www.prokuratura.uz/messages,0
http://login-xalqbank.ru/p?redirect=true,1
http://122.229.114.165/payme/cards/activate,1
https://bloomberg.com/transfer,0
https://bing.com/faq,0
https://uzum.uz/home,0
https://outlook.com/messages,0
https://reddit.com/blog,0
http://infinbankk.net/cards/activate,1
http://ag-robank.net/transfer,1
http://tbcbank-login.com/banking/login,1
https://pochta.uz/docs,0
http://official-payme.ru/payment/confirm,1
http://34.167.51.172:8080/xalqbank/p?redirect=true,1
http://texagrobnak.io/tolov,1
http://tcbbank.co/cards/activate,1
https://xalqbank.uz@malicious011.com/login,1
http://uz-ipotekabank.com/hisob,1
http://32.58.244.253/uzum/hisob,1
http://kapitalbank.online/verify,1
http://229.193.224.95/agrobank/hisob,1
https://facebook.com/messages,0
https://click.uz/terms,0
http://208.233.123.34/humo/account/verify,1
http://aloqabank-login.uz/login?next=%2Faccount,1
http://real-uzpost.kz/karta/faollashtirish,1
http://infinbank-pay.kz/banking/login,1
http://uzost.com/confirm,1
http://tbcba-nk.ru:9090/login,1
https://cnn.com/news,0
https://pypi.org/report,0
https://www.epay.uz/services,0
http://anorbank-online.org/verify,1
http://ape-lsin.kz/payment/confirm,1
https://nuu.uz/robots.txt,0
https://sputniknews.uz/profile,0
http://best-humo.uz/p?redirect=true,1
http://147.124.21.233:8080/tbcbank/login,1
http://huom.uz/karta/faollashtirish,1
http://93.197.218.213:8080/anorbank/banking/login,1
http://ipotekaban-k.net/login,1
https://www.uzcard.uz/category/news,0
https://www.uzinfocom.uz/mobile,0
http://texagorbank.org/karta/faollashtirish,1
http://jt33vvopnc7m1vk0f96qif.site/secure/login,1
http://online-uzum.com/auth,1
http://huom.io/tolov,1
https://interfax.uz/notifications,0
http://47.89.155.183:8080/oson/tolov,1
http://verify-aloqabank.kz/secure/login,1
http://official-kapitalbank.ru/payment/confirm,1
http://new-apelsin.co/verify,1
https://www.tdiu.uz/login,0
http://hamko-rbank.org/p?redirect=true,1
http://my-paynet.uz/account/verify,1
https://docs.python.org/robots.txt,0
https://daryo.uz/login,0
http://inf-inbank.io/cards/activate,1
http://new-uzpost.co/kirish,1
http://apelsin-net.kz/karta/faollashtirish,1
https://ipakyulibank.uz/settings,0
https://ebay.com/security,0
http://login-apelsin.org/secure/login,1
http://ipoetkabank.org/cards/activate,1
https://www.tma.uz/search,0
http://kapitalbank-card.io/confirm,1
http://hamk-orbank.ru/p?redirect=true,1
http://hisob-agrobank.uz/auth,1
http://uz-sqb.com/confirm,1
http://kapitalabnk.org/auth,1
https://linkedin.com/uploads,0
http://pochtabank-2024.co/login,1
https://gazeta.uz/2024/,0
https://www.sog-liqni-saqlash.uz/register,0
https://www.zamin.uz/products,0
http://texagrobank-card.io/tolov,1
http://172.132.169.107/uzpost/account/verify,1
http://paymelogin.com/hisob,1
http://uz-ipakyulibank.com/transfer,1
https://www.ft.com/privacy,0
https://podrobno.uz/dashboard,0
http://new-nbu.net/payment/confirm,1
http://new-tbcbank.co/transfer,1
https://mastercard.com/register,0
http://verify.uzcard-uz.com/banking/login,1
http://aloqabank-login.kz/kirish,1
https://mastercard.com/transfer,0
https://www.hub.docker.com/products,0
https://www.samdu.uz/cards,0
http://ez22u4sjz1b2r27yd.info/account/verify,1
http://secure-kapitalbank.org/tolov,1
http://payne.uz/transfer,1
http://218.39.144.228/click/banking/login,1
http://159.40.144.10:8080/humo/payment/confirm,1
https://bbc.com/cards,0
http://nbu-login.uz:9090/login,1
http://anobank.com/secure/login,1
http://infinbank-card.uz/karta/faollashtirish,1
http://uz-uzcard.ru/login?next=%2Faccount,1
https://outlook.com/static/css/main.css,0
http://pamye.uz/cards/activate,1
http://osonn.co/banking/login,1
https://sputniknews.uz/category/services,0
http://sqbb.co/transfer,1
https://podrobno.uz/profile,0
http://kapitalbank-online.net/payment/confirm,1
http://login-humo.co/auth,1
http://asakabank-net.uz/banking/login,1
https://mdis.uz/api,0
http://bcbank.com/secure/login,1
http://hamkorbank-service.uz/payment/confirm,1
http://147.241.199.59/paynet/secure/login,1
https://ems.uz/uz,0
https://dropbox.com/ru,0
http://ipakyuilbank.com/login,1
http://official-uzcard.uz:8443/login,1
https://bibim.uz/en,0
https://agrobank.uz/payments,0
https://soliq.uz/sitemap.xml,0
http://my-uzum.kz/p?redirect=true,1
http://kapitalbank-online.ru/cards/activate,1
http://uzc4rd.io/karta/faollashtirish,1
http://xalbqank.ru/payment/confirm,1
https://pypi.org/home,0
http://inifnbank.net/account/verify,1
https://www.uznet.uz/main,0
http://new-agrobank.io/p?redirect=true,1
https://linkedin.com/robots.txt,0
https://www.click.uz/sitemap.xml,0
https://trastbank.uz/register,0
https://my.gov.uz/security,0
http://uzum-net.co/verify,1
https://qalampir.uz/security,0
http://hamorbank.co/confirm,1
https://aloqabank.uz/security,0
http://secure-hamkorbank.org/transfer,1
http://zupost.kz:8080/login,1
http://anorank.com/verify,1
https://www.agrobank.uz/contact,0
http://cl-ick.kz/hisob,1
https://pypi.org/register,0
http://verify-click.net/karta/faollashtirish,1
http://login-payme.ru/account/verify,1
http://asakabankk.uz/hisob,1
http://sqb-online.com/confirm,1
http://tbcbak.co/login?next=%2Faccount,1
http://103.217.157.103:8080/anorbank/transfer,1
http://4n0rb4nk.com/account/verify,1
http://login-tbcbank.uz/transfer,1
http://payme-card.uz/auth,1
https://xb.uz/products,0
http://new-texagrobank.kz/auth,1
http://o-son.kz/confirm,1
http://aloqabnk.co/kirish,1
http://kapitalbnak.kz/confirm,1
https://bibim.uz/wiki,0
http://hamkrbank.ru/verify,1
https://tdiu.uz/messages,0
http://pyanet.com/secure/login,1
https://stat.uz/security,0
http://hamkorbnak.co/banking/login,1
http://ipakyulibank-secure.kz/account/verify,1
http://verify-ipotekabank.ru/verify,1
https://www.uzinfocom.uz/report,0
http://tcbank.net/login,1
http://aloqabank-pay.io/account/verify,1
http://uzcadr.io/account/verify,1
https://science.org/category/news,0
http://in-finbank.org/hisob,1
http://apelsin-uz.com/verify,1
http://uzum-card.org/account/verify,1
http://uzum-login.io/login,1
http://kapitalban-k.org/banking/login,1
http://online-ipotekabank.co/cards/activate,1
http://uz-humo.io/hisob,1
https://www.uzum.uz/docs,0
http://uz-uzum.ru/banking/login,1
http://secure-nbu.kz/tolov,1
https://tma.uz/main,0
http://agro-bank.org/karta/faollashtirish,1
http://verify.ipakyulibank-uz.com/confirm,1
https://payme.uz/en/services,0
https://www.asakabank.uz/profile,0
http://5.160.54.60:8080/xalqbank/account/verify,1
http://agrobnak.ru/login?next=%2Faccount,1
https://www.tbcbank.uz/security,0
http://new-ipotekabank.com/confirm,1
http://uzu-m.net/confirm,1
http://my-sqb.uz/secure/login,1
https://theguardian.com/support,0
http://f4kzseqgan2itclt62u15o.site/payment/confirm,1
http://aloqabank-secure.com/karta/faollashtirish,1
http://uzcard-card.kz/cards/activate,1
https://kapitalbank.uz/en,0
http://asakabankk.io/cards/activate,1
https://uzcard.uz/docs,0
http://apelsin-secure.org/banking/login,1
http://tbcbnak.kz/karta/faollashtirish,1
http://secure-uzcard.org/karta/faollashtirish,1
http://uzpost-service.kz/secure/login,1
http://best-ipotekabank.net/auth,1
http://apelsni.org/banking/login,1
https://uzb.uz/category/news,0
https://uznet.uz/,0
http://official-ipotekabank.io/login?next=%2Faccount,1
http://uhmo.co/login,1
http://sbq.com/karta/faollashtirish,1
http://193.76.150.176/apelsin/cards/activate,1
http://uzcard-uz.io/transfer,1
http://ipotekabank-net.net/account/verify,1
https://www.humo.uz/,0
http://uzcar-d.io/verify,1
https://kun.uz/messages,0
http://uzcard-uz.kz/verify,1
https://gazeta.uz/analytics,0
https://yoshlar.uz/products,0
http://apels-in.com/transfer,1
http://real-xalqbank.com/transfer,1
https://tma.uz/2024/,0
http://uzcard-online.io/kirish,1
https://pochtabank.uz/index.html,0
http://amkorbank.kz/karta/faollashtirish,1
http://my-uzcard.org/verify,1
http://texarobank.ru/kirish,1
http://uz-asakabank.ru/cards/activate,1
https://www.developer.mozilla.org/static/css/main.css,0
http://payme-net.ru/account/verify,1
https://daryo.uz/ru/about,0
http://202.9.245.78:8080/asakabank/kirish,1
https://amazon.com/ru,0
https://www.tsue.uz/history,0
https://mastercard.com/cards,0
https://www.hamkorbank.uz/dashboard,0
https://kun.uz/profile,0
https://ipakyulibank.uz/banking,0
http://al-oqabank.io/account/verify,1
http://k45txtcajkji7ubtn.top/transfer,1
https://www.yahoo.com/main,0
http://ipakyulibak.ru/login,1
http://h-umo.org/tolov,1
http://login-uzcard.uz/banking/login,1
http://ioptekabank.io/login,1
http://pelsin.io/kirish,1
https://cnn.com/support,0
https://mytaxi.uz/products/list,0
https://www.office.com/products,0
http://xalqbankk.uz/confirm,1
http://uzpots.net/cards/activate,1
http://oson-bank.net/p?redirect=true,1
http://new-apelsin.net/tolov,1
https://dropbox.com/sitemap.xml,0
https://ft.com/payments,0
https://pharmi.uz/en,0
http://texagrobank-net.uz/auth,1
http://tratsbank.org/secure/login,1
http://my-hamkorbank.co/payment/confirm,1
http://official-uzum.co/karta/faollashtirish,1
https://kubernetes.io/download,0
http://texagrobank-card.ru/cards/activate,1
http://xalqban.kz/login?next=%2Faccount,1
http://asak-abank.ru/auth,1
http://hisob-aloqabank.uz/account/verify,1
http://oson-pay.com/tolov,1
https://sqb.uz/main,0
http://humo-uz.kz/tolov,1
http://ipotekbank.com/login,1
http://online-texagrobank.org/payment/confirm,1
http://oson-bank.kz/cards/activate,1
http://login.aloqabank.uz.malicious.top/login,1
https://www.bibim.uz/blog,0
http://uz-oson.ru/kirish,1
http://agrobank-uz.verify-account.net/p?redirect=true,1
http://xalqba-nk.ru/hisob,1
http://86.217.203.93/nbu/login?next=%2Faccount,1
https://www.apelsin.uz/profile,0
http://aloqabnak.kz/login?next=%2Faccount,1
http://aloqabank-net.co/secure/login,1
https://linkedin.com/profile,0
http://secure-click.ru/banking/login,1
http://texagrobnak.org/cards/activate,1
https://www.paynet.uz/contact,0
https://www.humans.uz/app,0
http://51.169.151.147/infinbank/kirish,1
https://www.instagram.com/sitemap.xml,0
http://verify-apelsin.uz/tolov,1
http://apels-in.ru/banking/login,1
http://axntmlsip064nf6y1ram.buzz/secure/login,1
http://sqb-login.io/account/verify,1
http://ipakyulibakn.kz/secure/login,1
https://www.google.com/en,0
http://payme-service.kz/verify,1
http://pyme.co/confirm,1
https://interfax.uz/api/v1/health,0
https://wikipedia.org/support,0
https://oson.uz/banking,0
http://login.secure.account0.oson.uz.phish.com/auth,1
http://agrobankk.com/auth,1
http://upzost.kz/auth,1
https://podrobno.uz/terms,0
https://www.facebook.com/cards,0
https://gmail.com/docs,0
http://ipotekaabnk.org/confirm,1
https://shopify.com/mobile,0
http://a-grobank.org/karta/faollashtirish,1
https://reuters.com/robots.txt,0
http://uz-um.org/p?redirect=true,1
http://pocthabank.net/karta/faollashtirish,1
http://apelsin-bank.org/hisob,1
https://nbu.uz/download,0
http://agrobnak.co/kirish,1
http://rmk4af077gy3fy4g20.click/auth,1
http://pay-infinbank.uz/hisob,1
https://www.agrobank.uz/about-us,0
http://hamkrobank.ru/tolov,1
https://qalampir.uz/offers,0
http://aloqabank-uz.io/login,1
https://xalqbank.uz/cards,0
https://stat.uz/user/profile,0
https://www.apple.com/blog,0
http://226.199.120.105/humo/p?redirect=true,1
http://ipakyuibank.ru/kirish,1
http://pynet.org/banking/login,1
http://kapitalbank.gq/payment/confirm,1
http://sqb.buzz/transfer,1
https://instagram.com/payments,0
http://164.94.89.64:8080/uzum/tolov,1
https://uzinfocom.uz/static/css/main.css,0
http://27.169.228.163:8080/paynet/payment/confirm,1
https://president.uz/search,0
http://new-oson.co/kirish,1
https://mdis.uz/products/list,0
http://ag-robank.org/banking/login,1
https://tbcbank.uz/services,0
https://www.dunyo.uz/search,0
https://www.samdu.uz/transfer,0
http://tarstbank.kz/secure/login,1
http://uz-ipotekabank.co/login,1
http://ipakyuibank.ru/banking/login,1
https://visa.com/uploads,0
http://login-uzpost.uz/transfer,1
http://asakaban-k.org/confirm,1
http://online-tbcbank.co/tolov,1
https://texagrobank.uz/products/list,0
http://secure-texagrobank.co/confirm,1
http://texagrobank-2024.io/p?redirect=true,1
https://pochtabank.uz/cards,0
http://trsatbank.ru/p?redirect=true,1
https://zamin.uz/terms,0
http://oson-pay.com/,1
https://www.click.uz/static/css/main.css,0
http://infinbakn.org/hisob,1
https://amazon.com/login,0
http://apel-sin.net/login,1
http://ipotekaba-nk.com/confirm,1
http://128.212.146.59:8080/hamkorbank/account/verify,1
https://www.nuu.uz/sitemap.xml,0
http://aloqabank-card.ru/hisob,1
https://ft.com/about,0
https://www.qalampir.uz/user/profile,0
https://nuu.uz/services,0
http://click-secure.kz/tolov,1
http://nbu-bank.io/login?next=%2Faccount,1
https://office.com/messages,0
http://ipakyulibank.click/confirm,1
https://ipotekabank.uz/offers,0
http://a-norbank.kz:3000/login,1
http://apelsin-card.ru/payment/confirm,1
http://nbu-login.uz/banking/login,1
http://kapitalbakn.io/payment/confirm,1
https://dropbox.com/search,0
http://agrobank-2024.io/secure/login,1
http://uzum-net.com/p?redirect=true,1
http://ipakyuliba-nk.io/account/verify,1
http://secure-hamkorbank.uz/banking/login,1
http://infinbank.cf/auth,1
http://piakyulibank.com/secure/login,1
http://agrobank-card.co/hisob,1
http://n-bu.io/secure/login,1
http://apeslin.co/account/verify,1
https://docs.python.org/uz/hizmatlar,0
https://twitter.com/download,0
https://pochtabank.uz/user/profile,0
https://www.uznet.uz/mobile,0
https://hub.docker.com/dashboard,0
https://spot.uz/category/news,0
https://uzpost.uz@malicious013.com/login,1
http://asakabanklogin.com/login,1
https://www.economist.com/messages,0
https://visa.com/ru/about,0
http://l9r84a3ndpyn89.xyz/karta/faollashtirish,1
https://forbes.com/api/v1/health,0
http://pchtabank.kz/banking/login,1
http://kapitalbank-pay.ru/auth,1
http://uzum-secure.ru/account/verify,1
http://tbcbank-login.com/account/verify,1
http://16.224.228.87/asakabank/karta/faollashtirish,1
http://aoqabank.org/login,1
https://interfax.uz/,0
http://uz-trastbank.io/confirm,1
https://outlook.com/home,0
http://163.161.250.131/sqb/cards/activate,1
http://argobank.org/confirm,1
http://login-uzpost.io/auth,1
http://online-uzcard.kz/login,1
http://i-pakyulibank.com/account/verify,1
https://visa.com/en,0
https://visa.com/docs,0
http://official-apelsin.com/p?redirect=true,1
http://ipakyuibank.kz/secure/login,1
https://www.kun.uz/en/services,0
http://trastbankk.org/tolov,1
https://parlament.uz/en,0
http://verify-ipakyulibank.kz/tolov,1
https://bibim.uz/ru/about,0
http://kapitalbank-pay.uz/secure/login,1
http://texgrobank.uz/login,1
https://developer.mozilla.org/settings,0
http://g9tvpuc4at6pmntxbj31d.top/verify,1
http://asakbaank.org/kirish,1
https://pochtabank.uz/products,0
https://bloomberg.com/payments,0
http://uzc-ard.uz/secure/login,1
https://kapitalbank.uz/user/profile,0
http://login-hamkorbank.io/banking/login,1
http://payent.ru/login?next=%2Faccount,1
https://www.hamkorbank.uz/api/v1/health,0
https://www.outlook.com/payments,0
https://visa.com/help,0
http://real-payme.uz/p?redirect=true,1
http://63.191.131.125:8080/uzpost/kirish,1
https://xs.uz/media,0
http://ap-elsin.uz/p?redirect=true,1
http://trastbnak.kz/transfer,1
https://uzum.uz/api/v1/health,0
http://i-nfinbank.ru/banking/login,1
http://uzpst.co/transfer,1
http://ahmkorbank.co/tolov,1
http://ifinbank.kz/login?next=%2Faccount,1
http://trastbank-secure.io/verify,1
https://www.my.gov.uz/settings,0
https://parlament.uz/login,0
http://verify-nbu.com/payment/confirm,1
http://oson-service.kz/hisob,1
https://oson.uz/en,0
https://humans.uz/history,0
http://login-anorbank.io/auth,1
http://clik.io/p?redirect=true,1
https://nuu.uz/api,0
https://xalqbank.uz/offers,0
http://login.ipotekabank.uz.malicious.top/secure/login,1
https://wikipedia.org/about-us,0
http://online-nbu.ru/payment/confirm,1
http://aloqaban-k.uz/payment/confirm,1
https://ft.com/profile,0
https://apple.com/media,0
http://aloqabank-secure.ru/login,1
http://ifninbank.co/auth,1
http://a-loqabank.ru/cards/activate,1
https://tbcbank.uz/main,0
http://panet.kz/auth,1
https://www.yahoo.com/category/news,0
http://infinbank-2024.co/secure/login,1
https://www.agrobank.uz/support,0
http://59.164.125.34/anorbank/verify,1
https://customs.uz/profile,0
http://humo-service.kz/karta/faollashtirish,1
https://dunyo.uz/uz/hizmatlar,0
https://parlament.uz/category/services,0
http://apelsin-uz.io/tolov,1
http://sqb-xavfsiz.com/account/verify,1
http://paynett.ru/payment/confirm,1
http://texagrobank-bank.net/karta/faollashtirish,1
http://pochtabank-secure.uz/verify,1
http://ip-otekabank.org/kirish,1
http://uzc-ard.net/p?redirect=true,1
http://aaskabank.com/auth,1
https://gmail.com/ru/about,0
https://reuters.com/search,0
http://xalqbank-secure.org/account/verify,1
https://tdiu.uz/robots.txt,0
http://secure-paynet.uz/transfer,1
http://apelsin-service.com/banking/login,1
http://asakab-ank.net/transfer,1
http://login-infinbank.uz/banking/login,1
https://nbu.uz/home,0
http://official-apelsin.io/payment/confirm,1
https://www.tsue.uz/payments,0
https://www.microsoft.com/register,0
http://infinban.uz/cards/activate,1
https://stackoverflow.com/user/profile,0
http://ipakyulibank.rest/banking/login,1
http://login-anorbank.org/login?next=%2Faccount,1
http://huo.uz/p?redirect=true,1
http://clcik.net/cards/activate,1
https://sputniknews.uz/privacy,0
http://ipotekabnk.net/secure/login,1
https://paypal.com/main,0
https://twitter.com/media,0
https://www.ft.com/history,0
http://click-secure.com/secure/login,1
http://hamkorbank-card.ru/banking/login,1
http://trastbank-bank.net/verify,1
http://verify-paynet.ru/tolov,1
https://kommersant.uz/,0
http://kapital-bank.uz/kirish,1
https://www.mytaxi.uz/about-us,0
https://www.google.com/uz,0
https://visa.com/category/news,0
http://pochtabankk.ru/account/verify,1
http://secure-texagrobank.net/verify,1
http://pay-humo.uz/login,1
https://tuit.uz/en/services,0
https://science.org/uploads,0
http://apesin.uz/payment/confirm,1
https://www.shopify.com/en,0
http://ipakyulibank-2024.co/hisob,1
http://pochtabank-bank.com/karta/faollashtirish,1
http://xalqbank-bank.uz/confirm,1
http://35.200.29.216:8080/uzcard/account/verify,1
http://texagroba-nk.com/cards/activate,1
http://uzmu.co/account/verify,1
https://www.pypi.org/support,0
http://payn-et.kz/login,1
https://interfax.uz/uploads,0
https://www.mdis.uz/services,0
https://www.uzum.uz/login,0
http://asakaank.io/cards/activate,1
https://www.kapitalbank.uz/report,0
http://hamorbank.net/transfer,1
https://theguardian.com/register,0
https://bibim.uz/app,0
https://www.nuu.uz/2024/,0
https://stackoverflow.com/category/news,0
http://aloqabank-login.io/login,1
https://www.qalampir.uz/api,0
http://tbcb4nk.net/banking/login,1
http://infinbank-online.ru/kirish,1
https://court.uz/index.html,0
https://mastercard.com/products,0
https://edu.uz/sitemap.xml,0
http://uzpst.co/account/verify,1
http://secure-kapitalbank.org/confirm,1
https://sog-liqni-saqlash.uz/api,0
http://agrobank.tk/kirish,1
http://ipo-tekabank.net/login?next=%2Faccount,1
https://www.gov.uz/docs,0
http://166.200.79.20/paynet/secure/login,1
https://www.pochta.uz/api/v1/health,0
https://www.nbu.uz/offers,0
http://anorbank-pay.uz/secure/login,1
https://docs.python.org/mobile,0
https://uzcard.uz/uz,0
http://tbcbank-uz.verify-account.net/hisob,1
https://ipakyulibank.uz/mobile,0
http://165.42.5.22/ipotekabank/auth,1
https://office.com/security,0
http://poch-tabank.net/payment/confirm,1
https://reuters.com/products,0
http://57.119.18.254:8080/agrobank/hisob,1
http://agro-bank.ru/kirish,1
http://texagrobakn.org/cards/activate,1
https://www.developer.mozilla.org/download,0
https://www.slack.com/news,0
https://mastercard.com/about,0
http://hrl06ajs6f.site/auth,1
http://real-click.org/login?next=%2Faccount,1
http://pochtabank-login.uz/cards/activate,1
https://tsue.uz/category/services,0
http://uzpot.io/cards/activate,1
http://184.13.189.168:8080/xalqbank/payment/confirm,1
http://agrobank-xavfsiz.com/confirm,1
http://uzum-uz.io/secure/login,1
https://wix.com/user/profile,0
http://paynte.co/verify,1
https://theguardian.com/terms,0
http://login-sqb.kz/cards/activate,1
http://iotekabank.net/verify,1
http://official-texagrobank.com/login?next=%2Faccount,1
http://kapita-lbank.ru/auth,1
http://anobrank.ru/auth,1
http://uzost.org/auth,1
http://trastbank-net.uz/auth,1
http://asakabank-net.net/login,1
http://i-potekabank.org/login,1
https://kapitalbank.uz/mobile,0
http://real-payme.ru/transfer,1
http://aloqa-bank.io/hisob,1
https://www.mastercard.com/robots.txt,0
http://iapkyulibank.ru:9090/login,1
http://piakyulibank.kz/login?next=%2Faccount,1
http://ipakyulibankk.io/tolov,1
http://new-uzpost.org/karta/faollashtirish,1
http://verify-agrobank.ru/auth,1
http://157.170.251.197/aloqabank/login,1
http://aolqabank.kz/login,1
http://hamkorank.org/verify,1
http://best-trastbank.kz/login,1
https://trastbank.uz/docs,0
http://uzm.kz/transfer,1
http://hakorbank.ru/verify,1
https://hub.docker.com/products,0
https://www.pharmi.uz/app,0
http://uzcard-service.uz/,1
https://xalqbank.uz/history,0
https://theguardian.com/login,0
https://epay.uz/download,0
http://login-anorbank.io/cards/activate,1
https://www.science.org/category/news,0
https://www.bing.com/about-us,0
https://nuu.uz/media,0
https://payme.uz/api/v1/health,0
http://pochtaban.com/p?redirect=true,1
https://www.stat.uz/transfer,0
http://apelin.uz/karta/faollashtirish,1
https://www.tma.uz/uz,0
https://customs.uz/offers,0
https://tuit.uz/sitemap.xml,0
http://nbu-hisob.com/kirish,1
https://dunyo.uz/2024/,0
http://infinbank-secure.io/hisob,1
http://asakabakn.io/account/verify,1
http://agrobank.online/karta/faollashtirish,1
http://hum.io/secure/login,1
http://anorbank-service.com/login,1
http://107.226.66.151/agrobank/karta/faollashtirish,1
https://president.uz/notifications,0
http://kaiptalbank.com/cards/activate,1
https://ijro.uz/messages,0
http://as-akabank.ru/hisob,1
http://asakaabnk.io/hisob,1
http://xalqbank-uz.ru/account/verify,1
https://outlook.com/news,0
http://agorbank.kz/transfer,1
https://mf.uz/api,0
http://pynet.net/secure/login,1
https://agrobank.uz/docs,0
http://apynet.uz/login,1
http://ipot-ekabank.org:9090/login,1
http://kapitalbankk.co/confirm,1
https://mdis.uz/about,0
http://anorbak.net/auth,1
http://anor-bank.ru/account/verify,1
https://www.tsue.uz/notifications,0
http://apelsi-n.org/karta/faollashtirish,1
http://texagrobank-uz.kz/tolov,1
https://bloomberg.com/dashboard,0
https://podrobno.uz/2024/,0
http://verify-aloqabank.co/banking/login,1
http://apelsin-card.ru/verify,1
https://stripe.com/support,0
http://infinbank-card.kz/karta/faollashtirish,1
https://gmail.com/category/news,0
http://159.157.243.98:8080/pochtabank/payment/confirm,1
http://anobank.org/verify,1
http://aloqab-ank.com/secure/login,1
http://infinbankpay.com/login?next=%2Faccount,1
http://new-infinbank.kz/tolov,1
http://ifninbank.net/hisob,1
https://xalqbank.uz@malicious003.com/login,1
http://asakabank-uz.io/login,1
http://sbq.co/confirm,1
https://tma.uz/offers,0
http://texagrobak.com/login?next=%2Faccount,1
http://online-humo.co/login,1
http://agrobank-online.com/auth,1
https://www.theguardian.com/about-us,0
http://paynetconfirm.com/payment/confirm,1
http://official-pochtabank.io/login,1
http://uz-humo.ru/tolov,1
http://online-paynet.uz/account/verify,1
http://251.126.179.27:8080/asakabank/login?next=%2Faccount,1
http://tratsbank.org/confirm,1
https://www.wordpress.com/help,0
http://uzum-2024.uz/p?redirect=true,1
https://shopify.com/media,0
http://pamye.net/kirish,1
http://i-nfinbank.io/secure/login,1
https://tma.uz/transfer,0
http://humo.info/confirm,1
http://my-sqb.net/hisob,1
https://agrobank.uz/download,0
https://www.instagram.com/index.html,0
http://infinbankk.co/auth,1
http://ipakylibank.co/secure/login,1
https://paynet.uz/notifications,0
http://asakabank-net.com/hisob,1
http://anorbnak.ru/transfer,1
https://tuit.uz/mobile,0
http://197.25.213.232:8080/sqb/tolov,1
http://uz-apelsin.net/tolov,1
http://login-ipotekabank.co/auth,1
http://ipotekbank.uz/banking/login,1
http://texagrboank.ru/p?redirect=true,1
http://74.20.110.241:8080/trastbank/confirm,1
http://verify-hamkorbank.kz/tolov,1
https://office.com/help,0
http://official-xalqbank.com/login?next=%2Faccount,1
http://best-ipotekabank.io/login,1
http://official-agrobank.co/banking/login,1
https://aloqabank.uz/login,0
http://new-paynet.kz/tolov,1
https://uza.uz/cards,0
https://apelsin.uz/uz,0
http://best-payme.kz/verify,1
http://texagrobank-net.ru/payment/confirm,1
http://anorban-k.ru/secure/login,1
https://www.parlament.uz/mobile,0
http://kirish-tbcbank.uz/transfer,1
https://www.samdu.uz/mobile,0
http://tbbank.uz/confirm,1
http://upost.ru/kirish,1
https://twitter.com/uploads,0
https://science.org/,0
http://oosn.io/p?redirect=true,1
http://ano-rbank.io/login?next=%2Faccount,1
http://infinbank-net.io/auth,1
http://payme-net.org/confirm,1
https://aws.amazon.com/products/list,0
https://zoom.us/en/services,0
http://texagrobnk.com/p?redirect=true,1
https://www.mastercard.com/app,0
https://agrobank.uz/user/profile,0
http://kapitalank.co/login?next=%2Faccount,1
http://hamkorbank-online.co/hisob,1
http://login-ipotekabank.ru/p?redirect=true,1
https://www.humo.uz/settings,0
http://infinank.uz/auth,1
http://secure-aloqabank.kz/verify,1
http://xalqbank-secure.uz/auth,1
http://online-tbcbank.io/account/verify,1
http://exagrobank.com/secure/login,1
http://126.53.186.30:8080/uzcard/banking/login,1
http://176.198.12.89:8080/hamkorbank/banking/login,1
http://xalqbak.uz/auth,1
http://asakabank-pay.io/banking/login,1
https://www.zoom.us/banking,0
http://online-pochtabank.kz/cards/activate,1
http://xalqbank-pay.uz/payment/confirm,1
http://upzost.co/kirish,1
http://trastbank-pay.kz/hisob,1
http://ipakyulibnk.net/cards/activate,1
https://mastercard.com/ru/about,0
http://aloqabnk.uz/payment/confirm,1
http://asakabnk.kz/tolov,1
http://apelsin-online.net/tolov,1
https://sog-liqni-saqlash.uz/analytics,0
http://aolqabank.com/confirm,1
http://clck.ru/confirm,1
http://qsb.io/p?redirect=true,1
https://wix.com/static/css/main.css,0
http://apelsin-pay.com/confirm,1
http://osonn.net/kirish,1
http://login-pochtabank.org/cards/activate,1
https://cloud.google.com/payments,0
https://nuu.uz/ru,0
http://secure-texagrobank.ru/karta/faollashtirish,1
https://ebay.com/news,0
http://saakabank.kz/verify,1
http://ipakyulibnak.io/tolov,1
http://n-bu.co/account/verify,1
http://uzum-secure.uz/transfer,1
https://www.reddit.com/dashboard,0
http://infinbank-login.org/confirm,1
https://pharmi.uz/services,0
http://sqb-online.uz/banking/login,1
http://garobank.io/auth,1
http://secure-hamkorbank.uz/account/verify,1
https://www.interfax.uz/report,0
https://www.daryo.uz/products/list,0
http://potekabank.uz/kirish,1
https://agrobank.uz@malicious010.com/login,1
https://kapitalbank.uz/uploads,0
https://office.com/app,0
http://sqb-uz.net/hisob,1
https://agrobank.uz/faq,0
http://kapitalbank-online.com/cards/activate,1
https://cloud.google.com/faq,0
https://humans.uz/support,0
https://www.instagram.com/dashboard,0
https://www.podrobno.uz/category/news,0
http://80.185.224.251:8080/payme/login?next=%2Faccount,1
http://best-texagrobank.io/account/verify,1
https://www.pharmi.uz/blog,0
https://court.uz/services,0
https://www.pochta.uz/news,0
https://www.adobe.com/terms,0
https://www.prokuratura.uz/mobile,0
https://www.interfax.uz/wiki,0
http://zum.kz/login,1
https://pypi.org/notifications,0
http://texgrobank.ru/secure/login,1
http://kapitabank.net/login?next=%2Faccount,1
http://saakabank.com/karta/faollashtirish,1
http://anorbnak.kz/hisob,1
https://www.pochta.uz/search,0
http://2iduxmkluf28ga7ophrqz.ml/kirish,1
http://u-zcard.io/tolov,1
http://texagrobank-service.net/tolov,1
http://172.223.88.254:8080/ipakyulibank/login,1
https://www.mdis.uz/offers,0
https://www.npmjs.com/ru,0
http://aloabank.uz/kirish,1
https://www.linkedin.com/help,0
http://pohtabank.io/cards/activate,1
http://34.84.250.18:8080/payme/cards/activate,1
http://my-ipakyulibank.net/confirm,1
http://aloqab-ank.com/transfer,1
http://asa-kabank.uz/secure/login,1
https://samdu.uz/en,0
http://anrbank.uz/p?redirect=true,1
http://payme-login.kz/login,1
http://sbq.com/verify,1
http://my-uzum.kz/login?next=%2Faccount,1
https://economist.com/analytics,0
https://office.com/about-us,0
https://interfax.uz/ru/about,0
http://texagroba-nk.kz/banking/login,1
https://www.sog-liqni-saqlash.uz/report,0
http://uzcardlogin.com/verify,1
https://theguardian.com/history,0
http://u-zcard.uz/hisob,1
http://hamkorbakn.co/banking/login,1
https://anorbank.uz/en/services,0
http://trstbank.uz/auth,1
http://ipakyulibank-service.kz/cards/activate,1
http://108.193.220.115/asakabank/confirm,1
https://cloudflare.com/about,0
https://uzcard.uz@malicious005.com/login,1
http://hamkorbank-login.net/secure/login,1
http://new-humo.io/auth,1
https://pochta.uz/sitemap.xml,0
http://agrobank.uz@malicious013.com/kirish,1
https://cloudflare.com/mobile,0
http://new-anorbank.ru/karta/faollashtirish,1
https://kun.uz/en,0
http://uzpost-secure.net/hisob,1
http://kapitalbnak.com/p?redirect=true,1
http://texagrobank-secure.kz/transfer,1
http://ipakyuli-bank.net/tolov,1
https://wix.com/blog,0
https://youtube.com/faq,0
https://www.pochta.uz/ru/about,0
http://pochtbank.com/karta/faollashtirish,1
https://www.paynet.uz/,0
http://uiy13ym765wm06hce.rest/transfer,1
https://cnn.com/uz,0
http://texagrobank-pay.kz/login?next=%2Faccount,1
https://office.com/blog,0
http://49.66.191.24/ipotekabank/hisob,1
http://kapitalabnk.ru/confirm,1
https://www.kapitalbank.uz/messages,0
https://www.sog-liqni-saqlash.uz/login,0
http://uzumxavfsiz.com/p?redirect=true,1
http://nbu-kirish.com/secure/login,1
https://www.aws.amazon.com/index.html,0
http://648q6c67958vp4.ga/karta/faollashtirish,1
https://humans.uz/category/services,0
http://trastbank-net.io/transfer,1
http://secure-paynet.com/tolov,1
http://new-apelsin.net/account/verify,1
http://infinbankk.ru/login?next=%2Faccount,1
https://apple.com/static/css/main.css,0
http://my-asakabank.org/account/verify,1
https://www.science.org/about-us,0
http://uzpos-t.org/login,1
https://reuters.com/2024/,0
http://aloqabank-service.net/banking/login,1
http://asakabnk.co/cards/activate,1
https://tbcbank.uz/about,0
http://osonaccount.com/account/verify,1
http://hamko-rbank.org/banking/login,1
http://3.167.2.20/pochtabank/login?next=%2Faccount,1
https://www.e-gov.uz/help,0
https://microsoft.com/news,0
http://tbcbank-online.io/login,1
https://daryo.uz/category/news,0
https://www.qalampir.uz/app,0
http://kapitalbank-pay.uz/tolov,1
http://uzpost-login.co/secure/login,1
http://xalqbak.kz/hisob,1
http://official-oson.uz/banking/login,1
http://account-tbcbank.uz/account/verify,1
https://www.npmjs.com/about-us,0
http://clicksecure.com/auth,1
https://tbcbank.uz/api/v1/health,0
https://bing.com/dashboard,0
http://ipoekabank.io/login,1
http://a-sakabank.kz/account/verify,1
http://asakabnk.io/auth,1
http://xalqbank-pay.com/payment/confirm,1
http://best-paynet.org/hisob,1
http://aloqaban-k.org/hisob,1
https://prokuratura.uz/products/list,0
https://bibim.uz/logout,0
https://soliq.uz/news,0
https://e-gov.uz/help,0
http://infi-nbank.co/p?redirect=true,1
https://tuit.uz/privacy,0
http://zupost.co/tolov,1
https://payme.uz/services,0
https://gmail.com/media,0
http://humo-2024.io/login,1
https://ft.com/faq,0
http://tbcbankhisob.com/hisob,1
http://real-anorbank.kz/login,1
http://ano-rbank.net/payment/confirm,1
https://epay.uz/2024/,0
http://texagroabnk.ru/account/verify,1
https://www.president.uz/app,0
http://real-click.com/transfer,1
http://uzcrd.kz/transfer,1
https://kommersant.uz/app,0
https://license.uz/banking,0
http://nbukirish.com/confirm,1
http://apelin.co/verify,1
https://wsj.com/app,0
https://aloqabank.uz/category/services,0
http://login-hamkorbank.uz/banking/login,1
https://sog-liqni-saqlash.uz/index.html,0
http://verify-infinbank.io/payment/confirm,1
http://uuzm.net/cards/activate,1
https://www.dropbox.com/report,0
https://e-gov.uz/cards,0
http://192.187.107.77:8080/payme/transfer,1
https://mytaxi.uz/static/css/main.css,0
http://aelsin.ru/confirm,1
http://alqoabank.io/banking/login,1
http://apelsin-online.ru/hisob,1
https://click.uz/about-us,0
https://www.linkedin.com/support,0
http://uzpost-bank.com/payment/confirm,1
http://secure-tbcbank.uz/secure/login,1
https://podrobno.uz/products/list,0
https://www.tsue.uz/settings,0
http://payne.ru/verify,1
http://iptoekabank.com/login?next=%2Faccount,1
http://verify-uzcard.co/p?redirect=true,1
http://real-texagrobank.net/login?next=%2Faccount,1
http://anorbank-secure.net/tolov,1
http://payme-bank.co/account/verify,1
https://www.tbcbank.uz/ru,0
https://yahoo.com/blog,0
http://206.206.163.172:8080/aloqabank/banking/login,1
http://aakabank.uz/kirish,1
https://apelsin.uz/robots.txt,0
https://nuu.uz/search,0
https://github.com/api/v1/health,0
http://nbu-card.com/verify,1
http://uzpst.ru/p?redirect=true,1
https://developer.mozilla.org/mobile,0
http://t-bcbank.com/p?redirect=true,1
https://wix.com/analytics,0
http://asakaban.com/p?redirect=true,1
https://parlament.uz/products,0
http://login.payme.uz.malicious.top/kirish,1
http://ipoetkabank.uz/transfer,1
http://new-ipotekabank.co/banking/login,1
http://u-zum.com/confirm,1
http://ipotekabank-service.com/banking/login,1
https://www.bibim.uz/notifications,0
http://hamkorbnk.net/verify,1
https://www.facebook.com/security,0
http://ipoekabank.co/secure/login,1
http://real-trastbank.kz/auth,1
http://137.166.201.42:8080/kapitalbank/p?redirect=true,1
https://docs.python.org/sitemap.xml,0
http://tbcbank-service.net/auth,1
https://ijro.uz/help,0
https://www.wix.com/logout,0
https://www.aloqabank.uz/report,0
http://pochtabnk.io/karta/faollashtirish,1
https://tma.uz/ru,0
http://best-trastbank.ru/account/verify,1
https://www.kommersant.uz/products,0
https://www.samdu.uz/docs,0
http://trastank.com/p?redirect=true,1
http://my-asakabank.ru/transfer,1
https://kun.uz/search,0
http://official-sqb.org/auth,1
http://uzum-pay.co/payment/confirm,1
http://online-uzcard.net/transfer,1
http://asakabankk.net/login?next=%2Faccount,1
http://texagrobank-pay.org/p?redirect=true,1
http://114.72.145.214:8080/aloqabank/verify,1
http://ipakyulibank.uz@malicious008.com/kirish,1
https://www.ipotekabank.uz/category/news,0
http://hamokrbank.kz/banking/login,1
http://ipakyulibankk.ru/kirish,1
http://uzum-verify.com/secure/login,1
http://pochtabakn.kz/auth,1
http://ipotekabankk.net/tolov,1
http://verify-anorbank.com/confirm,1
https://pharmi.uz/mobile,0
https://www.wix.com/home,0
http://loqabank.kz/tolov,1
http://uzpost-login.net/payment/confirm,1
http://12.218.187.140/payme/cards/activate,1
https://asakabank.uz/transfer,0
https://www.aloqabank.uz/profile,0
https://tsue.uz/faq,0
https://forbes.com/search,0
https://yandex.uz/logout,0
https://www.nytimes.com/en,0
https://www.hub.docker.com/analytics,0
http://real-hamkorbank.io/auth,1
http://my-kapitalbank.co/cards/activate,1
http://infinban.org/secure/login,1
http://secure-apelsin.io/p?redirect=true,1
https://science.org/2024/,0
http://u-zum.io/auth,1
http://asaabank.com/p?redirect=true,1
http://aloqabank.uz.payment-confirm.ru/login?next=%2Faccount,1
https://visa.com/api/v1/health,0
https://payme.uz/2024/,0
https://tdiu.uz/api,0
https://www.texagrobank.uz/messages,0
https://paypal.com/faq,0
http://kapitalbank-uz.ru/cards/activate,1
https://sqb.uz/category/news,0
http://oosn.org/verify,1
http://ipotekabank-card.io/p?redirect=true,1
http://oson.info/hisob,1
https://www.court.uz/api,0
http://48.242.27.181:8080/aloqabank/tolov,1
http://xalqbank-card.org/kirish,1
https://www.my.gov.uz/app,0
http://214.57.239.187:8080/ipotekabank/kirish,1
http://secure-click.net/login?next=%2Faccount,1
http://trastb-ank.com/secure/login,1
https://wikipedia.org/user/profile,0
https://www.xalqbank.uz/about-us,0
https://github.com/report,0
http://tbcbank-service.kz/transfer,1
http://my-nbu.com/tolov,1
http://134.27.152.101/trastbank/confirm,1
https://xs.uz/,0
http://sqb-2024.co/login?next=%2Faccount,1
https://www.aloqabank.uz/static/css/main.css,0
https://soliq.uz/robots.txt,0
http://asa-kabank.co/confirm,1
https://mdis.uz/uploads,0
http://humo-service.co/login?next=%2Faccount,1
http://tr-astbank.kz/verify,1
http://anorb-ank.uz/banking/login,1
http://hamkorbank-xavfsiz.com/account/verify,1
http://official-kapitalbank.com:8443/login,1
http://uz-ipotekabank.uz/verify,1
https://uzinfocom.uz/security,0
http://66.138.202.47/paynet/payment/confirm,1
https://humans.uz/login,0
http://online-apelsin.org/cards/activate,1
http://my-trastbank.net/kirish,1
http://online-hamkorbank.net/confirm,1
http://texgrobank.kz:9090/login,1
https://kubernetes.io/notifications,0
https://parlament.uz/uploads,0
http://apelsin-secure.ru/cards/activate,1
http://aloabank.io/hisob,1
https://www.samdu.uz/blog,0
http://ipkyulibank.uz/account/verify,1
https://www.asakabank.uz/products/list,0
http://159.178.113.80/xalqbank/login,1
https://www.sqb.uz/static/css/main.css,0
http://paym.ru/secure/login,1
http://ipotekaabnk.org/payment/confirm,1
http://kapiatlbank.kz/cards/activate,1
http://ipakyulib-ank.uz/auth,1
https://apple.com/user/profile,0
https://my.gov.uz/faq,0
https://uzinfocom.uz/category/news,0
https://nature.com/products/list,0
https://microsoft.com/static/css/main.css,0
https://www.agrobank.uz/search,0
http://secure-humo.co/kirish,1
http://ipakyulibank.uz@malicious006.com/kirish,1
http://ipakylibank.ru/login?next=%2Faccount,1
https://wsj.com/services,0
http://sq-b.uz/hisob,1
http://199.238.68.27:8080/apelsin/karta/faollashtirish,1
http://verify-xalqbank.net/kirish,1
http://iptekabank.kz/login,1
http://hamkorbank-account.com/transfer,1
http://asakabank.info/auth,1
https://prokuratura.uz/about-us,0
http://pcohtabank.net/hisob,1
http://real-pochtabank.uz/p?redirect=true,1
https://xb.uz/en/services,0
https://daryo.uz/analytics,0
https://mastercard.com/download,0
http://best-ipakyulibank.com/kirish,1
http://oso.io/account/verify,1
https://cloud.google.com/about-us,0
http://h-umo.net/transfer,1
http://login-pochtabank.com/secure/login,1
http://qsb.co/secure/login,1
http://ipote-kabank.org/p?redirect=true,1
https://ems.uz/help,0
https://shopify.com/faq,0
https://dunyo.uz/static/css/main.css,0
http://ipotekabank-2024.org/tolov,1
https://texagrobank.uz@malicious012.com/login,1
https://court.uz/payments,0
http://pyanet.io/login,1
https://www.kapitalbank.uz/static/css/main.css,0
http://tbc-bank.co/confirm,1
http://ipkyulibank.net/tolov,1
http://new-sqb.kz/hisob,1
http://54.193.95.158/uzcard/banking/login,1
https://epay.uz/news,0
https://samdu.uz/category/news,0
http://payme-pay.org/transfer,1
http://sqbb.uz/payment/confirm,1
http://ioptekabank.com/karta/faollashtirish,1
https://www.kommersant.uz/static/css/main.css,0
http://tbcbak.io/secure/login,1
http://tbbcank.uz/p?redirect=true,1
https://www.epay.uz/products/list,0
https://podrobno.uz/history,0
https://mdis.uz/docs,0
https://www.economist.com/docs,0
http://nbu-uz.net/tolov,1
https://uza.uz/terms,0
http://anobrank.kz/secure/login,1
http://nbu-2024.ru/banking/login,1
http://uzc4rd.net/banking/login,1
http://infinbank-net.uz/hisob,1
http://login-anorbank.ru/login?next=%2Faccount,1
http://infnibank.com/login,1
http://ha-mkorbank.com/verify,1
https://bloomberg.com/mobile,0
http://uzcar.net/transfer,1
http://bcbank.ru/account/verify,1
http://sqb-secure.com/confirm,1
http://apelsin-card.net/secure/login,1
http://ipakyulibank-secure.uz/account/verify,1
http://my-anorbank.ru/verify,1
http://apels-in.com/p?redirect=true,1
https://www.outlook.com/static/css/main.css,0
http://login.secure.account3.oson.uz.phish.com/auth,1
https://office.com/wiki,0
http://trastbakn.ru/login,1
http://osontasdiqlash.com/confirm,1
http://66.217.249.243:8080/tbcbank/karta/faollashtirish,1
https://theguardian.com/dashboard,0
https://www.stripe.com/notifications,0
http://new-click.kz/auth,1
http://infinbank-online.kz/banking/login,1
http://agrobank.uz.account-verify.net/account/verify,1
http://sqb-uz.ru/secure/login,1
http://uz-apelsin.kz/tolov,1
https://www.science.org/news,0
http://new-hamkorbank.uz/kirish,1
https://hub.docker.com/wiki,0
http://texagrobank-service.com/confirm,1
http://118.149.240.93:8080/uzcard/login?next=%2Faccount,1
https://hamkorbank.uz/main,0
https://aloqabank.uz/docs,0
http://an-orbank.net/cards/activate,1
http://new-payme.net/cards/activate,1
http://official-pochtabank.uz/auth,1
https://www.kubernetes.io/banking,0
http://agrobank-login.io/verify,1
http://paynet-service.io/p?redirect=true,1
http://ipakyuliban.co/cards/activate,1
http://uzum-login.org/cards/activate,1
http://ipakyulibank-online.co/auth,1
https://uzcard.uz/,0
https://aloqabank.uz/sitemap.xml,0
http://pochtabank-2024.co/banking/login,1
http://p4yn3t.org:9090/login,1
https://reuters.com/support,0
https://soliq.uz/settings,0
http://secure-agrobank.uz/verify,1
http://kaptalbank.ru/p?redirect=true,1
http://anorban-k.io/login?next=%2Faccount,1
https://infinbank.uz/history,0
https://shopify.com/help,0
http://uzum-secure.kz/banking/login,1
http://nbu.uz.login-secure.com/account/verify,1
http://ipotekab-ank.io/auth,1
http://best-click.org/secure/login,1
http://15.197.2.90/uzum/auth,1
http://texagrobank-online.com/confirm,1
http://trastbank-login.net/payment/confirm,1
http://alqabank.net/confirm,1
http://verify-aloqabank.co/kirish,1
https://kapitalbank.uz@malicious002.com/login,1
http://a-pelsin.uz/transfer,1
http://xavfsiz-uzcard.uz/verify,1
https://www.ft.com/about,0
http://alqabank.uz/login?next=%2Faccount,1
https://nature.com/history,0
https://click.uz/api,0
http://ipotkabank.com/login,1
http://official-nbu.uz/auth,1
http://92.134.116.211:8080/asakabank/kirish,1
http://cilck.com/p?redirect=true,1
https://twitter.com/logout,0
https://theguardian.com/analytics,0
http://exagrobank.uz/secure/login,1
http://tr45tb4nk.io/cards/activate,1
http://official-agrobank.uz/banking/login,1
https://reuters.com/payments,0
https://npmjs.com/faq,0
https://www.gov.uz/api,0
https://samdu.uz/privacy,0
http://158.88.61.148/trastbank/verify,1
http://kirish-nbu.uz/banking/login,1
http://new-infinbank.io/karta/faollashtirish,1
https://epay.uz/api,0
https://twitter.com/support,0
https://www.customs.uz/media,0
https://cloud.google.com/transfer,0
http://ka-pitalbank.uz/hisob,1
http://login.secure.account2.uzcard.uz.phish.com/auth,1
https://twitter.com/payments,0
https://uzcard.uz/robots.txt,0
http://anrbank.com/verify,1
http://aloqab-ank.ru/p?redirect=true,1
http://new-asakabank.net/confirm,1
https://twitter.com/help,0
http://texagrobank-hisob.com/login?next=%2Faccount,1
http://real-trastbank.com/p?redirect=true,1
https://uzb.uz/privacy,0
http://ipakyulibank-online.ru/confirm,1
https://wikipedia.org/logout,0
https://humo.uz/report,0
https://docs.python.org/analytics,0
https://www.cloudflare.com/category/services,0
http://uz-apelsin.kz/cards/activate,1
https://gov.uz/media,0
https://reuters.com/terms,0
https://mf.uz/2024/,0
https://paynet.uz/products,0
https://nbu.uz/docs,0
http://hum-o.io/kirish,1
https://edu.uz/news,0
http://txeagrobank.uz/kirish,1
http://201.246.130.73/aloqabank/tolov,1
http://sqb-uz.net/secure/login,1
https://bing.com/banking,0
http://best-kapitalbank.uz/kirish,1
https://infinbank.uz/about,0
https://nature.com/app,0
https://kubernetes.io/history,0
http://251.105.163.18:8080/sqb/payment/confirm,1
http://login-asakabank.uz/secure/login,1
http://new-ipotekabank.uz/login,1
http://nbu-online.kz/account/verify,1
http://poc-htabank.org/confirm,1
https://spot.uz/index.html,0
https://pypi.org/help,0
http://infinbank-2024.org/verify,1
http://aloqabnak.uz/banking/login,1
http://anorbank-service.kz/login,1
http://real-uzum.net/account/verify,1
https://stripe.com/products/list,0
http://btcbank.com/verify,1
http://cli-ck.uz/karta/faollashtirish,1
https://adobe.com/about,0
https://customs.uz/payments,0
http://tbcbank-bank.io/secure/login,1
https://epay.uz/,0
http://anorbank.uz@malicious005.com/kirish,1
http://click-pay.ru/transfer,1
https://pochtabank.uz/en/services,0
https://cloud.google.com/dashboard,0
http://i-potekabank.kz/banking/login,1
http://infinabnk.net/karta/faollashtirish,1
http://252.172.80.185/sqb/confirm,1
http://xalqbank-net.co/banking/login,1
http://payme-bank.net/banking/login,1
http://xalqba-nk.com/account/verify,1
http://hamkobank.co/payment/confirm,1
https://science.org/main,0
http://verify-uzpost.uz/banking/login,1
http://paymee.org/tolov,1
https://xb.uz/help,0
http://xalqbank-service.co/p?redirect=true,1
https://aloqabank.uz/category/news,0
http://hamkorbank-confirm.com/p?redirect=true,1
https://www.aloqabank.uz/register,0
http://kapitalbank-confirm.com/karta/faollashtirish,1
https://www.github.com/about,0
https://trastbank.uz/security,0
https://netflix.com/transfer,0
http://kapit-albank.com/hisob,1
https://www.spot.uz/en/services,0
https://cloud.google.com/settings,0
http://verify-agrobank.co/hisob,1
http://texagrob-ank.ru/verify,1
https://npmjs.com/search,0
https://www.oson.uz/about-us,0
http://apelin.kz/cards/activate,1
http://p-ochtabank.kz/cards/activate,1
http://aloqabank-bank.co/hisob,1
http://rtastbank.kz/hisob,1
http://anorbank-2024.co/p?redirect=true,1
https://bloomberg.com/news,0
https://uzcard.uz/history,0
http://bnu.ru/account/verify,1
http://uz-humo.com/hisob,1
http://kaiptalbank.org/verify,1
http://155.213.102.206:8080/uzum/hisob,1
http://uzcard-secure.org/secure/login,1
http://pochatbank.ru/banking/login,1
http://agroabnk.net/transfer,1
http://tbcbankk.ru/transfer,1
https://pochtabank.uz/home,0
http://asakabank-2024.org/karta/faollashtirish,1
http://infinbank-net.co/tolov,1
https://bbc.com/en,0
https://www.kun.uz/wiki,0
https://www.ems.uz/app,0
https://apelsin.uz/news,0
https://forbes.com/offers,0
https://www.tsue.uz/services,0
http://apelsi.ru/confirm,1
https://dropbox.com/services,0
https://yahoo.com/help,0
http://249.239.148.137:8080/payme/p?redirect=true,1
https://ft.com/uz,0
https://www.stripe.com/dashboard,0
http://aloqabankpay.com/account/verify,1
http://uzu.ru/karta/faollashtirish,1
http://real-sqb.uz/p?redirect=true,1
http://uzum-uz.org/hisob,1
https://ft.com/settings,0
http://123.249.28.82:8080/uzum/verify,1
https://github.com/offers,0
http://58.7.34.211:8080/hamkorbank/tolov,1
http://best-agrobank.co/p?redirect=true,1
http://kapitablank.kz/karta/faollashtirish,1
https://www.outlook.com/products,0
https://youtube.com/category/services,0
https://wix.com/en,0
http://agroba-nk.ru/verify,1
http://p4yn3t.ru:8080/login,1
http://agroban-k.kz/hisob,1
http://410q4b4nk.org/banking/login,1
https://aws.amazon.com/robots.txt,0
https://shopify.com/messages,0
https://www.forbes.com/user/profile,0
http://apelsin-service.uz/login,1
http://ipotek-abank.kz/account/verify,1
http://real-anorbank.uz/secure/login,1
http://uzpsot.kz/tolov,1
http://anobrank.kz/auth,1
https://aws.amazon.com/home,0
https://pochta.uz/history,0
https://paynet.uz/messages,0
http://nbu-uz.uz/transfer,1
https://dropbox.com/support,0
https://www.kommersant.uz/ru,0
https://epay.uz/en,0
https://trastbank.uz/messages,0
https://www.stripe.com/terms,0
http://texag-robank.com/auth,1
https://www.yandex.uz/category/services,0
http://xalqba-nk.uz/login?next=%2Faccount,1
https://www.gov.uz/profile,0
https://www.e-gov.uz/uz/hizmatlar,0
http://best-ipotekabank.io/hisob,1
http://c11ck.com/payment/confirm,1
http://i-nfinbank.org/banking/login,1
https://cloud.google.com/download,0
http://xalqbank-online.ru/secure/login,1
https://www.epay.uz/robots.txt,0
http://laoqabank.uz/cards/activate,1
http://xalqbank-online.io/verify,1
http://anorbank-net.uz/auth,1
http://best-aloqabank.ru/hisob,1
http://4p3151n.kz/login,1
https://www.anorbank.uz/messages,0
https://parlament.uz/sitemap.xml,0
https://prokuratura.uz/security,0
https://gov.uz/messages,0
https://bloomberg.com/products,0
http://70.31.183.190:8080/paynet/karta/faollashtirish,1
https://kubernetes.io/products,0
http://real-tbcbank.io/verify,1
https://www.pharmi.uz/search,0
http://real-trastbank.com/payment/confirm,1
https://court.uz/products/list,0
https://adobe.com/settings,0
https://www.court.uz/static/css/main.css,0
http://ipa-kyulibank.net/account/verify,1
http://verify-apelsin.kz/verify,1
https://customs.uz/ru,0
http://login-ipakyulibank.uz/p?redirect=true,1
https://www.ft.com/services,0
http://uz-anorbank.ru/transfer,1
http://real-pochtabank.com/verify,1
http://real-xalqbank.org/payment/confirm,1
http://uzacrd.ru/banking/login,1
http://alqbank.net/account/verify,1
http://kapitalbankkirish.com/auth,1
http://payme-online.net/tolov,1
http://n-bu.io/cards/activate,1
http://66.233.136.253/ipotekabank/kirish,1
http://178.206.38.119:8080/kapitalbank/hisob,1
https://www.texagrobank.uz/banking,0
https://tbcbank.uz/contact,0
http://h4mk0rb4nk.net/login,1
http://tr45tb4nk.io/login?next=%2Faccount,1
https://docs.python.org/static/css/main.css,0
https://sog-liqni-saqlash.uz/robots.txt,0
http://100.152.225.68/texagrobank/hisob,1
http://uzc-ard.net/hisob,1
https://developer.mozilla.org/profile,0
http://83.239.116.139:8080/pochtabank/banking/login,1
http://piotekabank.com/banking/login,1
http://ipakyulibank-bank.net/account/verify,1
http://ipotekabank-online.net/transfer,1
http://asakabankk.uz/transfer,1
http://178.69.200.109:8080/payme/p?redirect=true,1
https://ijro.uz/2024/,0
https://kun.uz/report,0
http://osonxavfsiz.com/secure/login,1
http://asakabank-pay.kz/tolov,1
http://official-anorbank.net/kirish,1
https://visa.com/home,0
https://outlook.com/media,0
http://c7m1ndrkvtuo155d.site/login,1
https://www.apple.com/faq,0
http://humo-online.com/confirm,1
https://sputniknews.uz/offers,0
http://asakaank.uz/p?redirect=true,1
http://payent.org/tolov,1
https://click.uz/news,0
http://texgrobank.uz:3000/login,1
https://dropbox.com/cards,0
http://qsb.ru/verify,1
http://a-norbank.co/tolov,1
https://cloud.google.com/blog,0
http://k4p1t41b4nk.uz/kirish,1
http://verify-uzpost.com/cards/activate,1
http://g3uqkbdl8jy46s.buzz/p?redirect=true,1
http://login-nbu.uz/p?redirect=true,1
http://verify-xalqbank.io/verify,1
http://uzcardd.kz/karta/faollashtirish,1
http://oson.uz.payment-confirm.ru/p?redirect=true,1
http://uzpos-t.org/banking/login,1
http://asa-kabank.uz/confirm,1
http://ipakyulibank-secure.org/login,1
http://al-oqabank.kz/login,1
http://new-trastbank.uz/secure/login,1
https://tsue.uz/blog,0
http://ipotekabnak.co/transfer,1
http://online-tbcbank.io/transfer,1
https://mastercard.com/wiki,0
https://www.yahoo.com/en,0
http://uz-ipotekabank.io/tolov,1
http://naorbank.io/payment/confirm,1
http://paynet-secure.org/hisob,1
http://hisob-ipotekabank.uz/cards/activate,1
https://license.uz/2024/,0
http://ipakyulibank.uz@malicious003.com/kirish,1
http://verify-uzpost.co/banking/login,1
http://ipakyulibank.click/cards/activate,1
https://hamkorbank.uz/settings,0
http://tex-agrobank.co/login,1
https://www.click.uz/transfer,0
http://kirish-paynet.uz/tolov,1
https://outlook.com/api/v1/health,0
http://verify-uzcard.org/karta/faollashtirish,1
https://www.youtube.com/media,0
http://trasbtank.com/verify,1
http://nbu-secure.com/secure/login,1
https://google.com/wiki,0
https://www.nature.com/profile,0
https://yandex.uz/ru,0
https://epay.uz/security,0
https://uzb.uz/register,0
http://uzcard-pay.com/payment/confirm,1
http://verify-anorbank.kz/hisob,1
http://ipakyuliank.net/cards/activate,1
https://wordpress.com/faq,0
http://kapitalbank-2024.uz/verify,1
https://outlook.com/download,0
http://best-ipakyulibank.co/confirm,1
http://uzm.kz/verify,1
http://uz-paynet.com/transfer,1
http://verify-paynet.co/login?next=%2Faccount,1
http://humoo.co/cards/activate,1
http://39.101.49.53:8080/sqb/kirish,1
http://189.63.3.209/pochtabank/account/verify,1
https://cloud.google.com/uz,0
https://zamin.uz/api,0
https://tma.uz/login,0
http://tras-tbank.co/tolov,1
http://new-xalqbank.net/cards/activate,1
http://infinbak.net/transfer,1
https://www.ipakyulibank.uz/cards,0
http://uzum-card.io/login,1
http://asakabank-pay.net/hisob,1
http://secure-anorbank.io/cards/activate,1
http://texagrobank-pay.uz/auth,1
http://texagrobank-pay.uz/tolov,1
http://texagrobank.top/login?next=%2Faccount,1
https://www.developer.mozilla.org/banking,0
http://xalqbakn.co/p?redirect=true,1
http://50.66.107.231/asakabank/login?next=%2Faccount,1
http://verify-asakabank.co/cards/activate,1
https://my.gov.uz/robots.txt,0
http://hamkor-bank.kz/p?redirect=true,1
https://www.pochta.uz/static/css/main.css,0
http://pochtabank-uz.uz/auth,1
https://office.com/privacy,0
https://www.uza.uz/profile,0
https://www.amazon.com/category/news,0
http://trastbank-login.kz/confirm,1
https://slack.com/history,0
https://aloqabank.uz/settings,0
http://trastba-nk.co/karta/faollashtirish,1
https://click.uz/sitemap.xml,0
https://wordpress.com/terms,0
http://apelsin-online.com/kirish,1
https://nuu.uz/payments,0
http://177.115.31.155/hamkorbank/cards/activate,1
https://kun.uz/analytics,0
http://anorbank-net.ru/login?next=%2Faccount,1
http://uzpost-uz.ru/account/verify,1
http://kapital-bank.kz/kirish,1
http://payme-login.io/auth,1
http://uz-anorbank.kz/verify,1
http://login-oson.io/payment/confirm,1
https://azure.microsoft.com/index.html,0
http://hmakorbank.ru/banking/login,1
https://prokuratura.uz/help,0
http://ipakylibank.ru/tolov,1
http://agrobank-secure.net/secure/login,1
http://anorbak.com/karta/faollashtirish,1
http://verify-hamkorbank.io/tolov,1
https://court.uz/en/services,0
https://nuu.uz/about,0
http://pochtaank.ru/account/verify,1
http://verify-xalqbank.kz/secure/login,1
http://121.196.70.182/nbu/auth,1
http://ipotekabnak.uz/secure/login,1
http://clic-k.org/cards/activate,1
http://kapitalbank-login.org/payment/confirm,1
https://mytaxi.uz/register,0
https://outlook.com/en/services,0
https://www.pochtabank.uz/mobile,0
http://uzum-online.com/auth,1
http://trastbankk.net/auth,1
https://mytaxi.uz/category/news,0
http://tb-cbank.com/hisob,1
https://ft.com/report,0
https://instagram.com/main,0
https://www.tdiu.uz/download,0
https://slack.com/contact,0
http://124.238.73.115:8080/tbcbank/karta/faollashtirish,1
http://apelsin-login.co/karta/faollashtirish,1
https://www.bbc.com/category/services,0
https://dunyo.uz/api/v1/health,0
http://official-apelsin.uz/payment/confirm,1
http://apelsin-confirm.com/karta/faollashtirish,1
https://forbes.com/user/profile,0
http://real-paynet.ru/login,1
https://nbu.uz/index.html,0
http://verify-agrobank.kz/payment/confirm,1
https://nytimes.com/terms,0
https://nbu.uz/en/services,0
https://uzum.uz/offers,0
http://a-norbank.org:3000/login,1
http://texagrobank-net.com/verify,1
http://laoqabank.kz/kirish,1
http://texagobank.org/account/verify,1
http://emytuu583kzncmk1xz5878.click/verify,1
https://zoom.us/category/services,0
http://zcard.com/auth,1
https://slack.com/uz/hizmatlar,0
http://aloqa-bank.co/p?redirect=true,1
https://aws.amazon.com/category/services,0
https://outlook.com/docs,0
https://outlook.com/notifications,0
http://apelsin-net.ru/hisob,1
http://infinbank-login.io/kirish,1
http://verify-oson.org/karta/faollashtirish,1
http://click-login.net/auth,1
http://139.162.95.117:8080/uzpost/p?redirect=true,1
https://agrobank.uz/history,0
http://xa-lqbank.co/kirish,1
http://anorbnak.org/secure/login,1
http://real-paynet.io/login?next=%2Faccount,1
https://customs.uz/user/profile,0
http://aloabank.co/hisob,1
https://tsue.uz/register,0
http://pochtaank.uz/confirm,1
http://pochtbank.ru/auth,1
http://74.239.152.43/trastbank/karta/faollashtirish,1
http://xalqbank-secure.net/login,1
https://www.paynet.uz/download,0
https://www.gmail.com/blog,0
http://verify-humo.net/confirm,1
http://apelsin-card.net/auth,1
https://economist.com/docs,0
https://hamkorbank.uz/uploads,0
https://uzum.uz/uz/hizmatlar,0
http://1p0t3k4b4nk.net/login,1
http://241.156.165.213/uzum/payment/confirm,1
http://1nf1nb4nk.co/hisob,1
https://www.reuters.com/user/profile,0
http://aloqbaank.uz/account/verify,1
http://infinbank-online.ru/p?redirect=true,1
https://azure.microsoft.com/,0
http://sqb-service.ru/secure/login,1
https://www.zamin.uz/docs,0
http://oolmow99w1r9.gq/kirish,1
http://humo-uz.net/banking/login,1
https://wordpress.com/logout,0
http://uzcrd.uz/banking/login,1
http://infinbankk.net/account/verify,1
http://tbcba-nk.com:8080/login,1
http://verify-agrobank.org/hisob,1
https://xs.uz/offers,0
http://xalqbank-bank.kz/confirm,1
http://sakabank.org/kirish,1
http://aloqabnk.net/karta/faollashtirish,1
http://trastabnk.kz/cards/activate,1
https://spot.uz/transfer,0
https://mehnat.uz/notifications,0
https://podrobno.uz/notifications,0
http://y3x7v5wwwoslk2ra.site/p?redirect=true,1
http://hamkorbank-hisob.com/kirish,1
http://naorbank.co/login?next=%2Faccount,1
http://infinbank-login.kz/karta/faollashtirish,1
http://ipotekabank-service.ru/confirm,1
https://zoom.us/privacy,0
http://aoqabank.co/account/verify,1
https://uzcard.uz/index.html,0
http://uzpost-2024.co/confirm,1
https://edu.uz/transfer,0
http://infinbak.ru/transfer,1
http://uzum.cf/tolov,1
https://prokuratura.uz/en/services,0
https://oson.uz/,0
https://forbes.com/category/services,0
http://upost.ru/tolov,1
https://ipotekabank.uz@malicious012.com/login,1
https://www.nbu.uz/about,0
http://infinbank-secure.uz/karta/faollashtirish,1
http://uz-click.com/login?next=%2Faccount,1
http://uzpost-2024.net/tolov,1
https://www.hamkorbank.uz/static/css/main.css,0
https://spot.uz/services,0
http://agrobank-uz.org/confirm,1
https://office.com/news,0
http://xlaqbank.kz:9090/login,1
http://uzcard-uz.ru/verify,1
http://iapkyulibank.org:8443/login,1
http://poctabank.ru/secure/login,1
https://www.uzb.uz/messages,0
https://ft.com/contact,0
http://pochtabank-login.uz/secure/login,1
http://humo-pay.uz/cards/activate,1
https://adobe.com/download,0
http://real-nbu.kz/payment/confirm,1
http://official-ipakyulibank.net/hisob,1
http://account-agrobank.uz/cards/activate,1
https://dropbox.com/uz,0
http://login-payme.io/hisob,1
http://xalqban-k.com/account/verify,1
https://bbc.com/profile,0
http://login.nbu.uz.malicious.top/banking/login,1
http://my-payme.uz/account/verify,1
https://www.kapitalbank.uz/docs,0
https://agrobank.uz/app,0
https://www.hamkorbank.uz/ru/about,0
http://akpitalbank.co/auth,1
http://anrobank.com/verify,1
https://zamin.uz/register,0
http://uzu-m.org/auth,1
http://ipotekaba-nk.net/login,1
http://click-online.io/login?next=%2Faccount,1
https://youtube.com/static/css/main.css,0
http://best-uzum.io/karta/faollashtirish,1
https://bing.com/products/list,0
https://www.amazon.com/index.html,0
http://paynet-service.co/banking/login,1
https://wsj.com/history,0
http://payme.uz@malicious004.com/kirish,1
http://agroban-k.org/transfer,1
https://apple.com/index.html,0
http://233.40.127.144:8080/hamkorbank/verify,1
http://hamkorbank-pay.uz/auth,1
https://forbes.com/notifications,0
http://pohtabank.net/hisob,1
http://fcwwill353kjjpmeda8n4.rest/verify,1
https://www.spot.uz/help,0
https://instagram.com/products/list,0
https://uza.uz/profile,0
http://official-sqb.com/p?redirect=true,1
https://agrobank.uz/uz/hizmatlar,0
https://hamkorbank.uz/analytics,0
https://www.microsoft.com/login,0
http://tbcbank-card.org/login?next=%2Faccount,1
http://uzpost-net.ru/verify,1
http://t-rastbank.co/p?redirect=true,1
https://reddit.com/,0
https://www.pochta.uz/uploads,0
https://slack.com/terms,0
http://login-tbcbank.org/payment/confirm,1
http://garobank.org/verify,1
http://anorbank-service.co/p?redirect=true,1
https://soliq.uz/blog,0
https://nytimes.com/support,0
https://www.nuu.uz/support,0
http://trastbank-login.com/auth,1
http://aloqaabnk.co/hisob,1
http://hamkorabnk.ru/login,1
http://paynett.ru/cards/activate,1
https://tbcbank.uz/login,0
https://facebook.com/robots.txt,0
http://official-anorbank.co/tolov,1
http://iotekabank.org/payment/confirm,1
http://pochtabank-uz.net/account/verify,1
http://aloqbank.com/tolov,1
https://podrobno.uz/contact,0
https://edu.uz/history,0
http://best-humo.io/p?redirect=true,1
http://texa-grobank.ru/secure/login,1
http://aloqabnk.io/secure/login,1
https://trastbank.uz/robots.txt,0
http://xaqlbank.io/secure/login,1
http://paynett.org/auth,1
http://texargobank.io/verify,1
http://hum0.ru/secure/login,1
http://xalq-bank.net/transfer,1
http://iapkyulibank.io/transfer,1
https://www.xalqbank.uz/news,0
https://uzum.uz/terms,0
https://epay.uz/robots.txt,0
https://parlament.uz/category/news,0
http://paynet-online.org/login,1
https://www.xb.uz/blog,0
http://uzpost-pay.kz/tolov,1
https://humo.uz/cards,0
http://118.237.225.9/asakabank/login,1
https://mytaxi.uz/category/services,0
http://online-payme.org/login?next=%2Faccount,1
http://bnu.co/kirish,1
http://osn.uz/account/verify,1
http://28.25.160.243/pochtabank/p?redirect=true,1
https://npmjs.com/,0
http://texagrobank-pay.kz/secure/login,1
https://www.ems.uz/en/services,0
http://uz-click.co/cards/activate,1
https://shopify.com/2024/,0
http://agrobankk.io/confirm,1
https://www.stripe.com/support,0
https://netflix.com/terms,0
https://science.org/cards,0
https://www.tma.uz/download,0
https://texagrobank.uz/download,0
https://sog-liqni-saqlash.uz/en,0
http://real-pochtabank.com/kirish,1
http://fahoxjbv9m10favhysetik.tk/tolov,1
https://www.asakabank.uz/support,0
http://trasbank.kz/transfer,1
http://uzcard-login.io/karta/faollashtirish,1
http://aloqabnk.io/hisob,1
http://agrobank-2024.kz/transfer,1
http://uzpo-st.net/transfer,1
http://68nu7tr9ybc06drrnv9.gq/banking/login,1
http://teagrobank.org/hisob,1
https://agrobank.uz/en,0
https://npmjs.com/media,0
https://www.edu.uz/register,0
http://uzpost-secure.org/confirm,1
http://exagrobank.io/payment/confirm,1
https://texagrobank.uz/notifications,0
https://www.visa.com/user/profile,0
http://pochatbank.kz/kirish,1
https://www.kubernetes.io/static/css/main.css,0
http://norbank.kz/transfer,1
http://secure-ipakyulibank.ru/payment/confirm,1
http://login-apelsin.net/secure/login,1
https://www.wordpress.com/uz,0
http://official-agrobank.net/karta/faollashtirish,1
http://infinbank-uz.kz/banking/login,1
http://pochtabank-net.kz/payment/confirm,1
https://youtube.com/docs,0
http://trasbank.org/confirm,1
https://mastercard.com/notifications,0
https://gmail.com/sitemap.xml,0
http://pochtabank-2024.co/verify,1
http://official-asakabank.net/p?redirect=true,1
http://trastbank-login.co/transfer,1
http://ipaky-ulibank.ru/verify,1
https://www.dropbox.com/security,0
http://uz-ipakyulibank.net/karta/faollashtirish,1
https://court.uz/,0
https://hub.docker.com/en,0
http://po-chtabank.kz/kirish,1
http://aloqabank-net.ru/karta/faollashtirish,1
https://reddit.com/privacy,0
https://cloud.google.com/user/profile,0
http://umo.uz/hisob,1
https://infinbank.uz/report,0
http://88.229.252.211:8080/texagrobank/secure/login,1
http://my-infinbank.co/cards/activate,1
https://outlook.com/help,0
http://aplesin.co/confirm,1
http://texagrobank-bank.io/confirm,1
http://6.219.215.176/infinbank/account/verify,1
http://asakbank.net/verify,1
https://pharmi.uz/banking,0
https://slack.com/ru,0
https://bibim.uz/news,0
https://e-gov.uz/sitemap.xml,0
http://online-payme.uz/p?redirect=true,1
http://apelsin-service.ru/secure/login,1
https://daryo.uz/dashboard,0
http://online-humo.io/auth,1
https://samdu.uz/,0
http://aloqabank-uz.kz/tolov,1
https://www.prokuratura.uz/support,0
https://tuit.uz/help,0
https://my.gov.uz/offers,0
http://sqb.uz@malicious010.com/kirish,1
https://microsoft.com/profile,0
https://tdiu.uz/media,0
http://caxejcb98l8g.tk/banking/login,1
http://agrobank-net.org/banking/login,1
http://p4yn3t.co/transfer,1
https://stat.uz/category/news,0
https://stat.uz/cards,0
http://ifinbank.uz/payment/confirm,1
http://ipakyulibakn.org/p?redirect=true,1
http://ahmkorbank.io/verify,1
http://online-hamkorbank.com/login?next=%2Faccount,1
https://google.com/index.html,0
http://best-kapitalbank.co/karta/faollashtirish,1
https://gov.uz/blog,0
https://gmail.com/index.html,0
http://uzcrad.uz/confirm,1
http://pyame.co/banking/login,1
https://linkedin.com/logout,0
https://www.tuit.uz/messages,0
https://zoom.us/index.html,0
https://kun.uz/api/v1/health,0
http://new-payme.net/hisob,1
https://humans.uz/ru,0
https://linkedin.com/faq,0
http://login.texagrobank.uz.malicious.top/secure/login,1
https://www.slack.com/services,0
http://tbcank.ru/hisob,1
https://dropbox.com/news,0
https://tsue.uz/docs,0
http://alqoabank.net/verify,1
https://yoshlar.uz/mobile,0
http://aorbank.co/verify,1
https://science.org/media,0
http://sqb-online.ru/p?redirect=true,1
http://argobank.net/kirish,1
http://zuum.co/payment/confirm,1
https://texagrobank.uz/ru,0
http://uuzm.ru/hisob,1
http://232.60.97.198/trastbank/kirish,1
http://apitalbank.co/confirm,1
https://gov.uz/register,0
http://real-apelsin.io/verify,1
https://ebay.com/blog,0
https://www.payme.uz/en,0
https://president.uz/analytics,0
http://apelsin-bank.uz/login?next=%2Faccount,1
https://xs.uz/help,0
http://texagro-bank.uz/verify,1
https://www.linkedin.com/uz/hizmatlar,0
http://pochtabank-service.kz/account/verify,1
https://spot.uz/uz,0
http://my-ipotekabank.org/banking/login,1
https://www.stat.uz/static/css/main.css,0
http://infinban-k.io/secure/login,1
https://sog-liqni-saqlash.uz/notifications,0
http://aloqabank-uz.ru/verify,1
https://www.hamkorbank.uz/terms,0
http://ipakyulbiank.net/payment/confirm,1
http://apelsni.co/hisob,1
http://194.148.118.64/uzpost/verify,1
http://110.3.203.184:8080/asakabank/p?redirect=true,1
http://uzcard.uz.payment-confirm.ru/p?redirect=true,1
https://stat.uz/services,0
http://kpitalbank.com/,1
http://iapkyulibank.ru/transfer,1
http://apelsinhisob.com/login?next=%2Faccount,1
http://t-bcbank.co/confirm,1
http://oson-pay.net/confirm,1
https://tdiu.uz/help,0
http://pochtabank-net.net/login?next=%2Faccount,1
http://trastban.org/payment/confirm,1
http://uzu-m.io/karta/faollashtirish,1
https://tuit.uz/category/services,0
http://78.55.126.66/paynet/account/verify,1
https://paynet.uz/mobile,0
https://pypi.org/cards,0
https://parlament.uz/mobile,0
https://www.hub.docker.com/contact,0
https://xs.uz/cards,0
http://real-payme.com/hisob,1
https://slack.com/login,0
http://soon.org/cards/activate,1
http://115.235.185.110/ipotekabank/cards/activate,1
http://my-uzpost.kz/transfer,1
http://tbcban.kz/karta/faollashtirish,1
https://apple.com/blog,0
https://bing.com/analytics,0
https://www.azure.microsoft.com/privacy,0
https://www.wordpress.com/ru,0
http://pochtabank-2024.ru/transfer,1
http://real-tbcbank.ru/account/verify,1
http://xalqb-ank.ru/p?redirect=true,1
http://uzum-pay.kz/transfer,1
https://www.click.uz/home,0
http://tbcbnk.com/payment/confirm,1
https://azure.microsoft.com/support,0
https://yahoo.com/profile,0
https://amazon.com/category/services,0
http://38.210.70.49:8080/click/hisob,1
http://uruouuy899e6uu3yjeixv.click/login,1
http://apelsin-2024.kz/login?next=%2Faccount,1
http://aaskabank.org/banking/login,1
https://www.stripe.com/media,0
https://ebay.com/about,0
http://tra-stbank.net/payment/confirm,1
http://trastban.co/auth,1
http://osonn.net/banking/login,1
http://uz-asakabank.io/auth,1
http://paynt.co/secure/login,1
http://xaqbank.kz/cards/activate,1
http://tbcbank-secure.com/hisob,1
http://173.22.170.207/click/kirish,1
https://www.tma.uz/register,0
http://texagrobank-online.org/confirm,1
https://zoom.us/docs,0
http://050n.org/auth,1
https://prokuratura.uz/home,0
http://pochatbank.net/confirm,1
https://hamkorbank.uz@malicious009.com/login,1
http://aloqbank.uz/secure/login,1
http://paynet-secure.kz/transfer,1
http://account-nbu.uz/hisob,1
https://www.cloud.google.com/cards,0
http://anobank.net/hisob,1
http://asakabank-secure.co/kirish,1
https://wordpress.com/download,0
http://uzcadr.io/kirish,1
https://office.com/download,0
http://secure-uzcard.co/p?redirect=true,1
https://linkedin.com/register,0
http://humo-bank.ru/confirm,1
https://mf.uz/home,0
https://www.yoshlar.uz/home,0
http://best-ipotekabank.co/secure/login,1
http://zcard.uz/karta/faollashtirish,1
http://ochtabank.uz/banking/login,1
http://verify-trastbank.io/confirm,1
https://www.kommersant.uz/2024/,0
https://mdis.uz/cards,0
https://apelsin.uz/register,0
http://qsb.kz/tolov,1
http://infinbank-secure.co/p?redirect=true,1
http://ayme.net/hisob,1
http://click.xyz/login?next=%2Faccount,1
https://www.ft.com/2024/,0
http://ipakuylibank.org/banking/login,1
http://al-oqabank.net/verify,1
http://aloqaban.org/karta/faollashtirish,1
http://ipoteka-bank.kz/karta/faollashtirish,1
https://bloomberg.com/uploads,0
https://wikipedia.org/robots.txt,0
http://244.126.182.136/paynet/hisob,1
http://uzpots.io/login,1
https://stat.uz/report,0
http://x-alqbank.co/login,1
http://uz-uzum.uz/verify,1
https://www.apple.com/transfer,0
http://asakbaank.net/confirm,1
https://slack.com/mobile,0
http://asakabank-online.co/login,1
https://www.kommersant.uz/search,0
http://68.86.144.202:8080/kapitalbank/login?next=%2Faccount,1
http://cick.uz/hisob,1
http://secure-agrobank.uz/karta/faollashtirish,1
https://mytaxi.uz/offers,0
http://click.uz.login-secure.com/secure/login,1
https://www.xs.uz/security,0
https://infinbank.uz/static/css/main.css,0
http://official-trastbank.io/cards/activate,1
http://infinbank-net.io/verify,1
https://www.mastercard.com/about-us,0
https://podrobno.uz/offers,0
http://xalbqank.com/kirish,1
https://www.zamin.uz/transfer,0
http://a-norbank.io/payment/confirm,1
http://kapitalbnak.uz/banking/login,1
http://my-uzcard.com/auth,1
http://inifnbank.co/login?next=%2Faccount,1
http://ioptekabank.kz/login?next=%2Faccount,1
https://kapitalbank.uz/index.html,0
https://mdis.uz/mobile,0
http://pochtbank.io/cards/activate,1
http://uzpost-uz.uz/payment/confirm,1
http://apelsi.net/p?redirect=true,1
http://uz-uzpost.uz/login?next=%2Faccount,1
https://uzcard.uz/api/v1/health,0
http://hum0.co/transfer,1
https://microsoft.com/docs,0
https://uzinfocom.uz/search,0
https://ft.com/history,0
https://dropbox.com/docs,0
http://hum0.org/kirish,1
http://zupost.ru/login,1
http://u-zpost.io/login?next=%2Faccount,1
https://pypi.org/wiki,0
http://humo-login.com/secure/login,1
https://www.wsj.com/en,0
https://slack.com/media,0
https://bing.com/report,0
http://4m306ij69s0f2.site/confirm,1
http://trastabnk.com/login?next=%2Faccount,1
https://dunyo.uz/sitemap.xml,0
https://hub.docker.com/logout,0
https://kapitalbank.uz/privacy,0
http://uuzm.uz/cards/activate,1
http://ifinbank.uz/account/verify,1
https://www.dunyo.uz/user/profile,0
http://apeslin.org/secure/login,1
https://humans.uz/user/profile,0
http://uzum.site/confirm,1
https://www.paypal.com/ru/about,0
https://trastbank.uz/uz/hizmatlar,0
https://sqb.uz/history,0
https://tma.uz/security,0
https://bibim.uz/analytics,0
http://alo-qabank.org/transfer,1
http://confirm-trastbank.uz/login,1
http://tbcbank-bank.net/p?redirect=true,1
http://apelsinn.co/payment/confirm,1
http://202.64.135.193:8080/asakabank/karta/faollashtirish,1
https://court.uz/settings,0
https://stat.uz/dashboard,0
http://best-hamkorbank.io/transfer,1
http://texagrobank-pay.co/transfer,1
http://kirish-ipotekabank.uz/cards/activate,1
https://asakabank.uz/news,0
http://uz-hamkorbank.co/p?redirect=true,1
http://online-trastbank.ru/banking/login,1
http://paynet.tk/p?redirect=true,1
http://uz-asakabank.ru/payment/confirm,1
http://pochtabank-uz.io/secure/login,1
http://anobrank.ru/banking/login,1
https://mehnat.uz/ru/about,0
http://official-xalqbank.net/account/verify,1
https://ems.uz/media,0
https://www.theguardian.com/about,0
https://tsue.uz/products/list,0
http://agrobank.site/secure/login,1
https://cloud.google.com/uz/hizmatlar,0
http://uz-nbu.io/verify,1
https://uza.uz/products/list,0
https://dunyo.uz/wiki,0
http://244.223.232.165/click/p?redirect=true,1
http://agorbank.ru/p?redirect=true,1
http://oson-pay.org/payment/confirm,1
http://xalqban.net/verify,1
http://agrobank-uz.com/secure/login,1
https://outlook.com/search,0
https://yandex.uz/faq,0
http://new-kapitalbank.org/secure/login,1
https://edu.uz/faq,0
http://zpost.co/tolov,1
http://uz-asakabank.uz/payment/confirm,1
http://242.33.27.29/pochtabank/karta/faollashtirish,1
http://inifnbank.uz/verify,1
https://pypi.org/ru,0
https://prokuratura.uz/robots.txt,0
https://texagrobank.uz/history,0
http://trastbank-service.io/hisob,1
http://ipaykulibank.ru/karta/faollashtirish,1
https://netflix.com/report,0
http://login-tbcbank.uz/secure/login,1
http://88.63.196.9/hamkorbank/banking/login,1
https://payme.uz/support,0
https://sog-liqni-saqlash.uz/main,0
http://official-ipakyulibank.uz/confirm,1
http://254.102.96.211:8080/uzpost/login?next=%2Faccount,1
http://tex-agrobank.ru/p?redirect=true,1
https://netflix.com/register,0
https://amazon.com/report,0
http://online-paynet.co/payment/confirm,1
http://pyame.net/kirish,1
http://apyme.kz/banking/login,1
https://uza.uz/mobile,0
http://infinbnak.com/hisob,1
https://facebook.com/history,0
http://uum.co/secure/login,1
http://verify-infinbank.net/login,1
http://pochtabank.buzz/p?redirect=true,1
https://www.netflix.com/category/services,0
http://oson-secure.io/secure/login,1
http://trastbak.kz/hisob,1
http://texagr-obank.net/cards/activate,1
https://asakabank.uz/uploads,0
http://7.161.96.217/trastbank/hisob,1
https://stripe.com/faq,0
http://aloqab-ank.kz/transfer,1
http://online-hamkorbank.uz/karta/faollashtirish,1
http://agrobank-service.com/hisob,1
https://www.texagrobank.uz/static/css/main.css,0
https://gazeta.uz/settings,0
http://aynet.uz/verify,1
http://anorbank-2024.com/karta/faollashtirish,1
http://trastb-ank.org/confirm,1
https://xb.uz/offers,0
http://pyame.kz/karta/faollashtirish,1
http://kapitalbank-service.kz/account/verify,1
http://48.242.27.181/aloqabank/tolov,1
http://i9pyqld56yjv601s9ba.click/banking/login,1
http://60.105.129.42/uzpost/account/verify,1
http://uzpost-secure.kz/account/verify,1
http://trastban-k.co/tolov,1
http://46.204.248.149/paynet/login?next=%2Faccount,1
http://online-apelsin.co/tolov,1
http://xalqbank-confirm.com/secure/login,1
https://gmail.com/report,0
https://aloqabank.uz/api/v1/health,0
https://mdis.uz/profile,0
https://www.tma.uz/logout,0
https://uzinfocom.uz/support,0
http://login-ipakyulibank.co/hisob,1
http://k4p1t41b4nk.io/hisob,1
http://x-alqbank.io/hisob,1
http://official-trastbank.co/account/verify,1
https://kommersant.uz/report,0
http://ipakyluibank.ru/login?next=%2Faccount,1
http://kapitalbank-online.org/tolov,1
https://reuters.com/index.html,0
https://cnn.com/contact,0
https://stat.uz/news,0
http://hamkrbank.kz/transfer,1
https://www.license.uz/api,0
http://verify-texagrobank.kz/cards/activate,1
http://sjeicuyzfpgwv5zkni6kk.buzz/account/verify,1
http://al-oqabank.uz/verify,1
http://asaabank.co/karta/faollashtirish,1
http://click-uz.org/verify,1
https://developer.mozilla.org/app,0
http://my-texagrobank.uz/tolov,1
http://official-uzcard.kz:3000/login,1
https://office.com/analytics,0
http://uzcard-secure.kz/kirish,1
https://wikipedia.org/transfer,0
https://infinbank.uz@malicious013.com/login,1
https://uzb.uz/settings,0
http://kirish-sqb.uz/transfer,1
https://yandex.uz/docs,0
http://142.95.74.104/oson/verify,1
https://yoshlar.uz/services,0
https://kommersant.uz/category/services,0
http://tbcbank-2024.io/secure/login,1
https://gmail.com/privacy,0
https://anorbank.uz/api/v1/health,0
http://ipotekabank-2024.uz/banking/login,1
https://github.com/login,0
http://online-pochtabank.io/hisob,1
http://116.152.6.227/humo/payment/confirm,1
http://anorbnak.io/verify,1
https://trastbank.uz/about-us,0
http://official-aloqabank.uz/payment/confirm,1
http://apelsin.site/secure/login,1
https://uzb.uz/products/list,0
https://payme.uz/cards,0
http://trastbank-card.co/karta/faollashtirish,1
http://best-apelsin.uz/login,1
http://hamkorbank-online.io/login,1
http://bcbank.net/auth,1
https://nbu.uz/sitemap.xml,0
http://kapitalbank-net.uz/secure/login,1
http://cick.uz/karta/faollashtirish,1
http://hamkorba-nk.com/verify,1
https://e-gov.uz/security,0
https://www.stackoverflow.com/faq,0
http://apelin.net/auth,1
https://kommersant.uz/main,0
https://click.uz/cards,0
https://ipotekabank.uz/ru/about,0
http://zupost.com/secure/login,1
http://real-xalqbank.ru/confirm,1
http://179.116.175.93/pochtabank/karta/faollashtirish,1
http://apel-sin.io/account/verify,1
https://wix.com/app,0
http://hamkorbank-pay.org/banking/login,1
https://zamin.uz/services,0
http://al-oqabank.org/cards/activate,1
http://clic-k.kz/kirish,1
https://nuu.uz/history,0
http://pa-ynet.co/transfer,1
https://wordpress.com/register,0
https://bloomberg.com/messages,0
https://netflix.com/dashboard,0
http://170.199.76.27/hamkorbank/login,1
http://login-humo.uz/login,1
https://trastbank.uz/analytics,0
http://infinbankk.io/auth,1
http://9t3j157ofcgml9kjkho.cf/transfer,1
https://customs.uz/dashboard,0
https://customs.uz/static/css/main.css,0
https://www.twitter.com/messages,0
http://uz-hamkorbank.uz/login?next=%2Faccount,1
https://www.texagrobank.uz/terms,0
https://www.stripe.com/blog,0
https://www.bloomberg.com/logout,0
http://ipakyulibnak.uz/banking/login,1
http://iptoekabank.ru/karta/faollashtirish,1
http://click-bank.io/tolov,1
http://uzum-uz.co/auth,1
http://uzpots.net/account/verify,1
http://kapitalbak.co/verify,1
http://124.238.73.115/tbcbank/karta/faollashtirish,1
https://www.humans.uz/dashboard,0
https://podrobno.uz/uploads,0
http://sq-b.com/cards/activate,1
https://bing.com/mobile,0
http://aeplsin.org/account/verify,1
http://kapitalbnak.kz/auth,1
http://agorbank.io/secure/login,1
http://aolqabank.co/confirm,1
https://parlament.uz/about,0
http://xalqban.co/login?next=%2Faccount,1
http://kapit-albank.org/hisob,1
https://github.com/register,0
https://instagram.com/robots.txt,0
http://pochtabank-card.io/login,1
http://pelsin.co/tolov,1
http://uzc4rd.net/payment/confirm,1
http://uz-xalqbank.kz/banking/login,1
https://tma.uz/dashboard,0
http://paynet-pay.net/cards/activate,1
https://my.gov.uz/home,0
http://233.176.85.59:8080/xalqbank/hisob,1
http://22.34.19.16/ipotekabank/kirish,1
https://npmjs.com/home,0
https://github.com/en/services,0
http://online-texagrobank.net/account/verify,1
http://click.xyz/secure/login,1
http://infinb-ank.net/p?redirect=true,1
http://infinbank-secure.kz/account/verify,1
https://economist.com/security,0
http://anorb-ank.ru/banking/login,1
http://infinbank-uz.io/kirish,1
http://tbcbank-bank.io/login?next=%2Faccount,1
https://www.payme.uz/transfer,0
http://33.113.104.152/anorbank/tolov,1
http://kapitalbank-net.ru/payment/confirm,1
http://humo-uz.net/p?redirect=true,1
https://mastercard.com/about-us,0
http://secure-asakabank.io/login?next=%2Faccount,1
http://login-aloqabank.io/verify,1
http://tra-stbank.co/verify,1
https://www.agrobank.uz/security,0
http://texagroank.kz/karta/faollashtirish,1
http://anorank.net/login?next=%2Faccount,1
http://trasbank.ru/karta/faollashtirish,1
https://developer.mozilla.org/support,0
https://mf.uz/en,0
http://agrobank.gq/transfer,1
http://ipak-yulibank.org/payment/confirm,1
http://login-anorbank.ru/account/verify,1
https://zamin.uz/report,0
https://twitter.com/privacy,0
http://245.213.119.234:8080/nbu/kirish,1
http://infinba-nk.uz/p?redirect=true,1
https://kommersant.uz/payments,0
http://login-uzum.com/,1
http://paynet.click/karta/faollashtirish,1
https://apelsin.uz/profile,0
https://sog-liqni-saqlash.uz/2024/,0
http://hamkobrank.com/hisob,1
http://norbank.net/payment/confirm,1
http://anorbank-pay.ru/karta/faollashtirish,1
http://oson-secure.uz/secure/login,1
http://xalqbank-2024.ru/confirm,1
http://texagrobank-login.net/banking/login,1
http://new-nbu.co/login?next=%2Faccount,1
http://454k4b4nk.com/transfer,1
http://xlqbank.net/karta/faollashtirish,1
https://interfax.uz/docs,0
http://texagrobakn.com/payment/confirm,1
http://222.57.146.165:8080/texagrobank/verify,1
https://nature.com/category/news,0
http://tbcbank-online.org/kirish,1
http://real-aloqabank.ru/login?next=%2Faccount,1
http://27.221.237.48:8080/asakabank/confirm,1
https://xalqbank.uz/settings,0
http://official-xalqbank.kz/secure/login,1
https://www.uza.uz/notifications,0
http://trastbank-2024.kz/login,1
https://mdis.uz/en/services,0
http://ipotekaank.uz/hisob,1
https://www.license.uz/uz/hizmatlar,0
http://asak-abank.ru/karta/faollashtirish,1
http://online-paynet.ru/verify,1
https://reuters.com/notifications,0
http://pynet.net/hisob,1
https://pharmi.uz/security,0
https://www.gmail.com/terms,0
http://pyme.co/kirish,1
http://u-zpost.net/login,1
https://qalampir.uz/privacy,0
http://uz-infinbank.kz/p?redirect=true,1
http://89.222.7.133:8080/texagrobank/login,1
http://uzcard-pay.kz/banking/login,1
http://uzpos-t.co/confirm,1
https://reuters.com/category/news,0
https://forbes.com/index.html,0
http://aloqabank-pay.ru/p?redirect=true,1
https://uzinfocom.uz/faq,0
http://oson-login.uz/cards/activate,1
https://www.ipakyulibank.uz/support,0
http://texagrobank-card.com/karta/faollashtirish,1
https://forbes.com/terms,0
http://xalqbank-net.co/tolov,1
http://online-humo.kz/transfer,1
https://wordpress.com/about,0
http://ipaykulibank.org/banking/login,1
http://uzpost.uz@malicious012.com/kirish,1
http://texagrobank-account.com/login,1
http://agrobank-service.ru/hisob,1
http://ipakyuliban.kz/login?next=%2Faccount,1
https://www.spot.uz/mobile,0
http://tra-stbank.io/confirm,1
https://license.uz/ru/about,0
http://infinbank.click/login,1
http://ipotekabankk.kz/kirish,1
http://ipakyulibank.rest/karta/faollashtirish,1
https://my.gov.uz/app,0
https://ipotekabank.uz/about-us,0
http://142.3.94.149/tbcbank/login,1
http://nbu-tasdiqlash.com/login,1
http://secure-ipotekabank.org/tolov,1
http://panet.kz/p?redirect=true,1
https://www.pochtabank.uz/index.html,0
http://best-trastbank.com/p?redirect=true,1
https://ipotekabank.uz/contact,0
https://gmail.com/robots.txt,0
https://docs.python.org/app,0
https://reddit.com/about-us,0
https://apelsin.uz/search,0
https://google.com/home,0
https://mf.uz/banking,0
http://213.33.48.124/agrobank/banking/login,1
https://www.xs.uz/settings,0
https://www.humo.uz/transfer,0
https://sqb.uz@malicious010.com/login,1
http://etxagrobank.co/kirish,1
http://ipotekabank.uz.payment-confirm.ru/confirm,1
http://uzpost.uz.account-verify.net/cards/activate,1
http://verify-click.net/hisob,1
https://www.anorbank.uz/about-us,0
https://www.reuters.com/api/v1/health,0
https://www.my.gov.uz/category/news,0
http://trastbank-net.io/banking/login,1
https://click.uz/profile,0
http://kapitalbank-secure.io/confirm,1
http://grobank.co/transfer,1
http://xaqlbank.ru/p?redirect=true,1
https://adobe.com/offers,0
https://ft.com/en,0
http://best-pochtabank.org/p?redirect=true,1
https://www.infinbank.uz/app,0
http://agroank.co/payment/confirm,1
http://uzcard-bank.co/account/verify,1
https://uzb.uz/app,0
http://tastbank.net/kirish,1
http://aloqabnk.net/login,1
https://mehnat.uz/services,0
http://tbcbnak.com/tolov,1
http://nfinbank.org/verify,1
https://npmjs.com/uz,0
https://www.texagrobank.uz/api,0
http://official-asakabank.co/auth,1
https://cloudflare.com/uz,0
http://agrobnak.co/cards/activate,1
http://official-trastbank.com/login,1
http://verify-kapitalbank.ru/confirm,1
https://ebay.com/offers,0
http://apelsin-login.com/secure/login,1
http://online-aloqabank.uz/secure/login,1
http://xalqbak.uz/account/verify,1
http://ipotekabank-bank.org/kirish,1
http://hamkobank.uz/payment/confirm,1
https://spot.uz/api,0
http://humo-login.uz/payment/confirm,1
https://wikipedia.org/products,0
http://uzcard-online.kz/verify,1
http://secure-tbcbank.io/payment/confirm,1
http://hamorbank.ru/cards/activate,1
http://verify-xalqbank.uz/verify,1
https://ipotekabank.uz/app,0
http://xalqbankk.com/p?redirect=true,1
http://login-hamkorbank.uz/tolov,1
https://epay.uz/category/services,0
https://www.ft.com/payments,0
https://pypi.org/mobile,0
http://trastban-k.uz/auth,1
https://trastbank.uz/media,0
https://yahoo.com/user/profile,0
https://asakabank.uz/ru/about,0
http://s-qb.uz/,1
https://payme.uz/dashboard,0
https://www.mf.uz/category/services,0
http://verify-xalqbank.uz/login,1
http://pocthabank.uz/karta/faollashtirish,1
http://62.63.14.157/sqb/hisob,1
http://aloqabank-service.ru/account/verify,1
https://www.gazeta.uz/about,0
http://my-oson.net/verify,1
http://anorbank-service.com/tolov,1
https://humo.uz/notifications,0
http://uzumm.kz/cards/activate,1
http://oson-card.io/karta/faollashtirish,1
https://oson.uz/main,0
http://texa-grobank.io/auth,1
https://mytaxi.uz/search,0
https://microsoft.com/help,0
https://www.tsue.uz/home,0
https://ijro.uz/offers,0
http://secure-asakabank.io/tolov,1
https://pharmi.uz/sitemap.xml,0
https://wordpress.com/category/news,0
http://my-sqb.io/login,1
http://official-sqb.uz/hisob,1
http://ipakyulibank-2024.kz/hisob,1
https://tuit.uz/contact,0
https://visa.com/wiki,0
https://www.wikipedia.org/banking,0
http://apeslin.org:8080/login,1
http://244.110.52.106/anorbank/login,1
https://trastbank.uz/login,0
http://trsatbank.ru/kirish,1
http://p-ayme.io/confirm,1
https://github.com/static/css/main.css,0
http://infinbank-bank.org/tolov,1
https://prokuratura.uz/uz/hizmatlar,0
http://click-bank.io/kirish,1
http://texagroank.net/kirish,1
https://sog-liqni-saqlash.uz/news,0
https://paynet.uz/api,0
http://texagrobank-2024.kz/karta/faollashtirish,1
http://62.250.173.195/payme/auth,1
http://kapi-talbank.com/auth,1
https://www.cloud.google.com/main,0
http://real-payme.com/cards/activate,1
https://www.youtube.com/robots.txt,0
http://uzcrd.co/payment/confirm,1
https://edu.uz/uz/hizmatlar,0
http://trastbank-service.kz/p?redirect=true,1
http://nbu-card.ru/login?next=%2Faccount,1
https://tdiu.uz/2024/,0
https://court.uz/docs,0
http://real-agrobank.com/secure/login,1
http://iptekabank.net/p?redirect=true,1
http://aloqabank-service.io/tolov,1
https://www.dunyo.uz/app,0
https://science.org/api/v1/health,0
http://trastban.net/account/verify,1
http://verify-hamkorbank.com/tolov,1
https://google.com/register,0
http://116.58.185.207:8080/payme/p?redirect=true,1
http://real-agrobank.co/secure/login,1
http://aloqaba-nk.net/kirish,1
https://sog-liqni-saqlash.uz/products/list,0
http://trastbank-bank.ru/secure/login,1
https://facebook.com/banking,0
https://reuters.com/download,0
https://pypi.org/docs,0
http://clcik.co/login,1
http://200.90.48.136:8080/uzcard/kirish,1
http://sqb-bank.org/hisob,1
http://new-agrobank.io/secure/login,1
http://tbcbank.xyz/cards/activate,1
http://best-infinbank.com/secure/login,1
https://xs.uz/main,0
http://ipoteka-bank.net/hisob,1
http://ipak-yulibank.io/login,1
http://apelsin-bank.uz/account/verify,1
https://www.npmjs.com/user/profile,0
http://ipa-kyulibank.com/banking/login,1
http://oson-pay.uz/hisob,1
http://paynet-pay.org/karta/faollashtirish,1
https://developer.mozilla.org/robots.txt,0
http://payme-login.co/p?redirect=true,1
https://www.anorbank.uz/docs,0
https://gazeta.uz/mobile,0
http://pohtabank.com/payment/confirm,1
http://verify-nbu.kz/banking/login,1
https://amazon.com/main,0
http://xalqbnak.net/p?redirect=true,1
http://uz-texagrobank.uz/hisob,1
http://paynet-online.io/auth,1
https://texagrobank.uz/uz/hizmatlar,0
https://netflix.com/privacy,0
https://daryo.uz/home,0
http://apynet.com/payment/confirm,1
https://kommersant.uz/register,0
http://infinbank-card.kz/account/verify,1
http://agrobak.io/p?redirect=true,1
https://spot.uz/home,0
http://new-hamkorbank.co/kirish,1
http://222.20.89.170/uzcard/login,1
http://agrobnak.co/verify,1
https://pochta.uz/user/profile,0
https://nature.com/static/css/main.css,0
http://79.73.101.229/oson/account/verify,1
http://asakabank-xavfsiz.com/banking/login,1
http://31.233.145.226:8080/humo/tolov,1
http://uz-uzum.com/secure/login,1
https://www.github.com/index.html,0
http://xalqba-nk.kz/kirish,1
https://aws.amazon.com/,0
https://economist.com/banking,0
http://asakaban-k.ru/transfer,1
http://106.131.65.225:8080/ipakyulibank/tolov,1
http://btcbank.org/verify,1
http://huom.net/hisob,1
http://ipa-kyulibank.uz/payment/confirm,1
http://ioptekabank.ru/auth,1
https://hamkorbank.uz/en,0
https://www.reddit.com/report,0
https://slack.com/security,0
https://tbcbank.uz/ru/about,0
http://znp7uya7zp8pwn40e.info/banking/login,1
http://humo-uz.co/karta/faollashtirish,1
http://zum.io/karta/faollashtirish,1
http://grobank.co/auth,1
https://www.facebook.com/transfer,0
http://ztsxazvk626ufi0rsz5z.site/secure/login,1
http://ipakyulbank.ru/secure/login,1
https://npmjs.com/privacy,0
https://prokuratura.uz/news,0
http://xalqbank-pay.ru/transfer,1
https://dunyo.uz/history,0
http://official-uzcard.org/confirm,1
http://new-tbcbank.uz/karta/faollashtirish,1
http://agrobank-bank.com/login,1
http://aloq-abank.io/p?redirect=true,1
https://cloud.google.com/login,0
http://texarobank.io/karta/faollashtirish,1
http://texagrobank.uz@malicious013.com/kirish,1
http://iotekabank.uz/auth,1
http://uzcardd.com/account/verify,1
http://k4p1t41b4nk.org/hisob,1
https://nuu.uz/settings,0
http://cick.co/payment/confirm,1
http://anrobank.net/karta/faollashtirish,1
http://clikc.com/verify,1
https://www.pharmi.uz/login,0
http://xalqbank-secure.net/hisob,1
https://bibim.uz/privacy,0
http://tbcbank.ml/cards/activate,1
http://official-uzpost.co/secure/login,1
http://new-tbcbank.io/transfer,1
https://www.my.gov.uz/cards,0
https://www.ijro.uz/media,0
https://agrobank.uz/home,0
http://pochtabank-2024.kz/login?next=%2Faccount,1
http://xalqbank-2024.io/verify,1
https://npmjs.com/user/profile,0
http://agrboank.ru/account/verify,1
http://texagr-obank.uz/login?next=%2Faccount,1
http://new-paynet.ru/login,1
http://ipakyulbank.co/verify,1
http://agrobnak.org/hisob,1
https://uza.uz/dashboard,0
https://parlament.uz/api,0
https://www.economist.com/report,0
http://aloqabank-confirm.com/account/verify,1
http://click-online.ru/verify,1
https://www.netflix.com/user/profile,0
http://apyme.kz/tolov,1
http://155.149.198.75/uzcard/verify,1
http://hamkorbankverify.com/kirish,1
http://login-infinbank.kz/cards/activate,1
http://ipakyuli-bank.kz/hisob,1
https://bing.com/logout,0
http://xalqbak.co/auth,1
http://138.249.115.164:8080/aloqabank/tolov,1
http://tra-stbank.uz/tolov,1
http://aloqabnak.com/banking/login,1
http://online-uzpost.kz/payment/confirm,1
http://nbu-service.org/karta/faollashtirish,1
https://www.youtube.com/blog,0
http://uzpost-online.co/secure/login,1
http://216.74.216.197:8080/asakabank/secure/login,1
http://uzpst.net/login?next=%2Faccount,1
http://240.19.86.104/click/p?redirect=true,1
http://aloqabank-net.net/hisob,1
https://pochta.uz/register,0
http://apelsin-login.io/verify,1
https://hamkorbank.uz/notifications,0
http://online-aloqabank.com/login?next=%2Faccount,1
https://amazon.com/terms,0
https://tdiu.uz/index.html,0
https://youtube.com/sitemap.xml,0
http://apyme.io/secure/login,1
http://pochtaabnk.ru/transfer,1
https://www.mehnat.uz/security,0
https://zamin.uz/home,0
http://135.43.103.207:8080/apelsin/login,1
http://kpaitalbank.ru/kirish,1
https://wordpress.com/uz,0
https://xb.uz/robots.txt,0
https://asakabank.uz/uz/hizmatlar,0
http://hamkorbnk.co/verify,1
https://agrobank.uz/category/services,0
http://verify-uzpost.com/auth,1
http://170.180.217.203:8080/trastbank/account/verify,1
http://login-pochtabank.kz/secure/login,1
http://agrobnk.org/p?redirect=true,1
http://pa-yme.kz/login?next=%2Faccount,1
http://asakabank-uz.kz/secure/login,1
http://tbcbankk.net/secure/login,1
http://aloq-abank.uz/banking/login,1
http://texagroba-nk.co/confirm,1
https://cloud.google.com/report,0
http://uzcad.net/confirm,1
http://infinbank-card.net/login?next=%2Faccount,1
https://www.instagram.com/terms,0
http://hamorbank.ru/login?next=%2Faccount,1
http://146.188.54.42/aloqabank/cards/activate,1
http://uzcard.uz@malicious002.com/kirish,1
https://reuters.com/api/v1/health,0
http://clic.kz/account/verify,1
http://verify-humo.com/p?redirect=true,1
http://kapitalbank-card.org/account/verify,1
http://kaitalbank.uz/hisob,1
http://my-hamkorbank.kz/cards/activate,1
http://5d157u2q4nrvj.rest/tolov,1
https://epay.uz/dashboard,0
https://linkedin.com/privacy,0
https://sqb.uz/api/v1/health,0
http://secure-uzcard.kz/verify,1
https://dunyo.uz/report,0
https://gazeta.uz/uploads,0
http://cli-ck.uz/verify,1
https://paypal.com/2024/,0
http://infinbakn.co/p?redirect=true,1
http://apelsinconfirm.com/login?next=%2Faccount,1
https://facebook.com/dashboard,0
https://e-gov.uz/api/v1/health,0
https://ipakyulibank.uz/transfer,0
http://214.57.239.187/ipotekabank/kirish,1
http://asakabank-login.net/karta/faollashtirish,1
http://uz-payme.net/secure/login,1
http://aloqa-bank.io/confirm,1
http://229.193.224.95:8080/agrobank/hisob,1
https://www.youtube.com/products,0
http://asakabakn.com/transfer,1
http://19.252.130.234/asakabank/login?next=%2Faccount,1
http://paynet-secure.net/secure/login,1
http://my-infinbank.ru/auth,1
http://login-aloqabank.kz/p?redirect=true,1
https://www.wsj.com/help,0
https://trastbank.uz/,0
https://www.asakabank.uz/category/services,0
https://tsue.uz/services,0
http://ipakyulibnk.net/kirish,1
http://190.149.218.53:8080/ipotekabank/verify,1
http://secure-texagrobank.co/verify,1
https://mytaxi.uz/services,0
http://vgd1x8l3jda0hxv2zot.site/payment/confirm,1
https://google.com/history,0
https://mytaxi.uz/uz,0
https://e-gov.uz/faq,0
https://www.bloomberg.com/ru/about,0
https://www.mytaxi.uz/api,0
https://www.mdis.uz/report,0
http://t3x4gr0b4nk.org/login?next=%2Faccount,1
https://trastbank.uz/privacy,0
http://texa-grobank.uz/verify,1
https://docs.python.org/history,0
http://ipotkabank.org/login,1
http://ipakyulibank-net.kz/login?next=%2Faccount,1
https://mehnat.uz/privacy,0
http://uzp05t.kz/login,1
http://texagroban.uz/login?next=%2Faccount,1
http://tbcbankk.co/verify,1
https://uzum.uz/main,0
https://anorbank.uz/products,0
https://dunyo.uz/settings,0
http://uzpost-login.org/cards/activate,1
https://apple.com/services,0
http://new-nbu.com/auth,1
https://kapitalbank.uz/ru/about,0
http://109.140.199.20/texagrobank/tolov,1
http://payme-pay.com/p?redirect=true,1
https://paynet.uz@malicious013.com/login,1
http://tbcbank-pay.io/login?next=%2Faccount,1
https://kapitalbank.uz/uz,0
https://apelsin.uz/dashboard,0
https://ijro.uz/search,0
https://azure.microsoft.com/category/news,0
https://www.economist.com/api,0
https://sputniknews.uz/wiki,0
http://my-agrobank.org/kirish,1
http://uzum-pay.io/login?next=%2Faccount,1
http://texagrobank-bank.kz/cards/activate,1
http://410q4b4nk.io/kirish,1
http://tasdiqlash-xalqbank.uz/banking/login,1
https://customs.uz/app,0
http://tbcbnk.org/kirish,1
https://asakabank.uz/wiki,0
http://iapkyulibank.ru/secure/login,1
http://oosn.ru/confirm,1
http://xaqbank.net/login,1
http://uz-ipakyulibank.kz/verify,1
http://sqb-uz.uz/login,1
http://kapitalbank-2024.kz/p?redirect=true,1
http://anorb-ank.org/banking/login,1
https://www.gmail.com/media,0
https://bing.com/main,0
http://online-ipakyulibank.uz/cards/activate,1
http://uzum-service.com/account/verify,1
https://github.com/home,0
http://norbank.ru/banking/login,1
https://mastercard.com/ru,0
http://uz-sqb.kz/account/verify,1
http://ipakyulibnk.com/login,1
http://ipotekabank-uz.co/cards/activate,1
http://ipakyulibank-verify.com/kirish,1
http://xalqbank-pay.ru/confirm,1
https://azure.microsoft.com/mobile,0
http://click-bank.org/karta/faollashtirish,1
https://xalqbank.uz/register,0
http://pochtaba-nk.com/secure/login,1
https://wsj.com/user/profile,0
http://infinbakn.net/hisob,1
http://texagrbank.co/transfer,1
http://paynet-confirm.com/auth,1
http://clck.kz/transfer,1
http://pochtabank.uz@malicious004.com/kirish,1
http://paym-e.uz/tolov,1
https://trastbank.uz/2024/,0
http://apynet.uz/karta/faollashtirish,1
https://www.ipotekabank.uz/search,0
https://instagram.com/faq,0
https://nytimes.com/uploads,0
https://gazeta.uz/home,0
https://interfax.uz/category/services,0
http://201.245.43.3:8080/apelsin/login,1
http://tbcbank-login.uz/verify,1
http://txeagrobank.com/transfer,1
http://uzc-ard.org/tolov,1
http://ipakyulibank-card.org/banking/login,1
https://texagrobank.uz/category/news,0
http://secure-ipakyulibank.uz/payment/confirm,1
http://37.229.126.41/payme/cards/activate,1
http://xalqbank-pay.com/p?redirect=true,1
http://h-umo.co/karta/faollashtirish,1
http://uzpost-card.io/login,1
https://mehnat.uz/about-us,0
http://ipakyluibank.io/p?redirect=true,1
http://paynet-uz.verify-account.net/p?redirect=true,1
http://amkorbank.com/auth,1
http://xavfsiz-ipakyulibank.uz/hisob,1
http://167.110.188.52/texagrobank/cards/activate,1
https://www.dropbox.com/about-us,0
http://kapital-bank.kz/banking/login,1
http://infinbank-2024.uz/p?redirect=true,1
http://anorban.io/p?redirect=true,1
http://trastba-nk.co/confirm,1
https://netflix.com/download,0
http://xalqbankk.com/payment/confirm,1
https://facebook.com/news,0
http://182.207.164.24:8080/infinbank/payment/confirm,1
http://teagrobank.co/tolov,1
http://texagrobank-login.net/confirm,1
http://nbu-pay.ru/tolov,1
http://humo.online/auth,1
https://click.uz@malicious011.com/login,1
http://humo.online/karta/faollashtirish,1
http://pochtab-ank.ru/tolov,1
https://apple.com/download,0
https://adobe.com/analytics,0
http://uzard.org/secure/login,1
https://www.yahoo.com/notifications,0
http://i-nfinbank.com/confirm,1
http://pa-ynet.uz/confirm,1
http://my-hamkorbank.ru/tolov,1
https://zoom.us/profile,0
http://tbcb4nk.org/login?next=%2Faccount,1
http://tras-tbank.net/hisob,1
https://epay.uz/payments,0
http://anorank.com/account/verify,1
http://uzum.ga/login,1
http://tb-cbank.uz/login,1
http://ipaykulibank.ru/p?redirect=true,1
http://112.203.216.137/ipakyulibank/kirish,1
https://sqb.uz/uploads,0
https://youtube.com/profile,0
http://hamkorb-ank.uz/auth,1
https://asakabank.uz/history,0
https://www.mastercard.com/media,0
https://www.gov.uz/help,0
https://aws.amazon.com/uz,0
https://kapitalbank.uz/profile,0
http://uzca-rd.net/tolov,1
http://ipotekabank-service.ru/login?next=%2Faccount,1
http://texgarobank.org/p?redirect=true,1
http://payme-secure.io/hisob,1
http://new-asakabank.com/secure/login,1
https://bing.com/category/services,0
http://trastbank.buzz/transfer,1
http://uz-uzcard.co/secure/login,1
https://www.uznet.uz/cards,0
https://aws.amazon.com/uploads,0
http://apelsin-online.io/hisob,1
http://i-nfinbank.org/tolov,1
http://a-norbank.com/payment/confirm,1
http://asakabank-bank.io/secure/login,1
https://kun.uz/notifications,0
http://kapitalb-ank.com/secure/login,1
https://www.aws.amazon.com/main,0
https://nbu.uz/payments,0
http://c11ck.com/karta/faollashtirish,1
http://237.242.71.187:8080/humo/login,1
http://login-kapitalbank.uz/secure/login,1
http://secure-click.io/tolov,1
http://p-ochtabank.uz/confirm,1
http://17.190.126.55/xalqbank/karta/faollashtirish,1
http://kpaitalbank.uz/hisob,1
http://texagrboank.com/auth,1
http://uz-hamkorbank.io/cards/activate,1
https://ijro.uz/docs,0
https://office.com/notifications,0
https://zamin.uz/wiki,0
https://gov.uz/2024/,0
http://verify-tbcbank.net/payment/confirm,1
http://pelsin.org/hisob,1
https://ebay.com/dashboard,0
http://my-pochtabank.net/tolov,1
https://office.com/category/news,0
https://oson.uz/dashboard,0
https://amazon.com/register,0
https://cloudflare.com/terms,0
http://ha-mkorbank.ru/kirish,1
http://trastb-ank.ru/login?next=%2Faccount,1
https://www.ems.uz/notifications,0
https://humans.uz/media,0
http://official-oson.org/cards/activate,1
http://uzc-ard.kz/cards/activate,1
http://uz-aloqabank.net/secure/login,1
http://uz-sqb.uz/confirm,1
http://os-on.com/auth,1
http://asakabank-net.kz/login,1
http://ipakyul-ibank.co/tolov,1
https://www.microsoft.com/en/services,0
http://login-trastbank.io/account/verify,1
https://pypi.org/login,0
http://pochtabank-card.io/banking/login,1
http://xa-lqbank.net/karta/faollashtirish,1
http://pochtabank-2024.com/login,1
http://aolqabank.net/secure/login,1
http://asakaban-k.uz/kirish,1
https://nbu.uz/en,0
http://texarobank.org/account/verify,1
https://trastbank.uz/wiki,0
https://facebook.com/uz/hizmatlar,0
http://pame.com/transfer,1
http://agroban-k.io/verify,1
http://agr-obank.uz/verify,1
http://agrobankk.uz/login,1
http://click-service.kz/auth,1
http://alqabank.org/secure/login,1
http://asakabank.uz.payment-confirm.ru/hisob,1
https://sqb.uz/download,0
http://uz-hamkorbank.net/login?next=%2Faccount,1
http://uzu-m.kz/transfer,1
https://pochta.uz/download,0
https://reuters.com/api,0
http://kapitalabnk.kz/verify,1
http://nbu-secure.com/tolov,1
http://infnbank.ru/auth,1
http://02rxuvzz08w13c530.ga/verify,1
https://theguardian.com/news,0
https://mdis.uz/messages,0
http://ipoteka-bank.net/tolov,1
https://www.hub.docker.com/uploads,0
http://amkorbank.net/account/verify,1
https://kun.uz/contact,0
https://kun.uz/transfer,0
https://www.agrobank.uz/,0
https://tdiu.uz/support,0
http://hamkorbank-net.org/account/verify,1
http://xaqbank.io/tolov,1
http://sqb-card.net/account/verify,1
http://30.154.158.179/infinbank/transfer,1
http://new-agrobank.co/cards/activate,1
http://uz-infinbank.co/tolov,1
http://x41qb4nk.io/hisob,1
https://uzinfocom.uz/download,0
http://texagorbank.ru/tolov,1
http://alqabank.com/tolov,1
http://kpitalbank.org/cards/activate,1
http://verify-payme.org/account/verify,1
https://stripe.com/category/news,0
http://payme-2024.net/banking/login,1
https://www.interfax.uz/settings,0
http://uzpost-pay.ru/karta/faollashtirish,1
https://kommersant.uz/ru/about,0
http://login-aloqabank.io/tolov,1
http://oson-secure.io/account/verify,1
http://trastbak.net/karta/faollashtirish,1
https://ft.com/home,0
https://xb.uz/download,0
http://osn.ru/transfer,1
https://bloomberg.com/settings,0
https://apelsin.uz@malicious012.com/login,1
http://online-click.kz/tolov,1
http://trasbank.com/auth,1
http://norbank.org/p?redirect=true,1
http://110.14.190.79/hamkorbank/tolov,1
https://sqb.uz/products/list,0
http://login-humo.kz/tolov,1
http://infinbank.site/kirish,1
https://hamkorbank.uz/cards,0
https://linkedin.com/services,0
http://uz-aloqabank.org/confirm,1
http://real-uzcard.kz/auth,1
http://login-apelsin.co/confirm,1
http://verify-ipakyulibank.net/login?next=%2Faccount,1
http://clickk.org/transfer,1
http://real-sqb.uz/account/verify,1
https://ijro.uz/media,0
https://ems.uz/en/services,0
https://humo.uz/dashboard,0
https://ebay.com/settings,0
https://www.sqb.uz/faq,0
https://spot.uz/ru/about,0
http://xa-lqbank.com/karta/faollashtirish,1
https://wikipedia.org/dashboard,0
http://aorbank.io/login,1
http://207.104.187.118/texagrobank/login?next=%2Faccount,1
https://npmjs.com/help,0
https://uzcard.uz/user/profile,0
http://best-humo.ru/account/verify,1
http://kapita-lbank.io/hisob,1
https://kommersant.uz/uz,0
http://infinba-nk.uz/confirm,1
http://verify-infinbank.ru/tolov,1
http://al-oqabank.kz/transfer,1
http://pochtab-ank.uz/verify,1
http://ipakyulibank.ga/kirish,1
https://www.samdu.uz/about,0
http://new-apelsin.net/payment/confirm,1
https://pochta.uz/api/v1/health,0
https://reuters.com/offers,0
https://www.nuu.uz/uploads,0
https://president.uz/dashboard,0
https://sog-liqni-saqlash.uz/home,0
https://pochta.uz/banking,0
http://pochtabank-service.com:9090/login,1
https://www.tbcbank.uz/profile,0
https://mf.uz/cards,0
https://ipotekabank.uz/privacy,0
https://www.nuu.uz/user/profile,0
https://www.stackoverflow.com/support,0
http://asakaabnk.io/confirm,1
https://www.sputniknews.uz/register,0
http://secure-humo.org/transfer,1
http://trastbnak.net/p?redirect=true,1
http://uzcad.ru/tolov,1
http://aloqbank.org/payment/confirm,1
https://reuters.com/products/list,0
http://osonn.io/hisob,1
http://tbcbankk.org/kirish,1
https://interfax.uz/logout,0
http://uzm.org/secure/login,1
https://www.mytaxi.uz/messages,0
https://www.paynet.uz/api,0
http://best-paynet.com/payment/confirm,1
https://aws.amazon.com/transfer,0
http://click.uz@malicious008.com/kirish,1
http://s-qb.com/,1
http://anorabnk.io/secure/login,1
https://www.ipotekabank.uz/transfer,0
https://youtube.com/home,0
https://www.anorbank.uz/ru,0
https://license.uz/notifications,0
http://pame.com/verify,1
http://payme.info/payment/confirm,1
http://humo-account.com/cards/activate,1
http://sqb-online.uz/auth,1
http://real-asakabank.ru/login?next=%2Faccount,1
https://amazon.com/api,0
http://p4yn3t.net/tolov,1
http://asakabnak.kz/login,1
https://cloudflare.com/ru,0
https://spot.uz/products,0
http://c-lick.net/verify,1
https://president.uz/mobile,0
https://shopify.com/transfer,0
http://best-humo.uz/login,1
http://8kasifmqacfo1yn1u4l8x.buzz/payment/confirm,1
https://ipakyulibank.uz@malicious014.com/login,1
http://secure-oson.uz/confirm,1
http://asakabank.uz@malicious012.com/kirish,1
https://sqb.uz/offers,0
https://gazeta.uz/logout,0
http://tbcbak.io/payment/confirm,1
http://aloqabakn.uz/login?next=%2Faccount,1
http://aloq-abank.uz/account/verify,1
https://epay.uz/faq,0
https://ipotekabank.uz/media,0
http://uzpost.online/account/verify,1
http://aloqaank.org/login,1
https://uznet.uz/faq,0
https://epay.uz/ru,0
http://ipakyulibank-login.io/verify,1
https://www.mytaxi.uz/security,0
http://login-apelsin.org/p?redirect=true,1
http://infinb-ank.com/payment/confirm,1
http://zpost.io/karta/faollashtirish,1
https://mastercard.com/mobile,0
http://xalqbak.kz/confirm,1
http://my-infinbank.com/cards/activate,1
http://click-uz.kz/banking/login,1
http://151.208.248.84:8080/pochtabank/confirm,1
http://ipakulibank.io/hisob,1
https://www.mehnat.uz/services,0
http://anorba-nk.ru/banking/login,1
https://adobe.com/contact,0
https://kapitalbank.uz/offers,0
https://hamkorbank.uz/media,0
http://aloqaabnk.uz/verify,1
https://www.tma.uz/services,0
https://asakabank.uz/products/list,0
http://verify-kapitalbank.com/transfer,1
http://official-kapitalbank.ru/hisob,1
http://axlqbank.net/login,1
http://agrobank-net.co/auth,1
https://visa.com/2024/,0
http://secure-ipakyulibank.uz.phish.xyz/verify,1
https://twitter.com/category/services,0
http://54.177.187.214/uzum/auth,1
http://nbuu.org/karta/faollashtirish,1
http://iptekabank.ru/login?next=%2Faccount,1
http://ipakyulibank.buzz/payment/confirm,1
https://qalampir.uz/ru/about,0
http://aplsin.uz/p?redirect=true,1
https://gov.uz/products/list,0
http://official-humo.io/cards/activate,1
http://ochtabank.net/banking/login,1
https://tuit.uz/app,0
https://customs.uz/en,0
http://my-texagrobank.net/login,1
http://official-humo.org/secure/login,1
http://real-oson.io/login,1
https://youtube.com/en/services,0
http://anorabnk.uz/confirm,1
https://science.org/uz,0
http://170.155.165.15/asakabank/secure/login,1
http://texag-robank.ru/auth,1
https://www.dropbox.com/messages,0
http://uzp-ost.kz/auth,1
https://uza.uz/help,0
http://pay-apelsin.uz/tolov,1
https://www.shopify.com/2024/,0
http://texagobank.uz/verify,1
https://www.interfax.uz/search,0
https://www.trastbank.uz/api/v1/health,0
http://an-orbank.uz/transfer,1
http://kapitalbank-login.co/cards/activate,1
https://www.yoshlar.uz/settings,0
http://p-ochtabank.com/confirm,1
http://tb-cbank.org/confirm,1
http://official-paynet.ru/confirm,1
http://ap-elsin.net/transfer,1
http://secure-oson.org/banking/login,1
https://www.visa.com/api/v1/health,0
https://office.com/ru/about,0
https://www.bing.com/robots.txt,0
http://new-trastbank.com/kirish,1
https://wordpress.com/user/profile,0
http://pchtabank.kz/login?next=%2Faccount,1
http://login-tbcbank.co/login?next=%2Faccount,1
http://infinban-k.com/account/verify,1
https://pochtabank.uz/app,0
http://tbcbank-2024.net/cards/activate,1
http://humo-bank.uz/cards/activate,1
http://uzumm.org/tolov,1
https://www.pochta.uz/dashboard,0
http://trastbank-net.com/login,1
https://www.microsoft.com/terms,0
https://kapitalbank.uz/category/news,0
http://ipakyulibnk.com/kirish,1
http://ipakyu-libank.uz/karta/faollashtirish,1
http://my-agrobank.co/karta/faollashtirish,1
https://www.bing.com/media,0
http://humo.uz@malicious001.com/kirish,1
https://ems.uz/ru/about,0
http://uzum-2024.uz/cards/activate,1
https://www.zoom.us/uz/hizmatlar,0
http://5.184.77.42:8080/click/cards/activate,1
http://ipakyulbiank.io/tolov,1
http://official-uzpost.uz/cards/activate,1
http://ipotekabank-pay.org/confirm,1
http://real-anorbank.com/p?redirect=true,1
http://mx1vzap3oe.info/verify,1
https://www.epay.uz/category/news,0
http://paynet-card.net/transfer,1
http://online-click.kz/hisob,1
https://mdis.uz/faq,0
http://uzum-bank.io/p?redirect=true,1
https://www.president.uz/category/news,0
http://real-oson.org/confirm,1
https://texagrobank.uz/en/services,0
http://texagrobnk.uz/login,1
https://stat.uz/category/services,0
http://official-trastbank.ru/secure/login,1
https://www.docs.python.org/help,0
http://trastbankk.io/kirish,1
https://www.uznet.uz/download,0
http://soon.ru/auth,1
https://trastbank.uz/user/profile,0
http://ipotekabakn.co/p?redirect=true,1
http://my-pochtabank.co/secure/login,1
http://anorbnak.uz/verify,1
https://www.youtube.com/products/list,0
https://dunyo.uz/about-us,0
http://apesin.net/p?redirect=true,1
https://xs.uz/docs,0
http://trastban-k.net/hisob,1
http://click.site/secure/login,1
http://xalqbank.rest/cards/activate,1
http://uz-humo.kz/tolov,1
https://aloqabank.uz/en,0
http://uz-texagrobank.kz/secure/login,1
https://www.bibim.uz/category/services,0
http://verify-uzcard.com/verify,1
https://economist.com/blog,0
http://new-uzum.co/auth,1
http://uzcard-service.ru/confirm,1
http://login-anorbank.net/auth,1
https://www.gov.uz/register,0
https://azure.microsoft.com/wiki,0
http://nbu-card.com/hisob,1
http://1p0t3k4b4nk.uz/karta/faollashtirish,1
http://new-hamkorbank.co/hisob,1
http://uz-tbcbank.org/karta/faollashtirish,1
https://hamkorbank.uz/2024/,0
https://www.developer.mozilla.org/dashboard,0
http://trastbank-secure.com/confirm,1
https://zamin.uz/index.html,0
http://osonaccount.com/login,1
https://stripe.com/user/profile,0
http://ipakyuliba-nk.com/tolov,1
https://www.bbc.com/uz/hizmatlar,0
https://kubernetes.io/offers,0
https://gmail.com/home,0
http://real-hamkorbank.org/payment/confirm,1
http://asakabank-kirish.com/cards/activate,1
https://www.tdiu.uz/banking,0
http://tbcbakn.kz/confirm,1
https://www.soliq.uz/en,0
https://www.gazeta.uz/notifications,0
https://www.sqb.uz/payments,0
http://paymetasdiqlash.com/hisob,1
http://uzcard-net.net/transfer,1
http://ha-mkorbank.co/karta/faollashtirish,1
https://economist.com/search,0
https://pypi.org/security,0
http://u-zcard.kz/payment/confirm,1
https://wsj.com/help,0
https://license.uz/uploads,0
http://s-qb.org/,1
http://aloqabank-net.com/kirish,1
http://humo-login.co/karta/faollashtirish,1
http://uz-um.kz/payment/confirm,1
https://payme.uz/contact,0
http://asakabakn.net/account/verify,1
https://uznet.uz/download,0
http://ipotekabank-bank.org/verify,1
https://tuit.uz/ru,0
https://uzum.uz/en,0
http://official-paynet.co/secure/login,1
http://verify-agrobank.net/transfer,1
http://infinbankkirish.com/login,1
http://pochtbank.uz/verify,1
https://paypal.com/api/v1/health,0
http://anorabnk.net/account/verify,1
https://amazon.com/mobile,0
http://kapitalba-nk.co/login?next=%2Faccount,1
https://soliq.uz/about,0
https://sqb.uz/report,0
https://dropbox.com/uploads,0
https://www.oson.uz/blog,0
http://asakab-ank.uz/p?redirect=true,1
https://agrobank.uz/transfer,0
http://agorbank.io/account/verify,1
http://uz-uzum.ru/p?redirect=true,1
http://my-tbcbank.uz/p?redirect=true,1
https://www.uzinfocom.uz/wiki,0
http://apelsi-n.co/login?next=%2Faccount,1
https://www.gazeta.uz/news,0
https://humans.uz/faq,0
http://agrbank.org/p?redirect=true,1
http://uzcard-pay.uz/kirish,1
http://trastbank-uz.net/karta/faollashtirish,1
https://netflix.com/contact,0
https://ebay.com/home,0
http://payme-online.co/karta/faollashtirish,1
https://ipakyulibank.uz/api,0
http://real-pochtabank.ru/tolov,1
https://www.paypal.com/help,0
https://www.mytaxi.uz/payments,0
http://35.118.122.19/apelsin/tolov,1
http://oson-uz.ru/transfer,1
https://gazeta.uz/register,0
http://ipakyu-libank.com/account/verify,1
https://nbu.uz/terms,0
http://real-oson.co/confirm,1
http://click-uz.net/hisob,1
http://paymee.co/confirm,1
https://www.aws.amazon.com/home,0
http://kapitalb-ank.org/banking/login,1
http://new-click.uz/confirm,1
http://76.152.172.219:8080/texagrobank/payment/confirm,1
https://aloqabank.uz/home,0
http://my-payme.kz/karta/faollashtirish,1
https://hamkorbank.uz/faq,0
https://tdiu.uz/docs,0
https://www.ipakyulibank.uz/notifications,0
http://secure-sqb.com/kirish,1
http://tras-tbank.org/kirish,1
http://agrobank-card.uz/,1
http://pcohtabank.com/account/verify,1
http://kaptalbank.net/p?redirect=true,1
http://verify-anorbank.ru/kirish,1
http://hamkorbank-bank.org/auth,1
http://infinbank-2024.com/confirm,1
http://1p4kyu11b4nk.com/payment/confirm,1
http://kapitalbank-service.io/login?next=%2Faccount,1
http://uzcard-net.co/login?next=%2Faccount,1
http://trastbank-secure.co/kirish,1
https://reuters.com/settings,0
http://uum.uz/cards/activate,1
https://sputniknews.uz/products,0
http://acy3fwz94dybo0a.top/account/verify,1
http://aloq-abank.kz/cards/activate,1
http://infinbank.uz.account-verify.net/tolov,1
https://www.tsue.uz/en/services,0
https://www.xb.uz/app,0
http://uz-ipakyulibank.net/kirish,1
http://4p3151n.uz/p?redirect=true,1
http://n-bu.com/confirm,1
http://nbu-confirm.com/p?redirect=true,1
https://parlament.uz/download,0
http://login-nbu.com/secure/login,1
http://uzm.com/secure/login,1
http://my-agrobank.co/cards/activate,1
https://www.xalqbank.uz/home,0
http://hum-o.co/login?next=%2Faccount,1
http://infinbank-uz.net/hisob,1
http://159.149.28.224:8080/ipakyulibank/tolov,1
https://dropbox.com/help,0
http://aloqabakn.ru/cards/activate,1
http://ipot-ekabank.net/payment/confirm,1
http://nub.uz/account/verify,1
http://164.109.212.237/anorbank/verify,1
http://pochtabank-card.uz/login?next=%2Faccount,1
http://sqbtasdiqlash.com/payment/confirm,1
https://science.org/index.html,0
https://ft.com/api/v1/health,0
http://212.223.30.54:8080/uzum/login?next=%2Faccount,1
https://cnn.com/history,0
http://login-xalqbank.uz/tolov,1
http://new-agrobank.com/p?redirect=true,1
http://asakabank-secure.io/confirm,1
http://kapitalbank-uz.com/transfer,1
https://tdiu.uz/user/profile,0
https://cloudflare.com/robots.txt,0
https://amazon.com/search,0
https://uza.uz/payments,0
http://trastbank-card.net/secure/login,1
http://t3x4gr0b4nk.kz/cards/activate,1
http://uzpost-login.ru/transfer,1
http://secure-agrobank.com/login,1
http://real-aloqabank.uz/banking/login,1
http://texagrobank-login.io/verify,1
http://agrobakn.net/login,1
https://xalqbank.uz/index.html,0
http://uz-tbcbank.kz/secure/login,1
http://agroban.com/auth,1
http://best-oson.net/secure/login,1
https://hamkorbank.uz/robots.txt,0
http://zkjfs59h9xdelltr.buzz/banking/login,1
http://tasdiqlash-texagrobank.uz/auth,1
http://asakbaank.com/login?next=%2Faccount,1
https://forbes.com/register,0
http://anorbank-online.org/confirm,1
https://zamin.uz/user/profile,0
https://www.linkedin.com/sitemap.xml,0
http://akpitalbank.uz/auth,1
https://www.reddit.com/products/list,0
http://ipakyuliban.net/verify,1
http://click.cf/cards/activate,1
http://ipotek-abank.ru/secure/login,1
http://asak-abank.kz/login,1
http://aakabank.kz/auth,1
http://official-agrobank.ru/account/verify,1
http://apels-in.io/transfer,1
https://epay.uz/login,0
https://www.oson.uz/banking,0
https://www.tbcbank.uz/register,0
http://secure-agrobank.com/tolov,1
http://apelsin-login.net/kirish,1
https://wsj.com/contact,0
https://economist.com/faq,0
https://nuu.uz/report,0
http://asakabank.uz@malicious002.com/kirish,1
http://official-kapitalbank.kz:9090/login,1
https://uzcard.uz/support,0
http://infinbnk.ru/account/verify,1
https://apple.com/support,0
http://agroban-k.io/tolov,1
http://umo.co/account/verify,1
https://yahoo.com/sitemap.xml,0
http://hamkorbank-secure.uz/banking/login,1
http://139.73.47.125:8080/sqb/login,1
http://161.169.77.185/sqb/transfer,1
http://agrobakn.uz/secure/login,1
http://real-uzcard.uz/tolov,1
https://www.kubernetes.io/download,0
http://trastbnk.net/transfer,1
http://uzacrd.co/confirm,1
https://apple.com/,0
https://pharmi.uz/docs,0
http://official-agrobank.com/tolov,1
https://xalqbank.uz/static/css/main.css,0
http://tbcbank-pay.uz/transfer,1
http://apelsin-login.com/login?next=%2Faccount,1
http://real-aloqabank.io/login?next=%2Faccount,1
https://ipakyulibank.uz/about,0
http://agrobank-net.ru/tolov,1
http://aloqabnk.com/hisob,1
http://185.83.131.78/agrobank/login?next=%2Faccount,1
https://wix.com/payments,0
http://apelsni.ru/payment/confirm,1
https://epay.uz/uploads,0
http://official-humo.com/login?next=%2Faccount,1
http://infinabnk.org/login?next=%2Faccount,1
https://hamkorbank.uz/static/css/main.css,0
https://uzb.uz/robots.txt,0
http://uzcar.co/banking/login,1
http://kapitablank.net/karta/faollashtirish,1
http://nbuu.co/secure/login,1
https://tuit.uz/analytics,0
https://visa.com/banking,0
https://www.yandex.uz/mobile,0
https://www.license.uz/cards,0
http://payme-secure.kz/cards/activate,1
https://president.uz/logout,0
http://aloqa-bank.uz/transfer,1
http://xalqbank-login.ru/auth,1
https://tuit.uz/api,0
http://infinban-k.co/payment/confirm,1
http://tbcb4nk.uz/tolov,1
https://twitter.com/static/css/main.css,0
http://humo-tasdiqlash.com/tolov,1
http://aelsin.com/cards/activate,1
http://pohctabank.ru/confirm,1
https://yahoo.com/products,0
https://www.microsoft.com/uz/hizmatlar,0
http://ipotekabank-2024.com/confirm,1
http://p4yn3t.com/payment/confirm,1
https://www.pypi.org/uz,0
http://apelsinconfirm.com/hisob,1
http://xalq-bank.ru/tolov,1
http://online-agrobank.uz/login,1
https://e-gov.uz/messages,0
http://iapkyulibank.org:9090/login,1
http://hamkorbank-card.uz/account/verify,1
http://real-agrobank.kz/account/verify,1
http://uzum-bank.ru/banking/login,1
http://tbcba-nk.ru/secure/login,1
https://hub.docker.com/register,0
http://s-qb.uz/payment/confirm,1
http://68.174.186.5:8080/ipakyulibank/p?redirect=true,1
http://hamkrobank.kz/p?redirect=true,1
https://yoshlar.uz/news,0
https://ipotekabank.uz/messages,0
http://kaiptalbank.co/banking/login,1
https://www.cloudflare.com/analytics,0
https://azure.microsoft.com/faq,0
http://teaxgrobank.ru/karta/faollashtirish,1
http://ipoteakbank.co/transfer,1
https://www.e-gov.uz/search,0
https://kapitalbank.uz/transfer,0
http://trastbank-pay.uz/tolov,1
http://oson-uz.co/hisob,1
https://economist.com/,0
https://www.shopify.com/dashboard,0
https://www.apple.com/help,0
http://pochtabank-secure.org/tolov,1
http://tarstbank.ru/login?next=%2Faccount,1
http://cyqvaoo4116sgs5ttno.top/verify,1
https://humo.uz/logout,0
https://payme.uz/home,0
http://secure-nbu.uz.phish.xyz/transfer,1
http://uzpots.com/tolov,1
https://www.wikipedia.org/api/v1/health,0
http://askabank.com/verify,1
http://secure-payme.co/account/verify,1
https://sputniknews.uz/logout,0
http://anorban.co/transfer,1
https://theguardian.com/en/services,0
http://verify-uzum.io/login?next=%2Faccount,1
http://texagrobank-login.io/kirish,1
http://64.140.66.19/tbcbank/tolov,1
http://uzpost-uz.com/tolov,1
http://verify-click.kz/secure/login,1
https://www.prokuratura.uz/privacy,0
http://aloqaban-k.net/verify,1
https://pharmi.uz/settings,0
https://linkedin.com/2024/,0
https://qalampir.uz/home,0
http://tbcba-nk.kz:8443/login,1
http://texagrobank-net.net/login,1
https://e-gov.uz/static/css/main.css,0
http://pochtaabnk.uz/kirish,1
https://www.uza.uz/,0
https://www.stat.uz/category/news,0
https://interfax.uz/register,0
http://anorbank-secure.uz/payment/confirm,1
http://my-paynet.com/confirm,1
https://soliq.uz/banking,0
http://login-kapitalbank.io/karta/faollashtirish,1
https://sqb.uz/blog,0
https://github.com/history,0
https://forbes.com/ru,0
http://oson-account.com/tolov,1
https://www.tsue.uz/privacy,0
https://uznet.uz/security,0
http://login-uzum.com/account/verify,1
https://www.stripe.com/docs,0
http://217.97.123.87:8080/sqb/p?redirect=true,1
http://verify-pochtabank.io/karta/faollashtirish,1
https://podrobno.uz/settings,0
https://www.ebay.com/static/css/main.css,0
http://xalqbank-service.uz/secure/login,1
https://www.kubernetes.io/faq,0
https://www.ipotekabank.uz/terms,0
https://tbcbank.uz/settings,0
http://uzum-login.io/karta/faollashtirish,1
http://clikc.ru/banking/login,1
https://uzb.uz/profile,0
https://www.amazon.com/home,0
http://login-ipotekabank.com/cards/activate,1
https://mastercard.com/app,0
http://aplesin.co/karta/faollashtirish,1
https://asakabank.uz/notifications,0
http://agrobank-2024.io/account/verify,1
http://oson-card.kz/karta/faollashtirish,1
http://42.79.207.5/texagrobank/account/verify,1
http://205.131.138.185:8080/sqb/login?next=%2Faccount,1
https://azure.microsoft.com/robots.txt,0
http://9gqbuviawd.online/payment/confirm,1
http://txeagrobank.com/p?redirect=true,1
http://uzm.io/transfer,1
http://secure-pochtabank.ru/hisob,1
https://gazeta.uz/about-us,0
https://bbc.com/security,0
http://texagrobankverify.com/karta/faollashtirish,1
http://best-uzpost.io/tolov,1
https://www.uzinfocom.uz/privacy,0
http://real-uzpost.com/account/verify,1
http://payme.ml/secure/login,1
https://www.visa.com/uz,0
http://osonn.org/p?redirect=true,1
http://login-pochtabank.kz/hisob,1
https://sog-liqni-saqlash.uz/download,0
https://xb.uz/ru/about,0
https://mehnat.uz/download,0
https://cloud.google.com/docs,0
https://gmail.com/notifications,0
http://tasdiqlash-aloqabank.uz/cards/activate,1
https://infinbank.uz/category/news,0
https://parlament.uz/payments,0
https://my.gov.uz/profile,0
http://pochtabank-online.io/tolov,1
http://116.58.185.207/payme/p?redirect=true,1
http://kapitablank.net/login?next=%2Faccount,1
http://zum.net/banking/login,1
http://ucard.uz/login?next=%2Faccount,1
https://www.xalqbank.uz/banking,0
http://xalqank.com/login,1
http://uzpos-t.com/payment/confirm,1
https://gmail.com/messages,0
http://login-uzpost.ru/account/verify,1
https://www.tbcbank.uz/,0
https://www.spot.uz/support,0
http://verify-kapitalbank.uz/tolov,1
http://uzum-uz.uz/tolov,1
https://kubernetes.io/uploads,0
http://click-pay.co/auth,1
http://real-sqb.org/cards/activate,1
https://podrobno.uz/cards,0
http://anorbank-net.com/kirish,1
http://hamkorbank-online.ru/payment/confirm,1
https://tma.uz/blog,0
http://ipotekabank-uz.net/tolov,1
http://bnu.kz/secure/login,1
http://payn-et.ru/payment/confirm,1
https://developer.mozilla.org/logout,0
http://real-oson.com/karta/faollashtirish,1
https://stat.uz/app,0
https://mdis.uz/app,0
http://my-ipotekabank.uz/transfer,1
https://uznet.uz/2024/,0
http://payme-uz.com/secure/login,1
https://kun.uz/2024/,0
https://github.com/cards,0
https://www.azure.microsoft.com/services,0
http://uzcard-online.org/login,1
http://texagrbank.net/hisob,1
https://kun.uz/api,0
https://sog-liqni-saqlash.uz/docs,0
https://humans.uz/home,0
http://login-anorbank.net/login?next=%2Faccount,1
http://aolqabank.uz/cards/activate,1
http://aloqabank-card.uz/cards/activate,1
https://yahoo.com/robots.txt,0
http://infinban.net/login?next=%2Faccount,1
https://qalampir.uz/faq,0
http://88.148.169.167/ipakyulibank/secure/login,1
http://uz-um.org/account/verify,1
http://uzost.uz/confirm,1
http://33.6.248.183/click/karta/faollashtirish,1
http://oso.io/login,1
https://uzb.uz/payments,0
https://license.uz/category/news,0
https://aloqabank.uz@malicious013.com/login,1
http://agrobankconfirm.com/payment/confirm,1
http://aloqabnak.net/auth,1
https://epay.uz/profile,0
https://www.qalampir.uz/login,0
https://wordpress.com/banking,0
http://uzcard-online.io/confirm,1
http://nbuu.ru/login?next=%2Faccount,1
http://real-agrobank.io/verify,1
http://exagrobank.net/hisob,1
http://sqb-service.uz/login,1
http://secure-tbcbank.net/payment/confirm,1
https://slack.com/main,0
http://73.141.115.79/anorbank/transfer,1
https://developer.mozilla.org/report,0
http://hmkorbank.uz/kirish,1
https://spot.uz/docs,0
http://askabank.io/kirish,1
https://stripe.com/docs,0
http://pochtaank.uz/payment/confirm,1
https://science.org/register,0
https://www.mytaxi.uz/home,0
http://229.94.42.98/nbu/auth,1
https://www.theguardian.com/download,0
http://ipote-kabank.co/payment/confirm,1
http://aloqabank-2024.co/confirm,1
http://pa-yme.net/transfer,1
https://kommersant.uz/static/css/main.css,0
https://apple.com/news,0
https://cloud.google.com/contact,0
https://science.org/home,0
http://kap-italbank.net/account/verify,1
http://cli-ck.io/cards/activate,1
http://tbcbakn.io/transfer,1
https://twitter.com/security,0
http://pochtbaank.org/secure/login,1
http://tr45tb4nk.uz/login?next=%2Faccount,1
http://xalqbank-login.ru/login?next=%2Faccount,1
https://anorbank.uz/banking,0
http://login-nbu.kz/tolov,1
http://aloqaban-k.com/tolov,1
http://asakabank-online.com/hisob,1
http://aloqabakn.io/tolov,1
http://paye.com/cards/activate,1
https://kommersant.uz/download,0
https://click.uz/uz,0
http://secure-payme.org/hisob,1
http://5qb.co/kirish,1
http://kapitalbank-net.kz/auth,1
http://new-hamkorbank.com/p?redirect=true,1
http://apel-sin.ru/p?redirect=true,1
https://payme.uz/app,0
http://anrbank.kz/auth,1
http://anorbakn.org/auth,1
http://secure-infinbank.ru/cards/activate,1
http://uzcard-uz.ru/auth,1
https://dropbox.com/about,0
http://pochtabnk.net/hisob,1
https://www.humans.uz/messages,0
http://247.88.132.125/pochtabank/p?redirect=true,1
https://wordpress.com/ru/about,0
http://new-aloqabank.org/secure/login,1
http://my-pochtabank.org/secure/login,1
http://kapitalabnk.io/secure/login,1
http://ipotekabankxavfsiz.com/banking/login,1
https://www.kommersant.uz/category/services,0
http://uz-humo.net/account/verify,1
https://linkedin.com/static/css/main.css,0
http://40eevdesis69op2c8hh4.info/tolov,1
https://www.nytimes.com/api,0
http://apelsinn.org/kirish,1
http://my-uzcard.io/hisob,1
http://real-ipotekabank.net/transfer,1
http://27yoenpx99540.top/secure/login,1
http://secure-ipotekabank.com/confirm,1
https://apple.com/faq,0
https://samdu.uz/wiki,0
https://yandex.uz/dashboard,0
http://145.167.191.60/anorbank/transfer,1
http://apelsi.kz/verify,1
https://www.uzum.uz/register,0
http://asakabank.site/verify,1
http://nbu-card.org/confirm,1
https://office.com/faq,0
https://www.asakabank.uz/2024/,0
http://uzcar.uz/verify,1
https://www.court.uz/settings,0
https://ebay.com/uz/hizmatlar,0
http://166.97.228.114/tbcbank/tolov,1
https://stackoverflow.com/transfer,0
http://login-uzum.io/tolov,1
https://www.uza.uz/terms,0
http://best-trastbank.uz/secure/login,1
http://157.245.238.177:8080/infinbank/hisob,1
http://uhmo.com/secure/login,1
http://anorban-k.com/karta/faollashtirish,1
https://edu.uz/2024/,0
http://anor-bank.org/auth,1
https://www.nuu.uz/index.html,0
http://i-nfinbank.kz/login,1
http://ipaky-ulibank.kz/tolov,1
https://ebay.com/robots.txt,0
http://aelsin.uz/tolov,1
https://apple.com/robots.txt,0
http://hamkorbank-net.uz/karta/faollashtirish,1
https://forbes.com/messages,0
http://ipote-kabank.kz/login,1
http://aloqa-bank.kz/karta/faollashtirish,1
http://my-trastbank.org/secure/login,1
http://uzpost-pay.uz/transfer,1
https://anorbank.uz/notifications,0
http://trastbank-login.uz/cards/activate,1
https://www.sqb.uz/help,0
http://kapitalbank-bank.uz/login,1
http://91.88.99.23:8080/tbcbank/secure/login,1
https://www.zamin.uz/support,0
https://gov.uz/profile,0
https://gmail.com/uploads,0
https://ebay.com/app,0
http://253249pxqemy6mjhey.site/account/verify,1
http://57.169.33.8:8080/hamkorbank/login?next=%2Faccount,1
http://new-uzum.ru/confirm,1
https://stackoverflow.com/wiki,0
http://official-ipakyulibank.uz/karta/faollashtirish,1
http://ipoekabank.net/auth,1
https://click.uz/mobile,0
http://ipot-ekabank.io/karta/faollashtirish,1
http://pochtabankk.net/payment/confirm,1
https://www.ft.com/faq,0
https://xs.uz/category/news,0
http://sqb.ml/auth,1
https://www.science.org/offers,0
http://pochtabakn.org/login,1
http://login-anorbank.co/login,1
http://anorbnk.ru/confirm,1
http://198.76.26.83/humo/secure/login,1
http://202.189.118.30/uzum/verify,1
https://podrobno.uz/news,0
https://pypi.org/2024/,0
http://payne-t.net/verify,1
http://uzumconfirm.com/login,1
https://stat.uz/settings,0
http://secure-kapitalbank.uz/payment/confirm,1
http://uzum-secure.org/karta/faollashtirish,1
https://www.uzcard.uz/security,0
https://forbes.com/main,0
http://real-asakabank.net/login?next=%2Faccount,1
https://mastercard.com/services,0
http://nifinbank.io/auth,1
https://cloudflare.com/faq,0
https://apelsin.uz/help,0
http://apelsn.kz/hisob,1
https://sputniknews.uz/en,0
http://195.18.58.199/ipotekabank/payment/confirm,1
https://shopify.com/payments,0
https://ipotekabank.uz/blog,0
http://verify-uzum.ru/banking/login,1
https://www.dunyo.uz/index.html,0
http://iapkyulibank.com/payment/confirm,1
https://office.com/en/services,0
http://hakorbank.net/auth,1
http://laoqabank.org/karta/faollashtirish,1
http://infinabnk.io/p?redirect=true,1
https://netflix.com/index.html,0
http://login-tbcbank.com/cards/activate,1
http://my-paynet.io/cards/activate,1
https://www.office.com/logout,0
http://login-humo.kz/account/verify,1
http://verify-nbu.uz/confirm,1
http://200.116.150.252/uzum/auth,1
http://click-login.kz/auth,1
http://new-texagrobank.co/confirm,1
https://www.mastercard.com/banking,0
http://pochtaba-nk.com/auth,1
http://ipoetkabank.io/karta/faollashtirish,1
http://44.157.51.17/ipakyulibank/confirm,1
http://pochtaban.ru/kirish,1
http://aloqabank-card.uz/tolov,1
https://www.yandex.uz/analytics,0
http://kpaitalbank.io/auth,1
http://login-payme.uz/kirish,1
https://www.shopify.com/api/v1/health,0
https://www.kapitalbank.uz/dashboard,0
https://www.cloudflare.com/api,0
https://office.com/cards,0
http://232.202.17.249/xalqbank/tolov,1
http://ap-elsin.kz/kirish,1
https://parlament.uz/uz/hizmatlar,0
https://uza.uz/ru,0
http://texagorbank.uz/banking/login,1
http://ipotekabankk.org/auth,1
http://aloqabank-2024.net/auth,1
http://pyame.co/p?redirect=true,1
https://stripe.com/en,0
http://uz-anorbank.org/login?next=%2Faccount,1
https://infinbank.uz@malicious006.com/login,1
https://www.infinbank.uz/banking,0
http://a-sakabank.net/secure/login,1
https://stat.uz/privacy,0
https://www.nytimes.com/report,0
http://new-xalqbank.net/login?next=%2Faccount,1
http://texagrobank-pay.net/p?redirect=true,1
http://login-uzum.io/cards/activate,1
http://tbcank.org/tolov,1
https://ft.com/login,0
http://payme-service.kz/cards/activate,1
https://www.ijro.uz/privacy,0
http://texagrobank-online.kz/payment/confirm,1
http://new-xalqbank.co/transfer,1
http://online-hamkorbank.io/payment/confirm,1
https://mdis.uz/offers,0
https://zoom.us/cards,0
https://mytaxi.uz/api/v1/health,0
https://gazeta.uz/faq,0
http://35.19.126.136/uzum/tolov,1
http://real-oson.net/hisob,1
https://outlook.com/,0
https://www.ijro.uz/profile,0
https://shopify.com/profile,0
http://153.148.251.73:8080/kapitalbank/tolov,1
http://uzum-online.co/login,1
http://account-anorbank.uz/cards/activate,1
https://uzum.uz/settings,0
http://secure-apelsin.org/payment/confirm,1
https://stripe.com/about,0
http://235.7.203.173:8080/hamkorbank/account/verify,1
http://asakabakn.com/cards/activate,1
http://online-uzcard.uz/login?next=%2Faccount,1
http://126.124.152.250/tbcbank/account/verify,1
http://hamkorbank-online.ru/secure/login,1
http://secure-oson.kz/karta/faollashtirish,1
https://my.gov.uz/support,0
http://login.sqb.uz.malicious.top/transfer,1
https://agrobank.uz/contact,0
http://xalqbakn.io/payment/confirm,1
http://nbuu.io/transfer,1
https://www.edu.uz/category/services,0
http://apelsi.io/payment/confirm,1
https://www.xb.uz/wiki,0
http://paynet-2024.ru/payment/confirm,1
http://rtastbank.net/confirm,1
https://twitter.com/en/services,0
http://login-asakabank.org/verify,1
http://ipakyuliban.uz/tolov,1
http://cl-ick.com/payment/confirm,1
https://kubernetes.io/news,0
http://best-ipakyulibank.uz/banking/login,1
http://trastbank-2024.uz/login?next=%2Faccount,1
http://hamkorbank-bank.net/payment/confirm,1
http://infinabnk.ru/transfer,1
http://soon.net/tolov,1
http://sqb-kirish.com/hisob,1
http://tbcbank-bank.com/confirm,1
https://president.uz/uz/hizmatlar,0
http://hamkorbank-login.com/login,1
https://bibim.uz/2024/,0
http://uz-xalqbank.co/kirish,1
https://www.tuit.uz/about-us,0
http://uz-pochtabank.net/auth,1
https://uzum.uz@malicious011.com/login,1
https://paynet.uz/profile,0
https://uzinfocom.uz/products/list,0
https://amazon.com/notifications,0
http://xalqank.net/transfer,1
https://bbc.com/logout,0
https://visa.com/news,0
http://trstbank.kz/confirm,1
http://trastbank-online.org/transfer,1
http://nbu-card.org/tolov,1
http://uhmo.kz/login?next=%2Faccount,1
https://www.tuit.uz/cards,0
http://71.151.114.73/ipotekabank/tolov,1
https://yoshlar.uz/payments,0
https://www.bbc.com/about,0
http://tbcbank-net.co/hisob,1
https://mf.uz/about-us,0
https://ijro.uz/app,0
https://uza.uz/about,0
https://mytaxi.uz/blog,0
http://login-kapitalbank.ru/confirm,1
https://slack.com/home,0
http://tbcbank-secure.com/payment/confirm,1
https://www.cnn.com/app,0
http://uzc4rd.net/kirish,1
http://tb-cbank.io/hisob,1
http://asakabank.ga/login?next=%2Faccount,1
http://online-hamkorbank.net/account/verify,1
http://kapitalbank-uz.org/confirm,1
https://wikipedia.org/news,0
https://www.license.uz/terms,0
https://gmail.com/logout,0
http://kapitalbank-bank.co/auth,1
http://official-trastbank.net/cards/activate,1
http://uzpost-2024.com/auth,1
http://a-loqabank.net/cards/activate,1
https://www.paypal.com/news,0
http://verify-trastbank.org/auth,1
https://www.uzinfocom.uz/services,0
http://payme-secure.uz/hisob,1
http://tex-agrobank.co/secure/login,1
http://online-tbcbank.kz/karta/faollashtirish,1
https://www.nytimes.com/logout,0
http://payent.co/confirm,1
https://sputniknews.uz/search,0
http://anorban-k.com/account/verify,1
http://o-son.com/secure/login,1
https://www.economist.com/products,0
https://samdu.uz/security,0
http://454k4b4nk.ru/hisob,1
http://uz-click.net/confirm,1
https://yoshlar.uz/terms,0
https://hamkorbank.uz/api,0
http://iapkyulibank.io/login,1
http://hamokrbank.org/secure/login,1
http://texagrobank-service.co/login?next=%2Faccount,1
http://ipaykulibank.ru/hisob,1
https://uzcard.uz/wiki,0
http://paynet-login.net/karta/faollashtirish,1
http://hakorbank.io/login,1
http://asakbank.org/confirm,1
http://secure-agrobank.org/cards/activate,1
https://qalampir.uz/messages,0
https://infinbank.uz/uz,0
https://stripe.com/search,0
https://www.theguardian.com/app,0
http://xalqbank-net.org/payment/confirm,1
http://trastba-nk.io/login,1
https://www.wordpress.com/uz/hizmatlar,0
http://verify-ipotekabank.io/tolov,1
http://aloqabankverify.com/confirm,1
http://uzum-card.uz/confirm,1
http://kapitabank.co/cards/activate,1
https://www.president.uz/user/profile,0
http://infinbnak.kz/banking/login,1
http://kapitabank.ru/secure/login,1
http://paynt.uz/kirish,1
http://asakabank-card.net/verify,1
http://uzcar.com/transfer,1
http://alqbank.org/karta/faollashtirish,1
http://click.tk/login?next=%2Faccount,1
https://economist.com/report,0
https://www.sog-liqni-saqlash.uz/privacy,0
http://asakabanksecure.com/verify,1
https://agrobank.uz/en/services,0
https://bloomberg.com/en/services,0
https://zoom.us/faq,0
https://bloomberg.com/uz/hizmatlar,0
http://new-sqb.ru/tolov,1
http://asaka-bank.uz/login,1
https://e-gov.uz/,0
https://www.github.com/faq,0
http://xalqb-ank.ru/login,1
http://paynet-2024.ru/hisob,1
http://zucard.ru/transfer,1
https://www.xb.uz/media,0
https://yandex.uz/en,0
http://aloqabankk.com/banking/login,1
https://azure.microsoft.com/contact,0
https://xs.uz/wiki,0
http://h-amkorbank.io/secure/login,1
https://sqb.uz/2024/,0
http://207.64.80.28:8080/infinbank/hisob,1
http://login-aloqabank.kz/verify,1
https://apelsin.uz/wiki,0
http://uzumm.io/auth,1
http://xaqbank.net/cards/activate,1
https://www.stat.uz/services,0
http://kapialbank.uz/verify,1
https://github.com/uploads,0
http://uzpots.uz/secure/login,1
http://ipakyu-libank.kz/secure/login,1
http://2.69.94.168/anorbank/auth,1
http://login-texagrobank.kz/kirish,1
http://payme-xavfsiz.com/secure/login,1
https://wordpress.com/robots.txt,0
http://ipotekbank.kz/auth,1
https://dropbox.com/user/profile,0
http://tex-agrobank.org/tolov,1
https://ebay.com/transfer,0
http://pochtabak.net/payment/confirm,1
https://twitter.com/robots.txt,0
http://agroban-k.uz/verify,1
http://243.198.123.77/humo/account/verify,1
https://hamkorbank.uz/history,0
http://infinbank-bank.ru/tolov,1
https://netflix.com/about-us,0
http://qcs8gnedohvrjqa.click/transfer,1
http://click-bank.com/banking/login,1
https://theguardian.com/docs,0
http://paynet-uz.ru/login?next=%2Faccount,1
http://soon.com/banking/login,1
http://login-anorbank.com/hisob,1
http://paynet-uz.kz/secure/login,1
https://www.uznet.uz/register,0
http://uz-anorbank.uz/secure/login,1
https://shopify.com/products,0
https://aloqabank.uz/dashboard,0
http://official-texagrobank.co/auth,1
https://gmail.com/support,0
http://uz-nbu.net/p?redirect=true,1
http://pochtabank-login.io/account/verify,1
https://cnn.com/products/list,0
http://pochtbaank.net/karta/faollashtirish,1
http://saakabank.net/verify,1
http://real-tbcbank.io/login,1
https://pypi.org/media,0
http://uzpostt.ru/account/verify,1
https://uzcard.uz/mobile,0
http://ipakyulibank-service.net/login?next=%2Faccount,1
http://aloqabank-service.org/login?next=%2Faccount,1
http://ipot-ekabank.kz/payment/confirm,1
https://aws.amazon.com/settings,0
http://113.207.120.27:8080/uzum/p?redirect=true,1
https://gov.uz/ru,0
http://verify-click.io/banking/login,1
https://www.uzum.uz/,0
http://164.160.243.95:8080/xalqbank/p?redirect=true,1
http://aakabank.ru/transfer,1
https://tma.uz/ru/about,0
http://real-xalqbank.org/karta/faollashtirish,1
https://bibim.uz/,0
https://court.uz/products,0
http://real-trastbank.co/login?next=%2Faccount,1
http://204.240.107.223:8080/sqb/tolov,1
http://uzpost-tasdiqlash.com/login,1
http://verify-click.org/hisob,1
http://pochtaban.ru/cards/activate,1
http://official-humo.net/login?next=%2Faccount,1
https://kubernetes.io/login,0
https://uznet.uz/uz,0
https://my.gov.uz/ru,0
https://license.uz/sitemap.xml,0
http://ipakyulibank-tasdiqlash.com/kirish,1
http://uz-humo.uz/p?redirect=true,1
http://242.20.228.81:8080/humo/banking/login,1
https://mytaxi.uz/sitemap.xml,0
http://hakmorbank.com/cards/activate,1
http://aloqaban-k.io/tolov,1
https://www.infinbank.uz/ru/about,0
http://trastbank-xavfsiz.com/login?next=%2Faccount,1
https://spot.uz/faq,0
https://www.customs.uz/en,0
http://my-uzum.co/payment/confirm,1
http://paynet-pay.com/account/verify,1
http://uz-infinbank.uz/transfer,1
https://www.qalampir.uz/static/css/main.css,0
https://click.uz/messages,0
https://www.daryo.uz/wiki,0
https://daryo.uz/ru,0
http://best-infinbank.io/auth,1
https://kun.uz/docs,0
https://gazeta.uz/privacy,0
http://best-ipakyulibank.ru/transfer,1
http://p4yn3t.kz:3000/login,1
http://secure-pochtabank.com/confirm,1
http://texagroank.kz/p?redirect=true,1
http://uzcadr.kz/tolov,1
http://agrobakn.uz/p?redirect=true,1
https://gov.uz/robots.txt,0
http://verify-uzum.org/login,1
http://apynet.org/login?next=%2Faccount,1
https://apple.com/report,0
https://visa.com/messages,0
http://agrobank-online.io/kirish,1
http://110.132.78.120:8080/payme/karta/faollashtirish,1
https://zoom.us/transfer,0
http://uzcadr.co/login,1
http://kapitalbnk.ru/hisob,1
http://texa-grobank.co/payment/confirm,1
http://ipakyulibank-pay.net/banking/login,1
http://ahkb4j0thm4kt6owczp.info/cards/activate,1
https://www.court.uz/category/news,0
http://my-anorbank.co/transfer,1
http://new-pochtabank.com/karta/faollashtirish,1
https://outlook.com/support,0
https://www.ebay.com/register,0
http://uzcard.click/login,1
https://www.edu.uz/api,0
http://ipotekbaank.ru/hisob,1
https://www.docs.python.org/docs,0
http://verify-pochtabank.net/confirm,1
http://online-asakabank.co/hisob,1
http://ahmkorbank.net/payment/confirm,1
http://uzcardsecure.com/confirm,1
https://my.gov.uz/search,0
http://new-pochtabank.kz/verify,1
http://real-payme.ru/karta/faollashtirish,1
https://ebay.com/cards,0
http://xalqbnk.net/hisob,1
http://verify-nbu.net/karta/faollashtirish,1
https://humo.uz/profile,0
http://payme-service.org/account/verify,1
https://economist.com/ru/about,0
http://infinbank-login.net/confirm,1
http://best-texagrobank.com/account/verify,1
https://youtube.com/support,0
https://economist.com/login,0
http://rx9234xdkxilexxye4q.online/verify,1
http://infinbank.online/payment/confirm,1
http://217.62.66.233:8080/uzum/login?next=%2Faccount,1
https://www.azure.microsoft.com/search,0
http://172.192.194.1:8080/asakabank/login?next=%2Faccount,1
https://www.yahoo.com/mobile,0
http://33.160.78.9:8080/oson/karta/faollashtirish,1
http://official-tbcbank.io/hisob,1
http://pyme.ru/payment/confirm,1
https://www.sog-liqni-saqlash.uz/user/profile,0
http://aelsin.ru/login?next=%2Faccount,1
http://te-xagrobank.ru/tolov,1
https://spot.uz/about-us,0
http://pochtabank.uz@malicious014.com/kirish,1
http://new-pochtabank.ru/login,1
http://oson-uz.uz/p?redirect=true,1
http://sqb-login.com/hisob,1
http://ipotekaban-k.io/karta/faollashtirish,1
https://www.president.uz/products/list,0
http://nbu-card.io/verify,1
https://www.linkedin.com/privacy,0
https://theguardian.com/about-us,0
http://pay-me.uz/hisob,1
http://uzpost-online.com/karta/faollashtirish,1
https://ems.uz/faq,0
https://kommersant.uz/transfer,0
https://yandex.uz/payments,0
https://samdu.uz/category/services,0
http://official-ipotekabank.co/kirish,1
http://aonrbank.com/transfer,1
http://in7fm1sjx9a1prgdye017k.gq/cards/activate,1
https://www.reddit.com/products,0
http://uzum-bank.ru/confirm,1
http://paym.org/payment/confirm,1
https://amazon.com/api/v1/health,0
http://69.30.68.134:8080/humo/p?redirect=true,1
https://www.mytaxi.uz/register,0
https://www.twitter.com/uz,0
http://pocthabank.kz/banking/login,1
https://tbcbank.uz/sitemap.xml,0
http://login-ipakyulibank.com/tolov,1
https://twitter.com/terms,0
https://agrobank.uz/category/news,0
https://www.epay.uz/cards,0
https://e-gov.uz/report,0
https://developer.mozilla.org/products,0
http://agr-obank.net/kirish,1
http://real-texagrobank.kz/secure/login,1
http://payme-2024.com/p?redirect=true,1
https://nytimes.com/search,0
http://195.180.48.31/sqb/karta/faollashtirish,1
https://wsj.com/products/list,0
http://pohctabank.com/p?redirect=true,1
http://real-ipakyulibank.ru/secure/login,1
https://ems.uz/login,0
http://xalqbank-bank.ru/hisob,1
https://www.kubernetes.io/transfer,0
https://nuu.uz/dashboard,0
http://paym-e.org/transfer,1
http://online-tbcbank.uz/karta/faollashtirish,1
https://humans.uz/notifications,0
https://www.soliq.uz/static/css/main.css,0
http://clck.kz/account/verify,1
http://xlqbank.ru/p?redirect=true,1
http://login-oson.uz/tolov,1
https://ijro.uz/home,0
http://xalqb-ank.net/banking/login,1
http://159.149.28.224/ipakyulibank/tolov,1
http://ipotkeabank.io/account/verify,1
http://ipakyulibank-pay.org/banking/login,1
http://paynet-service.com/kirish,1
https://www.reddit.com/news,0
http://verify-oson.org/payment/confirm,1
http://humo-net.org/hisob,1
http://payem.net/hisob,1
https://president.uz/terms,0
https://uzb.uz/mobile,0
https://theguardian.com/products,0
http://agrobank.uz@malicious006.com/kirish,1
https://www.kubernetes.io/uploads,0
https://mehnat.uz/news,0
http://uzpost-card.uz/login,1
http://ipakyulibankk.com/auth,1
http://hamkorbank-bank.co/banking/login,1
http://aloqabnak.org/p?redirect=true,1
http://uz-click.net/auth,1
http://verify-texagrobank.co/banking/login,1
https://wikipedia.org/category/news,0
http://my-infinbank.co/confirm,1
http://pelsin.kz/login,1
https://www.mehnat.uz/settings,0
http://infinbank-confirm.com/kirish,1
https://tdiu.uz/news,0
http://trastbank-2024.kz/login?next=%2Faccount,1
http://clcik.com/cards/activate,1
https://github.com/faq,0
https://nytimes.com/transfer,0
https://gazeta.uz/news,0
http://click-online.kz/verify,1
https://uza.uz/messages,0
http://t3x4gr0b4nk.uz/kirish,1
http://uzcard-login.kz/p?redirect=true,1
https://slack.com/offers,0
https://www.pochta.uz/help,0
http://online-oson.org/secure/login,1
http://kapitalbakn.kz/login,1
http://uz-payme.io/kirish,1
https://humo.uz/services,0
http://ipakyulibank-service.uz/p?redirect=true,1
https://humans.uz/uploads,0
http://apelsinn.uz/transfer,1
https://tma.uz/register,0
http://anobrank.ru/confirm,1
http://pochtabank-pay.ru/p?redirect=true,1
http://texagrobank-secure.com/tolov,1
https://www.uzb.uz/analytics,0
http://152.238.94.139/humo/transfer,1
https://yoshlar.uz/en,0
https://mf.uz/settings,0
https://edu.uz/main,0
https://www.instagram.com/home,0
http://asakabankpay.com/banking/login,1
http://ipotekabank-card.uz/account/verify,1
http://dytgxu007bb.xyz/hisob,1
https://ipakyulibank.uz/support,0
http://ipotekabank-uz.io/secure/login,1
https://uzinfocom.uz/payments,0
http://hum.co/payment/confirm,1
https://pochtabank.uz/history,0
https://nbu.uz/api,0
http://kaptialbank.net/account/verify,1
http://kapitalbankxavfsiz.com/karta/faollashtirish,1
https://www.aloqabank.uz/ru/about,0
http://aloqabank-net.com/p?redirect=true,1
https://daryo.uz/en,0
https://kubernetes.io/report,0
https://pypi.org/support,0
https://adobe.com/profile,0
http://uzpost-bank.kz/confirm,1
https://bibim.uz/mobile,0
https://www.sputniknews.uz/dashboard,0
http://verify-tbcbank.co/secure/login,1
http://trastbank-2024.kz/karta/faollashtirish,1
https://uzinfocom.uz/sitemap.xml,0
http://ipotekabank-login.ru/hisob,1
http://new-ipakyulibank.uz/cards/activate,1
http://213.253.111.147/aloqabank/account/verify,1
http://kirish-infinbank.uz/payment/confirm,1
https://interfax.uz/offers,0
https://www.kun.uz/robots.txt,0
http://148.228.184.89/tbcbank/account/verify,1
https://forbes.com/privacy,0
http://uz-pochtabank.uz/transfer,1
https://podrobno.uz/report,0
http://trastbankk.kz/confirm,1
https://yoshlar.uz/settings,0
http://kaitalbank.com/banking/login,1
https://stat.uz/download,0
https://www.tdiu.uz/search,0
https://aloqabank.uz/offers,0
http://click-card.net/p?redirect=true,1
http://payme-bank.uz/verify,1
https://mdis.uz/about-us,0
http://agrobank-login.uz/login,1
https://instagram.com/products,0
http://verify-uzpost.kz/kirish,1
http://alo-qabank.org/login?next=%2Faccount,1
http://nbu-2024.net/kirish,1
http://tasdiqlash-oson.uz/cards/activate,1
https://epay.uz/history,0
http://xalqbank-secure.co/payment/confirm,1
http://best-xalqbank.org/transfer,1
https://reuters.com/mobile,0
http://agrobank-card.net/,1
http://tex-agrobank.ru/login?next=%2Faccount,1
http://secure-uzum.io/karta/faollashtirish,1
http://secure-agrobank.io/cards/activate,1
http://kapitalbank-2024.com/auth,1
http://pocht-abank.ru/banking/login,1
http://new-trastbank.ru/karta/faollashtirish,1
http://cli-ck.org/verify,1
http://oson-net.com/transfer,1
https://linkedin.com/mobile,0
https://bloomberg.com/terms,0
http://pay-sqb.uz/kirish,1
http://pchtabank.uz/verify,1
http://202.75.159.160/xalqbank/tolov,1
http://my-oson.ru/tolov,1
https://nature.com/en,0
https://kapitalbank.uz/settings,0
http://saakabank.org/p?redirect=true,1
https://instagram.com/media,0
http://secure-oson.co/kirish,1
http://nbu-net.kz/tolov,1
https://forbes.com/robots.txt,0
http://agrobank.uz@malicious005.com/kirish,1
http://oon.kz/login,1
https://cloudflare.com/settings,0
https://infinbank.uz/news,0
https://www.mf.uz/docs,0
http://16.201.110.4/oson/account/verify,1
https://zoom.us/robots.txt,0
https://wordpress.com/api/v1/health,0
http://uzp-ost.net/hisob,1
http://texagrobnak.net/login,1
http://aloq-abank.org/login,1
http://kapiatlbank.org/login,1
http://official-asakabank.uz/kirish,1
http://real-uzpost.com/cards/activate,1
http://secure-pochtabank.net/payment/confirm,1
https://oson.uz/robots.txt,0
http://lcick.co/auth,1
http://click-card.net/payment/confirm,1
http://my-aloqabank.ru/p?redirect=true,1
http://login-ipotekabank.co/p?redirect=true,1
http://asaabank.kz/secure/login,1
https://www.aws.amazon.com/2024/,0
https://kommersant.uz/profile,0
http://paynte.org/hisob,1
https://pochtabank.uz/help,0
https://payme.uz/uz,0
http://kapitalbank-pay.com/karta/faollashtirish,1
https://click.uz/support,0
http://232.88.170.219/sqb/auth,1
http://payme.uz.login-secure.com/tolov,1
https://theguardian.com/payments,0
http://new-uzcard.co/login?next=%2Faccount,1
http://real-uzpost.ru/tolov,1
https://wikipedia.org/blog,0
http://42.52.44.75:8080/oson/kirish,1
http://aloqabank-net.uz/secure/login,1
http://x-alqbank.io/login?next=%2Faccount,1
http://as-akabank.org/secure/login,1
http://verify-agrobank.net/secure/login,1
http://aoqabank.net/kirish,1
http://245.21.48.85/xalqbank/karta/faollashtirish,1
https://stackoverflow.com/api/v1/health,0
https://xb.uz/history,0
http://hamkobank.io/tolov,1
https://paynet.uz/about,0
https://www.xalqbank.uz/media,0
http://anrbank.co/account/verify,1
https://tdiu.uz/transfer,0
http://infinbak.kz/secure/login,1
https://www.twitter.com/security,0
http://anor-bank.uz/payment/confirm,1
https://www.forbes.com/transfer,0
https://click.uz/media,0
http://ipotekbank.co/kirish,1
http://ipot-ekabank.net/auth,1
https://president.uz/download,0
https://nature.com/docs,0
https://daryo.uz/report,0
http://nbuu.uz/payment/confirm,1
https://cnn.com/category/news,0
http://alqabank.io/banking/login,1
http://login.aloqabank.uz.malicious.top/secure/login,1
http://uz-apelsin.com/cards/activate,1
http://pochtaank.co/kirish,1
http://infinban-k.io/login?next=%2Faccount,1
https://reuters.com/app,0
http://agrobnk.uz/verify,1
https://www.tbcbank.uz/static/css/main.css,0
https://xs.uz/services,0
http://anor-bank.co/tolov,1
https://nature.com/transfer,0
https://pypi.org/dashboard,0
http://uzum-net.uz:3000/login,1
http://uz-uzcard.kz/secure/login,1
http://hamorbank.uz/account/verify,1
http://pay-net.kz/p?redirect=true,1
http://177.102.105.215/click/login?next=%2Faccount,1
http://my-agrobank.org/login?next=%2Faccount,1
http://tex-agrobank.io/account/verify,1
https://hub.docker.com/banking,0
http://xaqlbank.kz/hisob,1
http://asakabank-online.net/payment/confirm,1
https://kommersant.uz/home,0
https://www.developer.mozilla.org/messages,0
http://ap-elsin.kz/p?redirect=true,1
https://www.paynet.uz/about,0
http://ipakyulibank-bank.kz/secure/login,1
http://t-exagrobank.co/payment/confirm,1
http://login-nbu.io/confirm,1
https://e-gov.uz/en,0
http://login.aloqabank.uz.malicious.top/transfer,1
http://texagrobakn.io/verify,1
http://uzum-online.net/login?next=%2Faccount,1
https://www.github.com/register,0
http://ipotekaabnk.uz/confirm,1
http://nbu-online.kz/verify,1
http://kaptalbank.uz/tolov,1
http://apelsni.org/auth,1
http://alqoabank.ru/tolov,1
http://click-online.net/hisob,1
https://pypi.org/about-us,0
http://59.62.246.53/agrobank/login,1
http://uzpot.uz/hisob,1
https://www.ipotekabank.uz/report,0
http://244.116.210.48/uzpost/banking/login,1
https://www.cloud.google.com/logout,0
http://uz-uzum.com/login?next=%2Faccount,1
http://anorbank-bank.io/hisob,1
http://real-xalqbank.ru/banking/login,1
http://real-tbcbank.uz/secure/login,1
https://sog-liqni-saqlash.uz/register,0
http://iotekabank.uz/confirm,1
http://tbcb4nk.ru/login?next=%2Faccount,1
http://new-uzum.kz/login?next=%2Faccount,1
http://infinb-ank.org/login?next=%2Faccount,1
https://ems.uz/uploads,0
http://ipkayulibank.com/transfer,1
http://my-sqb.ru/secure/login,1
http://agrobnk.ru/karta/faollashtirish,1
https://www.kun.uz/dashboard,0
http://new-humo.kz/hisob,1
http://147.90.64.152/asakabank/payment/confirm,1
https://prokuratura.uz/about,0
https://zoom.us/api,0
http://s-qb.net:3000/login,1
http://16.112.113.167/trastbank/login?next=%2Faccount,1
http://206.6.72.103/uzum/login?next=%2Faccount,1
http://k4p1t41b4nk.io/auth,1
http://ipakyulibak.net/kirish,1
https://mastercard.com/robots.txt,0
https://uznet.uz/about,0
https://gmail.com/download,0
http://aloqabank-online.co/login?next=%2Faccount,1
https://aws.amazon.com/offers,0
http://anorbank-secure.org/cards/activate,1
https://sqb.uz/support,0
http://ip-akyulibank.org/p?redirect=true,1
http://133.109.242.6/paynet/p?redirect=true,1
https://www.aws.amazon.com/messages,0
https://www.parlament.uz/index.html,0
https://ems.uz/wiki,0
http://nb-u.io/auth,1
https://reddit.com/history,0
http://ipotekaank.ru/secure/login,1
http://umo.kz/payment/confirm,1
https://uzb.uz/about-us,0
https://twitter.com/products,0
https://www.customs.uz/analytics,0
http://secure-xalqbank.io/karta/faollashtirish,1
http://oson-verify.com/login?next=%2Faccount,1
http://kapitalbak.co/login,1
http://156.23.14.157/apelsin/payment/confirm,1
http://ipakyulibank-login.com/auth,1
https://cnn.com/app,0
http://bnu.kz/verify,1
https://www.pypi.org/static/css/main.css,0
http://new-aloqabank.io/payment/confirm,1
http://uzcard-net.com/secure/login,1
https://www.azure.microsoft.com/about-us,0
https://cnn.com/main,0
http://ipakyulibank-login.net/transfer,1
https://bloomberg.com/banking,0
https://ijro.uz/services,0
https://mf.uz/register,0
http://exagrobank.co/verify,1
http://new-click.io/banking/login,1
http://pochtabank-pay.com/banking/login,1
http://pocht-abank.ru/p?redirect=true,1
http://pakyulibank.ru/auth,1
https://apelsin.uz/settings,0
http://best-nbu.io/auth,1
https://daryo.uz/media,0
https://gov.uz/services,0
http://verify-asakabank.kz/kirish,1
https://epay.uz/en/services,0
https://www.pochta.uz/main,0
http://ipakyuilbank.org/login,1
https://www.google.com/en/services,0
http://loqabank.co/kirish,1
http://83.173.29.230:8080/tbcbank/auth,1
https://ebay.com/uploads,0
http://88.92.154.164:8080/tbcbank/karta/faollashtirish,1
https://instagram.com/offers,0
http://secure-kapitalbank.io/karta/faollashtirish,1
https://tsue.uz/media,0
http://uz-anorbank.uz/login?next=%2Faccount,1
http://asakbank.net/auth,1
http://te-xagrobank.com/hisob,1
http://my-humo.co/p?redirect=true,1
http://ipotekabank-uz.co/banking/login,1
http://oson-pay.co/payment/confirm,1
https://www.court.uz/ru,0
http://t-bcbank.org/login,1
https://tbcbank.uz/news,0
https://bing.com/history,0
http://paye.ru/payment/confirm,1
https://pharmi.uz/login,0
https://tma.uz/app,0
http://pochtabank-login.co/tolov,1
https://stripe.com/payments,0
http://humo-service.org/transfer,1
https://gmail.com/mobile,0
https://ipotekabank.uz/report,0
http://236.91.15.191/texagrobank/verify,1
http://uzcrad.org/auth,1
http://uzcar-d.ru/tolov,1
http://xalqbank-secure.io/cards/activate,1
https://license.uz/help,0
https://president.uz/banking,0
http://aloqabank-pay.io/p?redirect=true,1
http://apelsin-pay.co/account/verify,1
http://xalqbakn.com/login,1
http://infnibank.ru/login,1
http://payn-et.ru/verify,1
http://texa-grobank.co/hisob,1
http://kapitablank.net/secure/login,1
https://www.humans.uz/static/css/main.css,0
https://www.wikipedia.org/dashboard,0
https://sqb.uz@malicious000.com/login,1
http://sqb-secure.org/payment/confirm,1
https://click.uz/wiki,0
http://97.63.83.245/pochtabank/confirm,1
https://www.npmjs.com/index.html,0
http://payme-login.net/hisob,1
http://new-humo.com/secure/login,1
http://kpitalbank.ru/login,1
http://best-humo.io/banking/login,1
http://best-payme.org/login,1
http://ioptekabank.ru/login,1
http://aaskabank.net/payment/confirm,1
https://prokuratura.uz/contact,0
https://trastbank.uz/report,0
http://my-oson.com/p?redirect=true,1
https://nbu.uz/profile,0
http://zcard.co/hisob,1
http://pakyulibank.com/kirish,1
https://tma.uz/static/css/main.css,0
http://new-sqb.uz/account/verify,1
https://docs.python.org/search,0
https://www.gazeta.uz/payments,0
http://xalqbank-online.co/cards/activate,1
http://official-kapitalbank.io/account/verify,1
http://trastbankaccount.com/banking/login,1
http://hamokrbank.io/hisob,1
http://ipaykulibank.co/hisob,1
http://2feb31hodnozyw1.cf/banking/login,1
http://paynt.com/p?redirect=true,1
http://teagrobank.net/transfer,1
http://4p3151n.ru/confirm,1
http://uzpost-2024.uz/cards/activate,1
http://rtastbank.com/transfer,1
https://uza.uz/ru/about,0
https://bibim.uz/payments,0
https://wordpress.com/index.html,0
http://paynet-2024.kz/verify,1
https://paypal.com/login,0
http://ipotekabank-pay.ru/verify,1
http://hamkorbank-pay.kz/auth,1
http://nbu-bank.io/secure/login,1
http://t-exagrobank.uz/hisob,1
http://oon.io/account/verify,1
http://best-paynet.uz/account/verify,1
https://www.dropbox.com/transfer,0
http://click-bank.co/login?next=%2Faccount,1
https://www.mehnat.uz/report,0
http://verify-ipakyulibank.uz/login,1
http://agrobank-login.ru/login?next=%2Faccount,1
https://my.gov.uz/category/news,0
http://xalbqank.kz/tolov,1
https://uzum.uz/sitemap.xml,0
https://apelsin.uz/en,0
http://253.58.47.176:8080/tbcbank/payment/confirm,1
http://online-aloqabank.co/auth,1
http://aloqabank-login.co/transfer,1
https://www.reddit.com/category/news,0
http://zucard.net/transfer,1
http://aynet.com/tolov,1
http://official-asakabank.kz/verify,1
http://tasdiqlash-pochtabank.uz/auth,1
http://payme-online.uz/login?next=%2Faccount,1
https://www.nbu.uz/products/list,0
http://ipakyulibank-uz.uz/auth,1
https://www.uzb.uz/en/services,0
http://real-tbcbank.co/hisob,1
http://66.153.130.125/kapitalbank/auth,1
http://apelsin-net.org/confirm,1
http://texgrobank.net:8443/login,1
http://aloqabank-login.ru/transfer,1
http://official-texagrobank.ru/login?next=%2Faccount,1
https://bbc.com/history,0
http://oosn.kz/verify,1
https://license.uz/category/services,0
https://www.oson.uz/search,0
http://aloqaabnk.com/kirish,1
https://visa.com/app,0
https://pochtabank.uz/products/list,0
http://ipotekabak.net/cards/activate,1
https://www.bbc.com/security,0
http://trastbank-service.ru/secure/login,1
http://40.222.90.57/kapitalbank/confirm,1
http://kapitalbnk.uz/account/verify,1
http://umo.net/hisob,1
http://official-uzum.org/payment/confirm,1
http://tbcb-ank.com/login?next=%2Faccount,1
http://ipakyuliabnk.com/verify,1
http://online-apelsin.io/login,1
http://tbcank.com/p?redirect=true,1
http://texag-robank.io/tolov,1
http://panet.ru/transfer,1
http://hamkorbak.com/login,1
https://uzinfocom.uz/wiki,0
http://aakabank.co/transfer,1
http://trastbank-login.com/kirish,1
https://soliq.uz/report,0
http://trasbank.io/account/verify,1
http://new-pochtabank.com/p?redirect=true,1
https://customs.uz/api,0
http://hamkorbank-net.net/cards/activate,1
https://nature.com/wiki,0
https://gov.uz/sitemap.xml,0
http://infinbank-net.co/verify,1
https://uzum.uz/ru/about,0
https://stackoverflow.com/,0
http://xalqbank.ml/login,1
https://aloqabank.uz/,0
http://oso.ru/auth,1
https://wikipedia.org/app,0
https://www.reddit.com/profile,0
http://pochtabank-net.ru/confirm,1
http://trastabnk.uz/payment/confirm,1
https://www.visa.com/transfer,0
https://uza.uz/blog,0
https://agrobank.uz/messages,0
http://agroba-nk.io/login,1
http://panet.com/verify,1
http://trastbak.ru/p?redirect=true,1
https://tbcbank.uz/index.html,0
http://oson-bank.co/auth,1
https://tdiu.uz/sitemap.xml,0
https://hamkorbank.uz/register,0
https://yahoo.com/about,0
https://nytimes.com/robots.txt,0
http://my-uzpost.com/kirish,1
https://ft.com/static/css/main.css,0
https://www.agrobank.uz/index.html,0
https://npmjs.com/profile,0
http://ipotekabak.kz/verify,1
http://infnibank.uz/tolov,1
https://texagrobank.uz/blog,0
http://payme-service.kz/secure/login,1
https://mehnat.uz/messages,0
https://www.mf.uz/2024/,0
https://apelsin.uz/app,0
https://npmjs.com/api/v1/health,0
https://www.xb.uz/about-us,0
http://official-oson.io/secure/login,1
http://ka-pitalbank.kz/secure/login,1
https://www.uzb.uz/banking,0
https://tma.uz/report,0
http://my-click.ru/account/verify,1
https://bbc.com/wiki,0
http://apeslin.org:8443/login,1
http://tbcba-nk.uz:3000/login,1
http://uz-sqb.uz/payment/confirm,1
http://po-chtabank.com/verify,1
https://samdu.uz/register,0
http://apelsin-secure.io/confirm,1
https://www.kun.uz/login,0
http://asakabank-net.net/confirm,1
https://pochtabank.uz/mobile,0
http://uzpos-t.kz/banking/login,1
https://www.anorbank.uz/dashboard,0
https://office.com/transfer,0
http://kapitalabnk.net/tolov,1
https://yahoo.com/wiki,0
https://www.mehnat.uz/about-us,0
http://in-finbank.ru/cards/activate,1
https://apelsin.uz/mobile,0
https://ipotekabank.uz/main,0
http://ip-otekabank.org/hisob,1
http://uzum-pay.co/cards/activate,1
https://stat.uz/wiki,0
http://agroank.com/hisob,1
http://i-pakyulibank.uz/login?next=%2Faccount,1
http://official-kapitalbank.kz:8443/login,1
http://iapkyulibank.kz/account/verify,1
https://docs.python.org/api,0
https://www.office.com/uz/hizmatlar,0
https://yahoo.com/category/services,0
http://p-aynet.com/secure/login,1
http://ipakyulibank-2024.net/login,1
http://official-aloqabank.net/login,1
http://173.108.149.108/nbu/login,1
http://infinbank-service.kz/secure/login,1
https://wordpress.com/home,0
http://best-texagrobank.org/secure/login,1
https://www.soliq.uz/messages,0
http://aloqabnak.org/banking/login,1
https://cnn.com/settings,0
https://www.azure.microsoft.com/register,0
http://050n.ru/hisob,1
http://i-potekabank.com/tolov,1
http://asakab-ank.org/secure/login,1
http://os-on.co/tolov,1
https://office.com/logout,0
https://www.cloudflare.com/en,0
https://ipotekabank.uz/uz,0
http://uzcrd.com/auth,1
http://59.68.174.253:8080/agrobank/login?next=%2Faccount,1
https://dunyo.uz/transfer,0
https://science.org/settings,0
http://official-oson.co/cards/activate,1
https://uzum.uz/category/news,0
http://uzm.co/kirish,1
https://mytaxi.uz/login,0
https://twitter.com/wiki,0
https://www.amazon.com/about,0
http://agroank.com/confirm,1
http://official-xalqbank.uz/login,1
http://aloqabnk.com/secure/login,1
https://wsj.com/about,0
http://best-texagrobank.co/login,1
http://real-hamkorbank.uz/payment/confirm,1
https://www.yandex.uz/robots.txt,0
http://official-agrobank.com/karta/faollashtirish,1
http://pochtaank.co/cards/activate,1
http://uzcrad.co/tolov,1
http://ipakyulibank-uz.verify-account.net/auth,1
https://shopify.com/app,0
https://ebay.com/index.html,0
https://google.com/search,0
http://secure-uzcard.kz/auth,1
http://ape-lsin.uz/p?redirect=true,1
http://80.221.244.127/tbcbank/auth,1
https://www.bing.com/category/news,0
https://uzb.uz/static/css/main.css,0
https://dropbox.com/profile,0
http://online-ipakyulibank.io/transfer,1
http://agrobank-hisob.com/cards/activate,1
http://uzpost-net.kz/transfer,1
https://facebook.com/help,0
http://login-kapitalbank.uz/login,1
http://agrobank-secure.io/payment/confirm,1
https://reddit.com/en/services,0
http://anorbank-service.ru/p?redirect=true,1
https://yoshlar.uz/products/list,0
http://apelsn.co/account/verify,1
https://yoshlar.uz/banking,0
http://real-pochtabank.net/transfer,1
http://new-uzpost.org/kirish,1
https://nytimes.com/messages,0
http://asakbank.uz/hisob,1
http://sqbaccount.com/account/verify,1
http://uzcard-service.io/payment/confirm,1
http://anorbank-card.kz/verify,1
http://login.secure.account3.infinbank.uz.phish.com/auth,1
http://34.136.161.181/aloqabank/auth,1
http://real-aloqabank.kz/kirish,1
http://paynet.ga/tolov,1
http://uzpost-2024.kz/banking/login,1
https://nytimes.com/,0
http://bcdw57iahs3uc3wf.ga/banking/login,1
http://new-click.io/account/verify,1
http://ipoekabank.ru/login?next=%2Faccount,1
http://hamkrobank.kz/confirm,1
http://real-uzpost.org/auth,1
http://uzcard-uz.com/login?next=%2Faccount,1
http://85.246.198.97:8080/anorbank/banking/login,1
http://laoqabank.io/karta/faollashtirish,1
https://twitter.com/api,0
http://uzpos.ru/banking/login,1
http://102.72.19.182:8080/xalqbank/account/verify,1
https://gmail.com/banking,0
https://pochta.uz/notifications,0
https://economist.com/uz/hizmatlar,0
http://u-zcard.uz/login?next=%2Faccount,1
http://paynet-service.uz/account/verify,1
http://uczard.com/verify,1
https://instagram.com/,0
http://ka-pitalbank.com/login?next=%2Faccount,1
http://hamko-rbank.co/secure/login,1
https://stat.uz/contact,0
http://uzcard-2024.ru/hisob,1
https://www.xalqbank.uz/uz,0
http://nbu-uz.org/auth,1
https://xb.uz/login,0
https://tbcbank.uz/ru,0
http://tr-astbank.net/auth,1
https://microsoft.com/privacy,0
https://nuu.uz/privacy,0
http://asakaabnk.org/login,1
https://www.ijro.uz/download,0
https://youtube.com/logout,0
https://spot.uz/news,0
https://samdu.uz/banking,0
http://login-click.co/hisob,1
http://j6yi7jlrun01.site/auth,1
https://pochtabank.uz@malicious002.com/login,1
https://www.tuit.uz/,0
https://www.uzum.uz/media,0
http://online-trastbank.uz/confirm,1
http://asakabank-secure.com/kirish,1
https://paypal.com/robots.txt,0
https://paynet.uz/search,0
http://asakaank.uz/secure/login,1
http://xalqbank-pay.ru/login?next=%2Faccount,1
https://zamin.uz/dashboard,0
http://verify-tbcbank.org/cards/activate,1
https://amazon.com/media,0
https://stripe.com/uz/hizmatlar,0
http://21zu9f05fd4v9mvnezibw.online/karta/faollashtirish,1
https://dunyo.uz/api,0
http://uz-anorbank.kz/hisob,1
http://h-umo.co/confirm,1
https://cnn.com/category/services,0
https://www.nbu.uz/uploads,0
https://developer.mozilla.org/analytics,0
http://uhmo.uz/auth,1
http://best-nbu.co/transfer,1
http://u-zum.ru/tolov,1
http://aloqaba-nk.co/karta/faollashtirish,1
https://www.wsj.com/news,0
http://tras-tbank.ru/cards/activate,1
https://yahoo.com/logout,0
http://login-asakabank.org/hisob,1
https://e-gov.uz/notifications,0
https://paynet.uz/services,0
https://outlook.com/category/news,0
http://click-online.net/verify,1
https://uzum.uz/index.html,0
https://zamin.uz/static/css/main.css,0
http://paynet-2024.co/login,1
http://new-uzcard.ru/auth,1
http://uzcardxavfsiz.com/confirm,1
https://stackoverflow.com/ru,0
https://www.paynet.uz/history,0
http://44.145.6.84/pochtabank/p?redirect=true,1
http://login-agrobank.com/banking/login,1
http://son.net/auth,1
http://pohctabank.io/p?redirect=true,1
http://anorbnk.co/verify,1
http://sqb-card.net/login?next=%2Faccount,1
https://office.com/banking,0
https://tuit.uz/dashboard,0
http://ipotekabnak.co/auth,1
http://ayme.ru/confirm,1
http://223.154.99.123:8080/uzcard/tolov,1
https://developer.mozilla.org/uz/hizmatlar,0
https://ft.com/banking,0
http://ip-otekabank.org/verify,1
http://uzpots.ru/p?redirect=true,1
https://mdis.uz/en,0
http://iptekabank.com/login?next=%2Faccount,1
https://tuit.uz/login,0
https://yahoo.com/login,0
https://www.npmjs.com/report,0
http://xal-qbank.ru/tolov,1
https://twitter.com/history,0
https://bing.com/offers,0
https://ebay.com/category/services,0
http://hisob-apelsin.uz/secure/login,1
https://office.com/support,0
https://www.aloqabank.uz/products/list,0
https://reuters.com/login,0
http://tbcbank-service.org/transfer,1
http://official-humo.co/payment/confirm,1
http://my-infinbank.io/hisob,1
https://stackoverflow.com/report,0
https://www.infinbank.uz/api,0
http://ipakulibank.net/banking/login,1
http://aloqabank-net.co/kirish,1
http://pay-uzpost.uz/transfer,1
https://tsue.uz/user/profile,0
https://www.wsj.com/sitemap.xml,0
http://humoo.kz/secure/login,1
http://new-aloqabank.co/cards/activate,1
http://aynet.uz/tolov,1
https://yandex.uz/index.html,0
https://samdu.uz/cards,0
http://pochtabnak.uz/verify,1
http://aloqaabnk.org/login,1
https://stackoverflow.com/app,0
http://aloqaban.io/verify,1
https://bloomberg.com/ru/about,0
http://piakyulibank.com/tolov,1
https://npmjs.com/login,0
http://a-sakabank.com/tolov,1
https://nuu.uz/ru/about,0
http://best-uzpost.ru/p?redirect=true,1
https://amazon.com/docs,0
http://238.165.172.44/hamkorbank/kirish,1
http://texagrobnak.co/account/verify,1
http://kaiptalbank.kz/hisob,1
http://46.117.112.12/infinbank/payment/confirm,1
http://apelsni.uz/hisob,1
http://norbank.com/auth,1
http://my-xalqbank.uz/karta/faollashtirish,1
http://99.198.177.224/ipakyulibank/account/verify,1
http://a-sakabank.uz/tolov,1
https://qalampir.uz/sitemap.xml,0
https://www.github.com/cards,0
http://hamkorbank-card.io/secure/login,1
http://official-trastbank.kz/auth,1
http://anorbank-net.com/cards/activate,1
http://asakaank.org/tolov,1
http://click.click/kirish,1
http://ipotek-abank.ru/kirish,1
http://uzpost-card.net/banking/login,1
https://mdis.uz/wiki,0
http://aaskabank.co/account/verify,1
http://login-agrobank.kz/secure/login,1
https://office.com/about,0
http://trastank.uz/login,1
https://interfax.uz/login,0
http://texagobank.kz/login,1
http://online-hamkorbank.kz/payment/confirm,1
http://infibank.ru/login,1
https://instagram.com/about-us,0
https://humans.uz/security,0
https://azure.microsoft.com/blog,0
https://www.twitter.com/help,0
https://xb.uz/services,0
https://cloudflare.com/api,0
https://e-gov.uz/offers,0
http://ip-akyulibank.com/cards/activate,1
http://apelsin-net.org/banking/login,1
https://google.com/help,0
http://secure-anorbank.uz.phish.xyz/confirm,1
http://nbu-service.ru/p?redirect=true,1
http://real-tbcbank.uz/verify,1
http://apels-in.kz/banking/login,1
http://tbcbnk.com/hisob,1
https://youtube.com/contact,0
https://xalqbank.uz/privacy,0
http://official-tbcbank.uz/kirish,1
http://aeplsin.ru/karta/faollashtirish,1
http://new-humo.uz/kirish,1
https://dropbox.com/mobile,0
https://kommersant.uz/en/services,0
https://court.uz/uz,0
https://mehnat.uz/api,0
http://hmuo.org/account/verify,1
https://gmail.com/main,0
http://new-agrobank.co/verify,1
https://www.visa.com/wiki,0
https://kommersant.uz/login,0
https://www.nbu.uz/user/profile,0
https://wsj.com/uploads,0
http://apelsin-net.uz/login,1
http://trast-bank.com:8443/login,1
http://3.76.138.195:8080/agrobank/verify,1
http://official-apelsin.io/confirm,1
http://panyet.io/kirish,1
http://soon.com/hisob,1
https://anorbank.uz/settings,0
http://aplsin.kz/account/verify,1
https://www.google.com/media,0
http://agrobank-secure.org/auth,1
https://ebay.com/en,0
https://microsoft.com/report,0
http://best-anorbank.com/p?redirect=true,1
http://asakaban.uz/verify,1
http://asakabank-tasdiqlash.com/payment/confirm,1
https://epay.uz/ru/about,0
http://trsatbank.kz/auth,1
http://my-xalqbank.ru/confirm,1
http://payet.com/kirish,1
http://official-tbcbank.uz/karta/faollashtirish,1
https://www.daryo.uz/products,0
https://office.com/profile,0
http://best-ipakyulibank.kz/tolov,1
http://253.45.208.249:8080/xalqbank/kirish,1
http://click.uz@malicious000.com/kirish,1
http://aloqabank-net.io/transfer,1
https://www.dunyo.uz/sitemap.xml,0
http://s-qb.kz/confirm,1
https://www.spot.uz/security,0
http://xalqbank-login.kz/tolov,1
http://ipakyulibank-secure.net/auth,1
http://rtastbank.net/auth,1
http://infinank.org/login,1
https://www.docs.python.org/mobile,0
https://azure.microsoft.com/news,0
http://payne.co/confirm,1
http://pochta-bank.kz/banking/login,1
https://bbc.com/uz,0
http://ipakyulibank-uz.io/verify,1
https://wsj.com/sitemap.xml,0
http://ipoteka-bank.uz/account/verify,1
https://paynet.uz/logout,0
http://pay-net.co/banking/login,1
https://www.cnn.com/profile,0
https://www.bbc.com/support,0
https://kapitalbank.uz/dashboard,0
https://docs.python.org/download,0
http://verify-paynet.uz/p?redirect=true,1
http://verify.oson-uz.com/transfer,1
http://194.145.170.165:8080/anorbank/verify,1
http://zuum.co/hisob,1
http://cl-ick.org/banking/login,1
http://ipakyulibank-pay.io/hisob,1
https://www.linkedin.com/dashboard,0
http://best-uzpost.io/karta/faollashtirish,1
http://cl-ick.uz/auth,1
http://uz-pochtabank.kz/kirish,1
http://uzum-online.io/confirm,1
https://www.humans.uz/contact,0
http://paynet-login.org/payment/confirm,1
https://humans.uz/en,0
http://new-infinbank.net/hisob,1
http://asakbank.co/auth,1
http://paynte.co/login?next=%2Faccount,1
https://payme.uz/wiki,0
https://office.com/report,0
http://new-kapitalbank.uz/auth,1
http://anorbank.uz@malicious004.com/kirish,1
https://dropbox.com/products,0
https://epay.uz/offers,0
https://qalampir.uz/login,0
http://150.218.86.27/kapitalbank/account/verify,1
http://71.36.223.149:8080/sqb/auth,1
http://paynet-online.ru/cards/activate,1
http://trastbank-secure.co/account/verify,1
http://trastbank-2024.org/secure/login,1
https://www.google.com/register,0
http://official-pochtabank.ru/hisob,1
https://bbc.com/robots.txt,0
http://kapitalbnk.uz/karta/faollashtirish,1
https://facebook.com/privacy,0
http://best-aloqabank.org/secure/login,1
http://online-hamkorbank.net/payment/confirm,1
http://pyanet.org/p?redirect=true,1
http://infinbak.io/verify,1
https://www.sputniknews.uz/security,0
http://paelsin.net/p?redirect=true,1
http://xlqbank.org/confirm,1
https://apelsin.uz/ru/about,0
https://www.uza.uz/download,0
https://www.twitter.com/register,0
http://apyme.uz/kirish,1
https://www.wordpress.com/user/profile,0
https://reddit.com/services,0
http://trastbank-account.com/p?redirect=true,1
https://hamkorbank.uz/user/profile,0
https://hamkorbank.uz/api/v1/health,0
https://nbu.uz/privacy,0
http://96.10.85.171:8080/pochtabank/login?next=%2Faccount,1
https://www.texagrobank.uz/faq,0
http://payn-et.com/account/verify,1
https://ems.uz/api/v1/health,0
https://reddit.com/products/list,0
https://kapitalbank.uz/help,0
http://infinbank-online.kz:3000/login,1
http://26.75.122.227/humo/p?redirect=true,1
https://nuu.uz/terms,0
http://teaxgrobank.io/tolov,1
https://kun.uz/blog,0
https://adobe.com/search,0
http://asakabak.org/payment/confirm,1
http://asakab-ank.io/karta/faollashtirish,1
http://ipoekabank.io/karta/faollashtirish,1
https://asakabank.uz@malicious003.com/login,1
http://hamkorbank.ga/payment/confirm,1
https://nuu.uz/uploads,0
https://www.gov.uz/report,0
http://oson-secure.ru/karta/faollashtirish,1
https://trastbank.uz/blog,0
https://my.gov.uz/terms,0
http://real-infinbank.net/confirm,1
http://agro-bank.net/login,1
https://slack.com/2024/,0
http://s-qb.org/p?redirect=true,1
https://microsoft.com/contact,0
http://best-trastbank.net/auth,1
https://oson.uz/api/v1/health,0
http://pyame.org/p?redirect=true,1
https://www.bibim.uz/sitemap.xml,0
http://official-ipotekabank.ru/account/verify,1
https://reddit.com/category/services,0
http://aloqabank.xyz/secure/login,1
http://asakabank-bank.net/p?redirect=true,1
https://soliq.uz/payments,0
http://agrobnk.com/secure/login,1
https://github.com/notifications,0
http://xlaqbank.net/cards/activate,1
http://login-uzpost.com/login,1
https://uznet.uz/mobile,0
http://ipakyuliank.uz/transfer,1
https://youtube.com/offers,0
https://science.org/uz/hizmatlar,0
http://asakabank-2024.org/banking/login,1
http://best-anorbank.net/login,1
http://uz-agrobank.co/banking/login,1
https://kommersant.uz/docs,0
http://uzcard.uz@malicious014.com/kirish,1
https://soliq.uz/profile,0
http://s-qb.org:8443/login,1
https://nytimes.com/news,0
http://new-uzum.com/p?redirect=true,1
https://cloud.google.com/en,0
http://hamkorbank-secure.kz/transfer,1
https://www.spot.uz/privacy,0
http://my-paynet.uz/banking/login,1
https://nytimes.com/about-us,0
http://verify-oson.org/hisob,1
https://epay.uz/banking,0
http://kapital-bank.com/p?redirect=true,1
http://apelsin-secure.ru/banking/login,1
http://agrobank-card.io/,1
http://anorbankk.co/p?redirect=true,1
http://verify-nbu.io/account/verify,1
http://a-norbank.uz/karta/faollashtirish,1
http://texagrobank-service.co/secure/login,1
http://anobank.co/banking/login,1
http://best-humo.org/cards/activate,1
http://tasdiqlash-agrobank.uz/confirm,1
https://mytaxi.uz/robots.txt,0
http://alo-qabank.kz/login?next=%2Faccount,1
https://mastercard.com/blog,0
https://edu.uz/robots.txt,0
https://xalqbank.uz/analytics,0
http://hu-mo.org/p?redirect=true,1
http://humo.click/hisob,1
https://uznet.uz/contact,0
https://nytimes.com/download,0
http://uzum-service.ru/cards/activate,1
http://247.198.84.66:8080/payme/confirm,1
http://paelsin.kz/kirish,1
https://www.reuters.com/profile,0
http://an-orbank.kz/hisob,1
https://mytaxi.uz/transfer,0
https://reddit.com/main,0
http://kaptialbank.net/p?redirect=true,1
http://etxagrobank.org/kirish,1
https://pochta.uz/api,0
http://1nf1nb4nk.io/account/verify,1
http://clik.kz/banking/login,1
https://www.uzb.uz/static/css/main.css,0
https://gov.uz/terms,0
http://uzca-rd.kz/tolov,1
https://shopify.com/ru/about,0
http://apyme.com/verify,1
https://www.uzinfocom.uz/about,0
https://nuu.uz/register,0
http://login-anorbank.org/login,1
https://edu.uz/ru,0
http://my-infinbank.io/account/verify,1
http://asakabank-login.org/account/verify,1
https://kubernetes.io/api/v1/health,0
https://pochtabank.uz/docs,0
https://daryo.uz/wiki,0
http://agrobank.gq/verify,1
https://sqb.uz/static/css/main.css,0
https://ems.uz/register,0
https://science.org/analytics,0
http://uz-trastbank.uz/login,1
http://payn-et.ru/auth,1
http://177.168.31.237:8080/nbu/login,1
http://pochtabank.rest/p?redirect=true,1
https://www.ipotekabank.uz/login,0
https://daryo.uz/about-us,0
https://humo.uz/support,0
https://cloudflare.com/services,0
http://anorbank.uz@malicious012.com/kirish,1
https://samdu.uz/transfer,0
http://aloqbank.co/kirish,1
http://xalqank.kz/karta/faollashtirish,1
http://arobank.uz/hisob,1
http://ipo-tekabank.net/p?redirect=true,1
http://tbc-bank.uz/tolov,1
https://economist.com/app,0
https://theguardian.com/app,0
http://hum0.ru/karta/faollashtirish,1
http://best-paynet.io/hisob,1
http://nbu-login.org/login,1
https://my.gov.uz/messages,0
http://kap-italbank.io/transfer,1
https://court.uz/transfer,0
https://e-gov.uz/uz/hizmatlar,0
http://texagrobank-pay.net/kirish,1
http://n-bu.io/p?redirect=true,1
http://asakabank-2024.uz/banking/login,1
http://trastbakn.com/cards/activate,1
https://www.forbes.com/banking,0
https://e-gov.uz/search,0
https://www.economist.com/media,0
https://e-gov.uz/news,0
http://pyme.co/hisob,1
http://payet.ru/secure/login,1
http://hamkorbank.click/tolov,1
https://www.xb.uz/category/news,0
https://ipotekabank.uz/products,0
https://ipotekabank.uz/transfer,0
https://www.cloudflare.com/login,0
http://infi-nbank.org/karta/faollashtirish,1
http://payent.co/transfer,1
http://uzpost-uz.org/payment/confirm,1
https://www.theguardian.com/news,0
https://ems.uz/services,0
http://texagrobank-net.kz/kirish,1
http://pochtaban-k.co/login?next=%2Faccount,1
https://www.kommersant.uz/sitemap.xml,0
http://asakabakn.ru/account/verify,1
http://177.17.147.27:8080/payme/hisob,1
https://customs.uz/category/news,0
http://pa-ynet.kz/kirish,1
https://bbc.com/products/list,0
http://hamkorbank-pay.uz/secure/login,1
http://p0cht4b4nk.net/secure/login,1
http://hamkorban.uz/p?redirect=true,1
http://my-uzum.com/confirm,1
http://kpitalbank.net/kirish,1
https://www.yandex.uz/services,0
http://sqbb.com/hisob,1
https://license.uz/history,0
http://ipoekabank.org/verify,1
http://amkorbank.com/kirish,1
https://www.gazeta.uz/ru,0
http://6wu6hjq7jwm5thv1d12c5.info/secure/login,1
http://sqb.online/login,1
http://zupost.org/secure/login,1
https://zamin.uz/history,0
https://github.com/contact,0
http://asakabnak.ru/tolov,1
https://www.interfax.uz/mobile,0
http://pay-net.io/karta/faollashtirish,1
https://tdiu.uz/api/v1/health,0
http://tbcbanksecure.com/confirm,1
https://prokuratura.uz/ru/about,0
https://agrobank.uz/news,0
http://login-ipakyulibank.net/login,1
http://secure-tbcbank.uz/account/verify,1
https://asakabank.uz/messages,0
https://samdu.uz/analytics,0
https://theguardian.com/robots.txt,0
http://26.219.54.55:8080/sqb/p?redirect=true,1
https://microsoft.com/blog,0
http://payme.cf/cards/activate,1
https://uzcard.uz@malicious008.com/login,1
http://tbcbank-login.kz/cards/activate,1
http://ipotekabank-online.ru/login,1
http://pcohtabank.org/hisob,1
http://infibank.uz/p?redirect=true,1
http://infinank.org/karta/faollashtirish,1
http://inf-inbank.co/login?next=%2Faccount,1
https://paypal.com/contact,0
http://kapitalbakn.io/kirish,1
http://texagrbank.ru/p?redirect=true,1
http://t-exagrobank.ru/cards/activate,1
http://10.229.82.238/pochtabank/p?redirect=true,1
http://verify-ipakyulibank.com/kirish,1
https://paypal.com/messages,0
http://asakabank-bank.kz/p?redirect=true,1
https://sog-liqni-saqlash.uz/about,0
http://click-online.org/tolov,1
https://license.uz/uz,0
https://google.com/download,0
http://best-ipotekabank.ru/confirm,1
http://verify-xalqbank.org/login?next=%2Faccount,1
http://aloqabank-verify.com/tolov,1
http://uzpos.net/login,1
http://potekabank.com/banking/login,1
https://agrobank.uz/support,0
https://yandex.uz/api,0
https://xalqbank.uz/ru/about,0
https://ebay.com/media,0
https://www.spot.uz/user/profile,0
http://agrobankk.kz/confirm,1
https://www.kapitalbank.uz/uz,0
http://uzost.org/login,1
https://bloomberg.com/user/profile,0
http://pelsin.co/p?redirect=true,1
https://www.youtube.com/ru,0
http://54.62.212.87/aloqabank/banking/login,1
http://secure-anorbank.uz.phish.xyz/login?next=%2Faccount,1
http://tr-astbank.uz/auth,1
https://anorbank.uz/about-us,0
https://uzum.uz/report,0
http://61.247.143.93/tbcbank/p?redirect=true,1
https://science.org/robots.txt,0
https://kun.uz/wiki,0
http://secure-trastbank.kz/banking/login,1
http://180.160.38.201/uzpost/login?next=%2Faccount,1
https://soliq.uz/offers,0
https://apelsin.uz/user/profile,0
https://github.com/,0
https://infinbank.uz/home,0
https://pypi.org/news,0
https://yoshlar.uz/blog,0
https://stackoverflow.com/index.html,0
https://reddit.com/ru/about,0
https://yoshlar.uz/,0
http://cx4o1ccy105xur7hal7ng.site/confirm,1
http://pohtabank.ru/account/verify,1
https://www.reddit.com/banking,0
https://mytaxi.uz/media,0
http://hamkorbank-secure.net/auth,1
https://google.com/uz,0
https://soliq.uz/index.html,0
http://oson-online.co/karta/faollashtirish,1
http://kapitalbank-online.com/transfer,1
http://142.1.24.179/xalqbank/p?redirect=true,1
http://aonrbank.co/hisob,1
https://developer.mozilla.org/en/services,0
https://www.netflix.com/analytics,0
https://www.shopify.com/contact,0
http://aloqaban-k.uz/p?redirect=true,1
https://facebook.com/home,0
https://bloomberg.com/,0
http://91.16.75.102:8080/payme/auth,1
https://nbu.uz/history,0
https://www.xalqbank.uz/history,0
https://pochtabank.uz/uz,0
http://new-nbu.ru/confirm,1
http://uzcar.co/kirish,1
http://asakabankxavfsiz.com/transfer,1
http://login-ipakyulibank.com/login?next=%2Faccount,1
https://www.agrobank.uz/products/list,0
http://garobank.org/karta/faollashtirish,1
https://ijro.uz/privacy,0
https://youtube.com/products,0
https://bibim.uz/ru,0
https://www.visa.com/history,0
https://tma.uz/about,0
https://www.apple.com/user/profile,0
https://theguardian.com/main,0
http://oson.uz@malicious013.com/kirish,1
https://github.com/about-us,0
http://secure-trastbank.ru/kirish,1
https://parlament.uz/logout,0
http://new-trastbank.ru/confirm,1
http://15.95.247.143/click/verify,1
http://uzum.tk/transfer,1
http://asakaba-nk.net/hisob,1
https://www.humo.uz/home,0
http://asakabnak.io/confirm,1
https://www.adobe.com/uploads,0
http://zucard.kz/login,1
http://146.227.28.12/pochtabank/tolov,1
https://www.soliq.uz/,0
http://154.67.226.50:8080/tbcbank/p?redirect=true,1
https://uzum.uz/mobile,0
http://payne.org/login,1
https://cloud.google.com/terms,0
https://mf.uz/uz/hizmatlar,0
http://trastbank-net.org/payment/confirm,1
http://ipakyulibank-secure.kz/secure/login,1
http://aloqabank-login.net/login?next=%2Faccount,1
https://click.uz/api/v1/health,0
https://hub.docker.com/faq,0
http://online-texagrobank.net/tolov,1
http://ipotekabank-2024.org/login,1
http://u-zum.io/secure/login,1
https://www.mytaxi.uz/services,0
https://npmjs.com/dashboard,0
https://bbc.com/banking,0
http://oson-login.net/p?redirect=true,1
https://youtube.com/register,0
http://potekabank.io/payment/confirm,1
http://login-apelsin.kz/banking/login,1
https://e-gov.uz/settings,0
https://wsj.com/dashboard,0
https://www.nytimes.com/help,0
http://texagroank.org/kirish,1
http://p4yn3t.kz/cards/activate,1
https://nature.com/main,0
https://www.tuit.uz/products,0
http://login-uzcard.org/login,1
http://uz-kapitalbank.uz/secure/login,1
http://real-humo.uz/tolov,1
https://linkedin.com/sitemap.xml,0
https://www.bloomberg.com/register,0
http://asakabank-pay.kz/account/verify,1
https://slack.com/support,0
http://secure-hamkorbank.kz/karta/faollashtirish,1
http://hamkorb-ank.kz/kirish,1
http://38.227.90.7:8080/ipotekabank/cards/activate,1
http://ipakyulibak.co/login,1
https://www.adobe.com/,0
https://aloqabank.uz/index.html,0
http://ipotekaba-nk.net/secure/login,1
http://ipotkeabank.org/p?redirect=true,1
http://secure-nbu.kz/transfer,1
http://ipa-kyulibank.co/hisob,1
http://pochtabank-2024.com/secure/login,1
https://office.com/api,0
https://podrobno.uz/logout,0
https://kun.uz/uz/hizmatlar,0
http://agrobank-card.org/secure/login,1
http://official-click.uz/p?redirect=true,1
https://click.uz/register,0
http://online-infinbank.ru/account/verify,1
http://ipoekabank.com/p?redirect=true,1
http://agrobak.uz/p?redirect=true,1
http://67.115.161.22/aloqabank/p?redirect=true,1
https://www.hub.docker.com/terms,0
https://www.ft.com/blog,0
http://online-ipotekabank.co/secure/login,1
http://uzum.uz.login-secure.com/transfer,1
http://best-aloqabank.com/karta/faollashtirish,1
https://bibim.uz/docs,0
http://click-card.ru/hisob,1
http://uzumm.kz/confirm,1
http://ipakyulibankverify.com/karta/faollashtirish,1
http://tcbbank.net/confirm,1
http://tcbank.uz/p?redirect=true,1
http://trastb-ank.kz/confirm,1
https://uzb.uz/notifications,0
http://oson-online.com/account/verify,1
http://70.224.217.46/nbu/kirish,1
https://hub.docker.com/terms,0
http://tbbank.com/login,1
http://ipakyuliank.com/transfer,1
http://new-asakabank.com/payment/confirm,1
https://apple.com/main,0
https://daryo.uz/terms,0
http://sq-b.kz/transfer,1
http://infi-nbank.com/verify,1
http://ipotekabank-bank.uz/banking/login,1
http://73.248.89.175:8080/texagrobank/auth,1
http://128.109.32.5:8080/click/account/verify,1
http://kapit-albank.kz/p?redirect=true,1
https://agrobank.uz/services,0
http://secure-trastbank.io/login,1
http://ipotekaban-k.kz/cards/activate,1
http://apesin.co/confirm,1
https://uzcard.uz/contact,0
http://ip-otekabank.org/karta/faollashtirish,1
http://secure-uzum.uz/karta/faollashtirish,1
https://my.gov.uz/products/list,0
https://www.docs.python.org/products,0
http://official-payme.co/kirish,1
http://new-xalqbank.kz/payment/confirm,1
https://www.asakabank.uz/ru/about,0
http://po-chtabank.co/karta/faollashtirish,1
http://paynet.info/cards/activate,1
http://uzum-net.uz/,1
https://www.my.gov.uz/ru/about,0
http://218.254.77.98:8080/pochtabank/banking/login,1
http://paynetlogin.com/auth,1
http://bcbank.co/kirish,1
https://tbcbank.uz/blog,0
https://wordpress.com/about-us,0
http://new-apelsin.uz/secure/login,1
https://click.uz/security,0
https://www.developer.mozilla.org/products,0
http://trastbank-card.io/secure/login,1
http://174.131.203.52/texagrobank/transfer,1
http://texagrobakn.kz/tolov,1
https://ipotekabank.uz/wiki,0
http://asakabank-login.com/account/verify,1
http://anorbank.uz.payment-confirm.ru/kirish,1
https://xs.uz/history,0
https://zoom.us/api/v1/health,0
http://pochtaban.org/verify,1
https://kun.uz/ru/about,0
https://linkedin.com/messages,0
https://www.cloudflare.com/en/services,0
https://texagrobank.uz/user/profile,0
https://pharmi.uz/terms,0
https://www.reuters.com/help,0
http://secure-aloqabank.co/verify,1
https://kommersant.uz/history,0
https://kubernetes.io/en,0
http://tbcbnak.net/payment/confirm,1
http://ipoteabank.com/p?redirect=true,1
https://www.yahoo.com/support,0
https://soliq.uz/security,0
http://click-2024.kz:9090/login,1
http://my-asakabank.uz/login,1
https://www.president.uz/uz,0
https://anorbank.uz/robots.txt,0
https://www.xb.uz/register,0
http://infnbank.ru/payment/confirm,1
https://podrobno.uz/security,0
https://www.gov.uz/uz,0
https://nytimes.com/products/list,0
https://google.com/ru/about,0
http://nbu-tasdiqlash.com/auth,1
https://www.slack.com/uz,0
http://real-uzcard.io/tolov,1
https://tsue.uz/en,0
https://mytaxi.uz/mobile,0
https://uzum.uz/support,0
http://kapitabank.org/tolov,1
https://xb.uz/cards,0
https://agrobank.uz/media,0
https://customs.uz/login,0
http://ham-korbank.net/payment/confirm,1
http://101.252.104.58:8080/nbu/login,1
https://www.zamin.uz/news,0
https://www.nytimes.com/docs,0
http://payem.org/karta/faollashtirish,1
https://president.uz/ru/about,0
http://ipakyulibank-net.kz/karta/faollashtirish,1
http://agrbank.com/payment/confirm,1
http://tex-agrobank.net/secure/login,1
https://mehnat.uz/ru,0
http://aaskabank.io/tolov,1
http://verify.click-uz.com/p?redirect=true,1
https://youtube.com/report,0
http://aloqabank-online.ru/transfer,1
http://potekabank.org/payment/confirm,1
http://real-trastbank.net/secure/login,1
http://ipotekabank.info/kirish,1
http://ayme.io/banking/login,1
http://online-uzcard.net/account/verify,1
http://new-hamkorbank.net/kirish,1
http://arobank.com/transfer,1
http://701pmpydkoxzdo.site/p?redirect=true,1
http://trstbank.ru/banking/login,1
https://daryo.uz/services,0
http://best-click.co/kirish,1
http://infinbankk.co/payment/confirm,1
http://secure-nbu.org/login?next=%2Faccount,1
http://nfinbank.ru/hisob,1
https://xalqbank.uz/logout,0
http://official-click.net/confirm,1
http://oson-2024.co/kirish,1
https://qalampir.uz/search,0
http://my-uzpost.io/transfer,1
http://228.200.227.30:8080/ipakyulibank/auth,1
http://ipotekaban-k.co/payment/confirm,1
http://kapitalbank-bank.org/secure/login,1
http://official-click.co/transfer,1
http://official-uzpost.co/tolov,1
https://forbes.com/docs,0
http://opchtabank.co/kirish,1
https://www.outlook.com/uploads,0
http://ip-akyulibank.io/kirish,1
https://uza.uz/sitemap.xml,0
https://aws.amazon.com/ru,0
https://xalqbank.uz/notifications,0
https://www.ebay.com/robots.txt,0
https://amazon.com/index.html,0
https://pharmi.uz/notifications,0
http://apelsn.io/login?next=%2Faccount,1
https://asakabank.uz@malicious011.com/login,1
http://8.215.155.79:8080/asakabank/banking/login,1
https://zamin.uz/products/list,0
http://uz-kapitalbank.ru/kirish,1
https://www.zamin.uz/wiki,0
http://pyanet.uz/login,1
https://www.hamkorbank.uz/messages,0
http://best-ipakyulibank.ru/p?redirect=true,1
https://e-gov.uz/uploads,0
https://mf.uz/docs,0
https://www.bloomberg.com/wiki,0
https://epay.uz/messages,0
https://xb.uz/media,0
http://227.187.222.107/asakabank/verify,1
http://oso-n.org/cards/activate,1
http://agrobank-card.co/cards/activate,1
http://asaakbank.io/tolov,1
https://wsj.com/news,0
https://mdis.uz/services,0
http://in-finbank.org/account/verify,1
http://hamkobank.net/verify,1
http://uz-pochtabank.co/account/verify,1
https://tma.uz/user/profile,0
https://www.dropbox.com/wiki,0
https://prokuratura.uz/notifications,0
http://xalqank.io/cards/activate,1
http://ip-akyulibank.co/transfer,1
http://best-nbu.kz/kirish,1
http://asakabank.cf/login,1
http://anorbank-login.kz/kirish,1
https://www.pochtabank.uz/uploads,0
https://wikipedia.org/docs,0
https://ipotekabank.uz/api,0
https://sputniknews.uz/contact,0
https://theguardian.com/settings,0
http://best-aloqabank.org/kirish,1
https://hamkorbank.uz/download,0
https://ems.uz/category/news,0
https://visa.com/static/css/main.css,0
https://humans.uz/static/css/main.css,0
https://cloud.google.com/products/list,0
https://xs.uz/en,0
https://yahoo.com/media,0
https://pharmi.uz/main,0
http://verify-nbu.net/hisob,1
https://pochtabank.uz/wiki,0
https://theguardian.com/messages,0
http://payne.co/payment/confirm,1
http://123.102.171.164/texagrobank/karta/faollashtirish,1
http://hamkorbank-2024.uz/secure/login,1
http://ipotekab-ank.org/account/verify,1
https://kubernetes.io/contact,0
https://www.nature.com/robots.txt,0
https://nuu.uz/uz/hizmatlar,0
https://tma.uz/uploads,0
https://azure.microsoft.com/transfer,0
http://zcard.net/p?redirect=true,1
https://www.president.uz/history,0
http://kapita-lbank.co/secure/login,1
https://science.org/about,0
https://www.wikipedia.org/user/profile,0
https://pochta.uz/help,0
https://anorbank.uz/,0
http://246.26.93.165:8080/asakabank/payment/confirm,1
http://anorban-k.org/kirish,1
http://paynet-secure.io/account/verify,1
http://t3x4gr0b4nk.org/transfer,1
http://new-kapitalbank.co/login?next=%2Faccount,1
http://a-grobank.io/login,1
https://daryo.uz/user/profile,0
http://asa-kabank.net/account/verify,1
https://www.anorbank.uz/download,0
http://anorbank-service.kz/p?redirect=true,1
http://my-hamkorbank.com/tolov,1
http://official-kapitalbank.org/verify,1
http://ipakyulibank-service.org/cards/activate,1
https://cloudflare.com/en,0
http://27.136.184.56/trastbank/banking/login,1
http://sb1tpy3lqrkxfg5cex9.site/payment/confirm,1
http://kapitablank.org/tolov,1
http://login-click.com/karta/faollashtirish,1
https://www.qalampir.uz/sitemap.xml,0
http://kapitalabnk.uz/cards/activate,1
http://verify-hamkorbank.ru/secure/login,1
http://agrobakn.com/account/verify,1
http://apel-sin.com/secure/login,1
https://xb.uz/main,0
http://asakabank-net.com/banking/login,1
http://infinbanklogin.com/banking/login,1
http://ipakyulibakn.com/login,1
https://www.podrobno.uz/security,0
http://trastbankk.kz/karta/faollashtirish,1
https://www.economist.com/news,0
http://anorbank.top/transfer,1
http://ipotkeabank.kz/p?redirect=true,1
http://ipayulibank.uz/hisob,1
http://uzcadr.co/karta/faollashtirish,1
https://uzum.uz/transfer,0
http://my-tbcbank.org/account/verify,1
https://www.mf.uz/main,0
https://xb.uz/analytics,0
https://reddit.com/dashboard,0
http://humo-net.net/auth,1
http://online-trastbank.kz/secure/login,1
http://aloqabank.gq/hisob,1
http://ipakyulibankpay.com/banking/login,1
http://login-apelsin.co/auth,1
https://bibim.uz/settings,0
http://click.ml/kirish,1
http://humo-net.net/secure/login,1
https://humo.uz/products,0
https://www.uzum.uz/products,0
http://agrobank-card.org/login,1
http://xalqbank-service.kz/cards/activate,1
http://trastba-nk.com/account/verify,1
http://rtastbank.uz/kirish,1
http://143.210.85.65:8080/aloqabank/kirish,1
https://economist.com/profile,0
http://anorbak.ru/cards/activate,1
http://texagrobank-secure.io/secure/login,1
http://official-hamkorbank.org/verify,1
http://secure-tbcbank.com/account/verify,1
http://best-trastbank.io/payment/confirm,1
http://online-ipotekabank.net/p?redirect=true,1
https://mytaxi.uz/2024/,0
http://hamkrbank.com/p?redirect=true,1
http://os-on.net/hisob,1
https://kubernetes.io/analytics,0
https://adobe.com/security,0
http://payne-t.net/hisob,1
http://click-service.com/confirm,1
http://aorbank.com/karta/faollashtirish,1
http://c11ck.io/p?redirect=true,1
http://uzpostconfirm.com/tolov,1
http://ipotekabank-secure.co/p?redirect=true,1
https://developer.mozilla.org/home,0
http://85.77.124.54/tbcbank/login,1
http://agrobank-bank.com/p?redirect=true,1
http://zuum.net/confirm,1
https://aws.amazon.com/blog,0
http://real-sqb.uz/secure/login,1
http://nbuu.org/confirm,1
https://aloqabank.uz/notifications,0
https://pypi.org/search,0
http://p0cht4b4nk.ru/hisob,1
http://anorbank-uz.uz/hisob,1
http://nbu-2024.org/karta/faollashtirish,1
http://pochtabankk.uz/cards/activate,1
http://tbcabnk.co/transfer,1
https://stackoverflow.com/uz,0
http://nfinbank.co/auth,1
http://online-apelsin.net/auth,1
http://pa-ynet.uz/tolov,1
http://xalqban.net/karta/faollashtirish,1
https://instagram.com/uz,0
http://46.223.67.104/hamkorbank/banking/login,1
http://aloabank.com/transfer,1
http://humo-bank.net/kirish,1
http://iotekabank.io/login,1
http://aloqabank-2024.net/p?redirect=true,1
https://www.shopify.com/search,0
https://oson.uz/products,0
http://hamkobrank.org/secure/login,1
https://mehnat.uz/index.html,0
https://my.gov.uz/transfer,0
https://shopify.com/contact,0
https://science.org/api,0
http://ipakyuli-bank.ru/karta/faollashtirish,1
https://pochta.uz/contact,0
http://nbu-card.com/login,1
http://infinbank-service.net/banking/login,1
http://ipotkabank.uz/tolov,1
https://reddit.com/banking,0
https://nuu.uz/banking,0
https://kun.uz/cards,0
http://pochta-bank.org/cards/activate,1
http://aloabank.kz/tolov,1
https://pochta.uz/cards,0
http://161.141.162.200:8080/asakabank/kirish,1
http://tbcbnk.net/account/verify,1
http://infinbankpay.com/auth,1
https://cnn.com/faq,0
http://tbcban.io/login?next=%2Faccount,1
https://paypal.com/payments,0
http://login-uzum.com/secure/login,1
http://uz-ipotekabank.org/payment/confirm,1
https://edu.uz/login,0
https://hub.docker.com/privacy,0
http://uzpost-bank.net/login?next=%2Faccount,1
http://secure-ipotekabank.co/secure/login,1
http://ipakyu-libank.uz/account/verify,1
https://gmail.com/terms,0
http://kap-italbank.uz/karta/faollashtirish,1
http://aloabank.uz/tolov,1
http://anorbank-card.net/tolov,1
https://ipakyulibank.uz/contact,0
http://secure-kapitalbank.net/transfer,1
http://kapitalbank-service.net/kirish,1
https://microsoft.com/logout,0
http://os-on.ru/banking/login,1
https://office.com/2024/,0
http://89.189.139.216/click/karta/faollashtirish,1
https://stackoverflow.com/contact,0
http://verify-sqb.com/kirish,1
http://ipotekabak.com/p?redirect=true,1
http://asakabankk.co/verify,1
https://sqb.uz/banking,0
https://president.uz/offers,0
https://www.payme.uz/analytics,0
https://xs.uz/support,0
http://infi-nbank.kz/login,1
http://an-orbank.ru/confirm,1
http://sqb-bank.org/confirm,1
http://secure-tbcbank.uz/confirm,1
http://sqb-login.uz/account/verify,1
https://cnn.com/user/profile,0
http://my-payme.ru/secure/login,1
http://real-agrobank.com/transfer,1
https://uzcard.uz/search,0
https://kapitalbank.uz/main,0
https://cnn.com/login,0
http://pochtabankk.uz/auth,1
https://stackoverflow.com/terms,0
http://uzu.org/auth,1
http://ipoteakbank.kz/transfer,1
http://official-uzpost.uz/transfer,1
https://click.uz/notifications,0
http://p-aynet.com/banking/login,1
http://real-ipakyulibank.com/auth,1
http://xalqbank-login.kz/login?next=%2Faccount,1
https://www.trastbank.uz/main,0
https://sqb.uz/ru,0
https://wikipedia.org/main,0
https://www.uznet.uz/privacy,0
http://asakabank-2024.io/auth,1
https://tsue.uz/notifications,0
http://clickk.io/karta/faollashtirish,1
https://pharmi.uz/contact,0
https://visa.com/index.html,0
https://president.uz/en,0
https://www.developer.mozilla.org/ru,0
http://t3x4gr0b4nk.uz/cards/activate,1
https://oson.uz/security,0
https://zamin.uz/news,0
http://kapitalbank.uz@malicious007.com/kirish,1
http://secure-apelsin.co/transfer,1
http://in-finbank.co/banking/login,1
https://nature.com/index.html,0
https://www.aws.amazon.com/category/news,0
https://www.pochtabank.uz/messages,0
http://aloqabak.co/tolov,1
http://best-trastbank.ru/banking/login,1
https://www.bing.com/report,0
http://login-infinbank.kz/verify,1
http://oson-pay.kz:8443/login,1
http://payme-secure.ru/hisob,1
https://customs.uz/uz,0
http://uzcardd.kz/verify,1
https://www.instagram.com/,0
http://anorbank-secure.io/karta/faollashtirish,1
http://best-apelsin.ru/verify,1
https://bibim.uz/history,0
https://trastbank.uz/services,0
http://hakorbank.net/confirm,1
https://my.gov.uz/banking,0
https://www.customs.uz/security,0
http://official-uzcard.com/verify,1
http://new-tbcbank.co/p?redirect=true,1
http://xlqbank.uz/payment/confirm,1
http://sqb-service.com/p?redirect=true,1
http://in-finbank.io/login,1
https://www.aws.amazon.com/settings,0
http://secure-sqb.ru/login?next=%2Faccount,1
http://kaiptalbank.ru/verify,1
http://verify-uzum.org/confirm,1
http://alo-qabank.com/auth,1
https://www.ebay.com/user/profile,0
http://umo.kz/tolov,1
http://ipotekabakn.ru/secure/login,1
http://texagroban-k.io/transfer,1
https://dropbox.com/products/list,0
http://ipoekabank.org/confirm,1
http://nbu-bank.kz/confirm,1
https://linkedin.com/analytics,0
http://asakabank-service.co/account/verify,1
http://humo-online.uz/kirish,1
http://verify-uzcard.uz/banking/login,1
http://nbu-net.net/transfer,1
http://pay-agrobank.uz/banking/login,1
http://anorbnak.com/tolov,1
http://agro-bank.io/cards/activate,1
http://206.130.6.192/infinbank/banking/login,1
http://anorbank-pay.co/login,1
http://uz-asakabank.net/karta/faollashtirish,1
http://45.35.148.117:8080/texagrobank/account/verify,1
https://xalqbank.uz/report,0
http://click-card.net/hisob,1
https://gazeta.uz/wiki,0
https://reuters.com/profile,0
http://new-infinbank.com/login?next=%2Faccount,1
https://pochta.uz/messages,0
https://www.amazon.com/ru,0
http://payme.gq/tolov,1
http://login-apelsin.uz/transfer,1
https://xs.uz/download,0
http://online-xalqbank.io/login,1
http://iptekabank.co/confirm,1
https://bibim.uz/sitemap.xml,0
http://7e0mj087602.cf/tolov,1
https://www.uzum.uz/app,0
http://ipotekabakn.org/banking/login,1
https://tma.uz/payments,0
https://asakabank.uz/api/v1/health,0
http://hamkorbank-service.kz/login,1
http://117.217.248.39/anorbank/payment/confirm,1
http://asakbaank.net/cards/activate,1
https://yahoo.com/ru/about,0
http://secure-oson.io/cards/activate,1
http://panet.org/tolov,1
https://www.instagram.com/api/v1/health,0
https://www.aloqabank.uz/app,0
https://mf.uz/support,0
http://clic-k.net/login,1
http://uzcadr.ru/login?next=%2Faccount,1
https://www.dropbox.com/login,0
https://facebook.com/docs,0
https://sputniknews.uz/,0
https://yoshlar.uz/notifications,0
http://hamkor-bank.kz/transfer,1
https://tuit.uz/user/profile,0
http://xlaqbank.io/kirish,1
http://my-aloqabank.co/karta/faollashtirish,1
https://pharmi.uz/ru,0
https://www.developer.mozilla.org/category/news,0
https://paynet.uz/static/css/main.css,0
https://www.office.com/ru/about,0
https://podrobno.uz/download,0
https://paynet.uz/banking,0
http://tex-agrobank.uz/p?redirect=true,1
http://trastbakn.co/tolov,1
http://tbcba-nk.uz/kirish,1
http://online-sqb.uz/transfer,1
https://reddit.com/contact,0
https://www.uzinfocom.uz/en/services,0
http://real-oson.org/login?next=%2Faccount,1
https://pochtabank.uz/transfer,0
http://online-asakabank.net/cards/activate,1
http://best-payme.org/kirish,1
http://payme-online.uz/login,1
https://www.docs.python.org/report,0
https://www.twitter.com/sitemap.xml,0
http://uzu.kz/banking/login,1
https://license.uz/cards,0
https://kubernetes.io/media,0
http://trastba-nk.ru/account/verify,1
https://adobe.com/uploads,0
http://nbu-secure.com/auth,1
http://uz-ipotekabank.com/payment/confirm,1
http://aakabank.ru/banking/login,1
https://ft.com/products/list,0
http://panet.uz/kirish,1
http://official-texagrobank.net/hisob,1
https://www.stackoverflow.com/ru,0
http://online-aloqabank.ru/login?next=%2Faccount,1
https://www.ebay.com/payments,0
http://zcard.com/verify,1
https://nature.com/offers,0
http://real-tbcbank.co/tolov,1
https://www.bing.com/analytics,0
https://shopify.com/report,0
http://hamkrobank.co/confirm,1
https://my.gov.uz/api,0
https://wikipedia.org/products/list,0
http://payme-bank.net/confirm,1
http://184.31.207.112:8080/pochtabank/auth,1
https://tma.uz/search,0
http://kapitalabnk.net/confirm,1
https://reuters.com/cards,0
http://244.189.244.88:8080/ipotekabank/transfer,1
https://twitter.com/uz/hizmatlar,0
http://hmuo.co/karta/faollashtirish,1
http://verify-sqb.net/karta/faollashtirish,1
http://hamkorbank-secure.com/karta/faollashtirish,1
https://mf.uz/terms,0
http://best-aloqabank.net:8443/login,1
http://asaka-bank.com/kirish,1
http://inf-inbank.io/banking/login,1
https://www.theguardian.com/uploads,0
http://best-texagrobank.uz/secure/login,1
http://218.211.239.40/texagrobank/hisob,1
https://podrobno.uz/docs,0
https://shopify.com/docs,0
https://president.uz/products,0
http://79.184.151.168:8080/click/login,1
http://pochtabank-pay.kz/verify,1
http://best-humo.com/karta/faollashtirish,1
http://xavfsiz-oson.uz/account/verify,1
http://ipakyul-ibank.kz/payment/confirm,1
https://gazeta.uz/download,0
http://pochtaank.org/cards/activate,1
https://asakabank.uz/2024/,0
http://official-paynet.kz/verify,1
https://wix.com/news,0
http://pochtbank.co/payment/confirm,1
http://click-secure.com/account/verify,1
https://www.cloud.google.com/history,0
https://stackoverflow.com/sitemap.xml,0
http://xalqbnk.kz/payment/confirm,1
https://uznet.uz/report,0
http://ipoteka-bank.co/verify,1
http://inf-inbank.kz/karta/faollashtirish,1
https://mehnat.uz/media,0
https://cloud.google.com/banking,0
http://ipotkabank.org/account/verify,1
http://uzum-net.ru:8080/login,1
http://pochtbaank.uz/cards/activate,1
http://uz-payme.io/cards/activate,1
https://bibim.uz/category/news,0
https://npmjs.com/security,0
https://www.nbu.uz/home,0
http://pocht-abank.io/confirm,1
https://www.wix.com/payments,0
http://ag-robank.kz/login?next=%2Faccount,1
https://mehnat.uz/category/news,0
http://real-uzpost.io/karta/faollashtirish,1
http://agrobank-net.co/cards/activate,1
http://login-asakabank.io/karta/faollashtirish,1
http://tbbank.kz/tolov,1
http://asakabakn.org/kirish,1
http://asakabank-bank.ru/p?redirect=true,1
http://uz-xalqbank.net/banking/login,1
https://pochtabank.uz/api,0
https://humo.uz/privacy,0
https://reuters.com/contact,0
https://www.stackoverflow.com/products/list,0
https://apple.com/2024/,0
http://apyme.uz/payment/confirm,1
http://zuum.net/login,1
https://www.wsj.com/dashboard,0
http://hamkorbank-uz.ru/login,1
https://www.pypi.org/profile,0
https://spot.uz/report,0
https://payme.uz/about,0
https://xs.uz/ru/about,0
http://saakabank.co/login?next=%2Faccount,1
http://pame.org/tolov,1
http://uzpots.com/transfer,1
http://hum-o.com/auth,1
http://cl-ick.com/tolov,1
https://tdiu.uz/en/services,0
https://aloqabank.uz/wiki,0
https://www.pochta.uz/settings,0
https://edu.uz/wiki,0
http://tbcbank-secure.co/login?next=%2Faccount,1
https://adobe.com/robots.txt,0
https://prokuratura.uz/api,0
http://in-finbank.ru/hisob,1
http://nbulogin.com/karta/faollashtirish,1
http://uum.ru/transfer,1
http://ipotekabnak.net/account/verify,1
http://ipakyulbiank.kz/account/verify,1
http://best-ipakyulibank.net/payment/confirm,1
http://hamkor-bank.uz/account/verify,1
http://online-xalqbank.com/verify,1
http://humo-secure.org/kirish,1
http://h4mk0rb4nk.net/kirish,1
http://new-aloqabank.net/login,1
http://sqb-uz.org/p?redirect=true,1
https://www.adobe.com/about,0
http://verify-humo.org/kirish,1
http://piakyulibank.co/payment/confirm,1
https://www.daryo.uz/ru,0
https://www.npmjs.com/messages,0
https://developer.mozilla.org/wiki,0
http://ipotekabank-service.kz/banking/login,1
http://212.60.145.209/pochtabank/kirish,1
http://anorbank-xavfsiz.com/p?redirect=true,1
https://www.asakabank.uz/logout,0
http://ipakyuli-bank.com/transfer,1
https://nuu.uz/api/v1/health,0
https://gazeta.uz/en/services,0
http://agroba-nk.kz/payment/confirm,1
http://uz-apelsin.kz/account/verify,1
http://hamorbank.io/tolov,1
http://aloqab-ank.org/confirm,1
http://aloq-abank.kz/account/verify,1
http://ipkayulibank.org/payment/confirm,1
http://15.253.39.233:8080/uzpost/tolov,1
https://uzpost.uz@malicious014.com/login,1
https://nature.com/uz,0
http://infinban.kz/p?redirect=true,1
https://adobe.com/cards,0
http://kaptalbank.ru/login,1
http://kpaitalbank.uz/payment/confirm,1
https://www.paynet.uz/profile,0
http://ipakyuliban.io/account/verify,1
http://real-texagrobank.kz/login?next=%2Faccount,1
http://ipa-kyulibank.com/payment/confirm,1
https://spot.uz/offers,0
http://tbcbank-net.ru/login?next=%2Faccount,1
http://online-agrobank.uz/login?next=%2Faccount,1
http://trastbank-card.kz/secure/login,1
http://sakabank.net/hisob,1
http://anorbank-card.ru/kirish,1
http://secure-click.net/karta/faollashtirish,1
https://cloudflare.com/docs,0
http://h-umo.kz/kirish,1
http://my-texagrobank.io/p?redirect=true,1
https://uza.uz/en/services,0
http://huom.co/tolov,1
http://tbcbank-uz.net/transfer,1
http://kirish-anorbank.uz/kirish,1
https://npmjs.com/report,0
http://aoqabank.io/karta/faollashtirish,1
https://sog-liqni-saqlash.uz/uz,0
https://paypal.com/notifications,0
https://parlament.uz/cards,0
http://uimnm4zpdop6hd7lg1efl.cf/cards/activate,1
http://sbq.co/p?redirect=true,1
http://texargobank.net/karta/faollashtirish,1
https://www.tma.uz/docs,0
http://aloqabank.click/payment/confirm,1
http://aorbank.com/tolov,1
http://apelsin-uz.uz/tolov,1
http://aloqab-ank.uz/banking/login,1
https://anorbank.uz/search,0
http://official-infinbank.io/kirish,1
http://s-qb.com/tolov,1
https://paypal.com/search,0
http://secure-infinbank.com/cards/activate,1
https://visa.com/register,0
https://www.parlament.uz/api/v1/health,0
https://tuit.uz/register,0
https://www.uzcard.uz/download,0
http://ipakyulibnk.org/secure/login,1
https://president.uz/en/services,0
http://241.237.173.223/pochtabank/hisob,1
http://real-sqb.com/secure/login,1
https://science.org/help,0
http://pochtabakn.co/p?redirect=true,1
http://uzum-bank.com/karta/faollashtirish,1
http://official-uzcard.kz:9090/login,1
http://official-oson.com/kirish,1
http://agrobank-card.kz/secure/login,1
http://pyame.com/confirm,1
http://anorbnk.org/tolov,1
http://hamkorbank-net.com/auth,1
http://194.180.54.159:8080/click/login,1
http://real-payme.org/verify,1
http://best-hamkorbank.uz/verify,1
https://adobe.com/user/profile,0
https://www.hub.docker.com/login,0
https://uzum.uz/api,0
https://payme.uz/ru,0
http://tcbbank.kz/transfer,1
http://uzpostt.net/transfer,1
http://cl-ick.net/secure/login,1
http://official-uzum.uz/cards/activate,1
http://p4ym3.ru/auth,1
http://xalqank.net/kirish,1
http://agrobank-uz.verify-account.net/karta/faollashtirish,1
https://ebay.com/payments,0
http://best-hamkorbank.ru/verify,1
http://best-nbu.ru/tolov,1
https://www.npmjs.com/logout,0
http://aelsin.kz/kirish,1
http://xalqbank-pay.com/secure/login,1
http://pcohtabank.ru/verify,1
http://133.27.44.15/ipotekabank/kirish,1
https://spot.uz/2024/,0
http://paynt.ru/payment/confirm,1
http://ape-lsin.io/confirm,1
http://pyame.net/transfer,1
http://kaitalbank.net/login,1
https://president.uz/home,0
https://ijro.uz/support,0
http://asakabak.com/cards/activate,1
http://60.180.126.221:8080/nbu/account/verify,1
https://www.zoom.us/blog,0
http://anorank.uz/verify,1
http://hamkorbank-service.io/verify,1
https://office.com/ru,0
http://nub.io/confirm,1
https://e-gov.uz/download,0
http://uzum-online.net/hisob,1
https://president.uz/contact,0
https://www.click.uz/app,0
http://78.7.157.65:8080/xalqbank/login?next=%2Faccount,1
http://my-xalqbank.org/tolov,1
https://xs.uz/terms,0
https://www.president.uz/terms,0
https://www.zoom.us/static/css/main.css,0
https://facebook.com/login,0
https://xs.uz/products/list,0
http://ipotekabank-pay.com/karta/faollashtirish,1
http://tbcbank-service.com/kirish,1
http://238.87.160.95/tbcbank/tolov,1
http://56.20.235.173:8080/uzcard/tolov,1
http://ipakyulibank-card.ru/cards/activate,1
https://www.ebay.com/analytics,0
http://anorbank-tasdiqlash.com/hisob,1
https://uzum.uz/login,0
https://www.humo.uz/notifications,0
http://anorbank-2024.co/login?next=%2Faccount,1
https://google.com/privacy,0
http://real-uzum.org/transfer,1
http://tbcabnk.kz/account/verify,1
https://anorbank.uz/main,0
http://5iomqd9anotqlv7rxt4q.click/verify,1
http://new-humo.net/payment/confirm,1
https://www.zoom.us/report,0
https://www.infinbank.uz/wiki,0
http://osn.uz/cards/activate,1
https://uznet.uz/api/v1/health,0
http://apelsin-login.io/kirish,1
http://secure-humo.io/payment/confirm,1
https://nbu.uz/,0
https://shopify.com/category/services,0
http://real-uzum.com/tolov,1
http://naorbank.org/confirm,1
https://payme.uz/notifications,0
http://agrobank-net.com/payment/confirm,1
https://instagram.com/terms,0
http://tasdiqlash-click.uz/login?next=%2Faccount,1
http://5dwv654v43rd16nj1z.top/verify,1
http://apelsin.uz@malicious001.com/kirish,1
https://hub.docker.com/api/v1/health,0
https://www.apelsin.uz/terms,0
http://secure-uzpost.net/login?next=%2Faccount,1
http://login-uzcard.co/auth,1
http://verify-uzcard.org/cards/activate,1
http://uzc-ard.uz/tolov,1
http://kaptalbank.kz/account/verify,1
https://nuu.uz/profile,0
http://aloqabak.kz/login,1
https://github.com/wiki,0
https://instagram.com/app,0
http://aloqabnak.com/confirm,1
https://tdiu.uz/settings,0
https://shopify.com/search,0
http://secure-xalqbank.ru/banking/login,1
http://aloqabak.com/secure/login,1
http://kapialbank.com/confirm,1
http://nbuu.org/auth,1
https://paynet.uz/index.html,0
https://e-gov.uz/wiki,0
https://pochtabank.uz@malicious008.com/login,1
https://www.nytimes.com/dashboard,0
http://infibnank.kz/transfer,1
http://real-oson.org/cards/activate,1
https://payme.uz/products/list,0
https://tuit.uz/report,0
http://ifinbank.net/p?redirect=true,1
https://ems.uz/privacy,0
https://president.uz/,0
http://infin-bank.co/login?next=%2Faccount,1
http://agrobank-pay.io/banking/login,1
http://real-infinbank.kz/login?next=%2Faccount,1
https://pochtabank.uz/offers,0
http://login-trastbank.uz/account/verify,1
http://3xqkpki9c3h5x4.rest/transfer,1
http://sqb-pay.org/hisob,1
http://infinban.ru/hisob,1
http://aloqabnk.org/p?redirect=true,1
https://apelsin.uz/report,0
http://new-nbu.io/kirish,1
https://www.bloomberg.com/mobile,0
https://www.gmail.com/mobile,0
http://anorbnak.net/tolov,1
https://www.trastbank.uz/ru,0
https://youtube.com/index.html,0
https://pochta.uz/faq,0
http://kirish-infinbank.uz/confirm,1
https://xs.uz/sitemap.xml,0
http://apesin.uz/banking/login,1
https://pochta.uz/main,0
https://stripe.com/api,0
https://soliq.uz/privacy,0
http://nbu-bank.ru/confirm,1
https://www.yandex.uz/profile,0
http://real-apelsin.co/account/verify,1
http://kaptialbank.co/tolov,1
http://asakabank-2024.uz/auth,1
http://c-lick.com/banking/login,1
https://soliq.uz/user/profile,0
http://ipotekabank-login.uz/secure/login,1
http://online-hamkorbank.io/confirm,1
http://agrobakn.co/banking/login,1
http://hamkorbnk.ru/transfer,1
http://real-asakabank.kz/p?redirect=true,1
http://anorb-ank.net/p?redirect=true,1
http://uzpost-card.com/kirish,1
http://aonrbank.io/account/verify,1
http://c-lick.org/login?next=%2Faccount,1
http://anorbank-service.kz/transfer,1
http://real-asakabank.com/karta/faollashtirish,1
http://ioptekabank.org/transfer,1
https://hub.docker.com/services,0
http://aloqabank.cf/p?redirect=true,1
https://payme.uz/security,0
http://ipakyulibank-2024.co/auth,1
http://trastbank-online.ru/transfer,1
https://yoshlar.uz/transfer,0
http://best-hamkorbank.io/cards/activate,1
http://kapitalabnk.uz/p?redirect=true,1
https://www.economist.com/support,0
http://verify-apelsin.co/payment/confirm,1
http://kapitalbank-login.io/banking/login,1
https://mastercard.com/sitemap.xml,0
https://www.stat.uz/index.html,0
https://stripe.com/banking,0
http://ipakyulibnak.net/transfer,1
http://payme-card.uz/banking/login,1
http://ipakyulibnak.kz/tolov,1
https://www.gov.uz/products,0
http://sqb.xyz/kirish,1
http://texagrboank.net/tolov,1
http://official-agrobank.co/tolov,1
http://tbcbank-secure.ru/payment/confirm,1
https://kubernetes.io/register,0
http://63.63.178.236:8080/pochtabank/account/verify,1
https://www.wordpress.com/app,0
http://uz-ipakyulibank.com/login?next=%2Faccount,1
http://trastank.net/cards/activate,1
https://www.economist.com/services,0
https://www.spot.uz/transfer,0
http://ipakyulibank-net.org/p?redirect=true,1
http://o5dmsappb710.xyz/tolov,1
https://nbu.uz/contact,0
http://kapitalbnk.kz/transfer,1
https://ijro.uz/,0
https://yoshlar.uz/about,0
http://click-bank.uz/hisob,1
http://texargobank.org/payment/confirm,1
http://secure-tbcbank.uz/p?redirect=true,1
http://best-pochtabank.net/tolov,1
https://netflix.com/static/css/main.css,0
http://verify-apelsin.org/hisob,1
http://new-xalqbank.kz/secure/login,1
http://clic.io/verify,1
http://verify-ipotekabank.uz/transfer,1
http://nifinbank.kz/karta/faollashtirish,1
http://ipotekabank-login.net/login,1
http://teaxgrobank.org/cards/activate,1
http://ipak-yulibank.io/hisob,1
http://payme-card.uz/verify,1
http://uz-aloqabank.com/tolov,1
http://7b7m1y7to4mtp.buzz/secure/login,1
http://164.201.141.179/apelsin/hisob,1
http://new-paynet.ru/p?redirect=true,1
http://tbcbak.ru/auth,1
https://slack.com/messages,0
http://uzcrad.ru/confirm,1
https://tbcbank.uz/security,0
http://trastbank.ml/verify,1
http://texagrobank-service.ru/hisob,1
http://xalqbank-net.com/tolov,1
http://new-humo.org/cards/activate,1
http://uz-hamkorbank.uz/verify,1
http://agrob-ank.com/login?next=%2Faccount,1
https://kun.uz/robots.txt,0
http://asakabak.org/banking/login,1
http://panyet.ru/transfer,1
http://infi-nbank.ru/auth,1
https://www.agrobank.uz/terms,0
http://qsb.uz/confirm,1
https://instagram.com/api/v1/health,0
http://nbu-secure.org/secure/login,1
https://www.humo.uz/en/services,0
https://www.theguardian.com/category/news,0
http://uzpost-secure.com/cards/activate,1
https://infinbank.uz/sitemap.xml,0
http://oson-confirm.com/kirish,1
http://ipoetkabank.net/banking/login,1
http://trastbank.uz@malicious003.com/kirish,1
http://136.138.16.180:8080/agrobank/kirish,1
http://anrbank.org/kirish,1
http://uz-aloqabank.net/kirish,1
http://anorb-ank.io/cards/activate,1
http://best-sqb.com/karta/faollashtirish,1
http://best-uzcard.io/secure/login,1
http://pohctabank.kz/tolov,1
http://agrobnak.net/transfer,1
http://secure-tbcbank.org/verify,1
http://official-humo.org/karta/faollashtirish,1
http://kapitalbank-login.net/transfer,1
http://45.35.148.117/texagrobank/account/verify,1
https://bloomberg.com/register,0
http://secure-hamkorbank.com/kirish,1
http://official-hamkorbank.uz:8080/login,1
http://ipotekabnak.org/auth,1
http://pochtabank-online.uz/secure/login,1
http://login-paynet.net/auth,1
https://texagrobank.uz/payments,0
https://www.gov.uz/robots.txt,0
https://www.samdu.uz/en,0
https://www.wix.com/uz,0
http://asakaba-nk.com/kirish,1
https://tuit.uz/messages,0
http://online-paynet.co/auth,1
http://lf2sabvoanp.tk/p?redirect=true,1
https://www.cloud.google.com/contact,0
https://docs.python.org/offers,0
http://real-apelsin.ru/secure/login,1
http://nbu-online.com/login,1
http://99.116.220.39:8080/pochtabank/verify,1
http://rastbank.ru/tolov,1
http://anor-bank.org/account/verify,1
https://apelsin.uz/history,0
https://sog-liqni-saqlash.uz/transfer,0
https://www.ijro.uz/login,0
http://a-norbank.kz:8443/login,1
https://cloud.google.com/about,0
http://login-pochtabank.ru/login?next=%2Faccount,1
http://xbzt0tpj7c9j.tk/payment/confirm,1
http://trastbank-card.ru/banking/login,1
https://sputniknews.uz/mobile,0
https://www.uza.uz/payments,0
http://infinbank-secure.uz/banking/login,1
http://agroba-nk.kz/confirm,1
http://agrobank-bank.net/secure/login,1
https://qalampir.uz/index.html,0
http://pcohtabank.uz/banking/login,1
http://xalqbank-confirm.com/hisob,1
http://infnbank.uz/cards/activate,1
http://ag-robank.co/hisob,1
https://apelsin.uz/index.html,0
http://xalqbnk.org/account/verify,1
http://uzcar-d.net/hisob,1
http://my-hamkorbank.com/kirish,1
http://xavfsiz-apelsin.uz/kirish,1
http://anor-bank.uz/karta/faollashtirish,1
http://trasbtank.io/p?redirect=true,1
http://real-kapitalbank.org/kirish,1
https://www.court.uz/en,0
https://e-gov.uz/profile,0
http://login-asakabank.org:3000/login,1
http://ipotekab-ank.net/account/verify,1
http://tbc-bank.com/banking/login,1
http://apelsi-n.net/kirish,1
http://kapitalbank-kirish.com/auth,1
http://real-tbcbank.io/login?next=%2Faccount,1
https://www.dropbox.com/notifications,0
https://cloudflare.com/uploads,0
http://uzcard-2024.uz/auth,1
http://anorbank-uz.kz/login?next=%2Faccount,1
http://online-oson.ru/transfer,1
http://uz-uzpost.io/login?next=%2Faccount,1
https://cnn.com/uz/hizmatlar,0
http://kapital-bank.org/verify,1
http://online-tbcbank.ru/confirm,1
http://best-sqb.co/account/verify,1
https://stackoverflow.com/security,0
http://pochtabnk.net/kirish,1
http://o-son.ru/hisob,1
https://theguardian.com/sitemap.xml,0
http://454k4b4nk.kz/login?next=%2Faccount,1
http://click-card.ru/tolov,1
https://www.ijro.uz/category/news,0
https://www.uzcard.uz/uploads,0
http://infin-bank.ru/login,1
https://bing.com/about,0
https://stat.uz/search,0
https://wikipedia.org/offers,0
https://adobe.com/en,0
http://sqb.site/karta/faollashtirish,1
http://best-trastbank.uz/tolov,1
https://www.yoshlar.uz/logout,0
http://uz-card.uz/transfer,1
https://www.github.com/about-us,0
http://payme-login.kz/transfer,1
http://uzpostt.org/hisob,1
https://uznet.uz/blog,0
http://infinbank-bank.ru/kirish,1
http://uzpos.uz/account/verify,1
http://xalqba-nk.org/p?redirect=true,1
https://microsoft.com/about,0
http://154.232.203.107/pochtabank/cards/activate,1
http://humo-confirm.com/tolov,1
https://click.uz/user/profile,0
http://online-payme.co/p?redirect=true,1
https://nature.com/ru,0
http://trastbank-login.ru/login,1
https://gov.uz/privacy,0
https://www.ems.uz/uz,0
http://agroban.com/verify,1
https://aloqabank.uz/report,0
http://real-tbcbank.co/confirm,1
http://real-asakabank.ru/auth,1
https://ems.uz/security,0
https://www.stackoverflow.com/notifications,0
https://docs.python.org/api/v1/health,0
http://ifinbank.net/banking/login,1
https://tdiu.uz/banking,0
http://ipkayulibank.org/login?next=%2Faccount,1
https://mytaxi.uz/contact,0
http://asakabank.tk/secure/login,1
https://dunyo.uz/about,0
https://outlook.com/products/list,0
http://secure-payme.io/cards/activate,1
https://pharmi.uz/analytics,0
http://nub.net/kirish,1
http://agrobnk.uz/login,1
http://jjx23lfloh5ri7b0jdy3f.gq/account/verify,1
https://www.gazeta.uz/analytics,0
http://p-aynet.co/auth,1
http://98.41.131.43/anorbank/transfer,1
http://anorbank-pay.io/login?next=%2Faccount,1
http://ipakyulibank-net.org/login?next=%2Faccount,1
http://ano-rbank.io/p?redirect=true,1
http://hamkorbakn.ru/verify,1
https://samdu.uz/services,0
http://8.204.142.77:8080/uzum/login?next=%2Faccount,1
https://www.microsoft.com/mobile,0
http://verify-xalqbank.io/login,1
https://www.anorbank.uz/services,0
http://109.169.105.115/kapitalbank/login,1
http://trastbank.xyz/cards/activate,1
https://uzcard.uz/profile,0
http://kapitalbanklogin.com/payment/confirm,1
https://www.uza.uz/index.html,0
http://os-on.co/account/verify,1
http://trastank.net/login?next=%2Faccount,1
http://agrobank-service.co/auth,1
http://35.118.122.19:8080/apelsin/tolov,1
https://www.oson.uz/uz,0
http://oso.org/banking/login,1
https://uznet.uz/payments,0
https://mastercard.com/settings,0
http://online-infinbank.org/banking/login,1
http://agrobank-pay.kz/kirish,1
https://stripe.com/services,0
http://uzum-bank.kz/transfer,1
http://real-humo.kz/payment/confirm,1
https://ems.uz/robots.txt,0
https://mdis.uz/support,0
http://aloqabank-uz.uz/login?next=%2Faccount,1
http://apelsin-login.org/payment/confirm,1
http://tr45tb4nk.kz/cards/activate,1
https://outlook.com/about-us,0
http://sqb-online.ru/hisob,1
https://github.com/payments,0
http://official-agrobank.net/payment/confirm,1
http://49.37.52.81:8080/trastbank/karta/faollashtirish,1
https://adobe.com/news,0
http://tbcb4nk.com/karta/faollashtirish,1
https://tdiu.uz/static/css/main.css,0
https://www.sqb.uz/ru/about,0
http://ipote-kabank.co/secure/login,1
http://kap-italbank.co/banking/login,1
http://anrobank.com/transfer,1
http://asaabank.kz/payment/confirm,1
http://ipak-yulibank.co/banking/login,1
http://secure-sqb.uz/secure/login,1
https://www.cloud.google.com/index.html,0
http://hamkorbank-secure.kz/secure/login,1
http://anorbank-online.com/payment/confirm,1
http://secure-trastbank.com/login?next=%2Faccount,1
http://official-aloqabank.net/verify,1
http://113.43.162.77:8080/anorbank/hisob,1
http://133.109.60.145:8080/paynet/cards/activate,1
https://www.uzb.uz/about-us,0
https://xs.uz/2024/,0
http://verify-apelsin.net/payment/confirm,1
http://agroban-k.kz/login,1
http://login-humo.uz/p?redirect=true,1
http://ifinbank.org/banking/login,1
https://npmjs.com/category/news,0
https://bbc.com/uz/hizmatlar,0
http://trast-bank.kz/p?redirect=true,1
http://uz-oson.com/account/verify,1
http://asakbaank.io/secure/login,1
http://apyme.io/hisob,1
https://uzinfocom.uz/index.html,0
http://infinbak.kz/karta/faollashtirish,1
https://ft.com/user/profile,0
http://trastbank-2024.org/login?next=%2Faccount,1
http://164.223.174.110:8080/pochtabank/transfer,1
http://hum-o.ru/karta/faollashtirish,1
http://ipakyuilbank.ru/login?next=%2Faccount,1
http://anorbank-login.uz/transfer,1
http://infinban-k.kz/login?next=%2Faccount,1
http://apelsn.org/transfer,1
http://uzcard-net.com/verify,1
http://tbcbnk.net/tolov,1
http://paym-e.co/p?redirect=true,1
http://uzp05t.co/tolov,1
http://humo-pay.net/kirish,1
http://humo.click/confirm,1
https://uzinfocom.uz/en/services,0
http://uzcard-bank.com/secure/login,1
https://outlook.com/privacy,0
http://pa-yme.ru/p?redirect=true,1
https://kun.uz/services,0
http://tbcbak.uz/confirm,1
https://gazeta.uz/cards,0
http://new-trastbank.co/payment/confirm,1
http://oso-n.net/auth,1
http://75.183.106.66:8080/agrobank/banking/login,1
https://www.pypi.org/wiki,0
https://aws.amazon.com/dashboard,0
http://infinbnak.net/verify,1
http://tasdiqlash-pochtabank.uz/secure/login,1
https://www.apelsin.uz/register,0
http://texagr-obank.co/kirish,1
https://tdiu.uz/register,0
https://twitter.com/banking,0
http://410q4b4nk.ru/login?next=%2Faccount,1
http://naorbank.io/kirish,1
https://mytaxi.uz/terms,0
http://xalqbank.uz.account-verify.net/verify,1
http://new-tbcbank.net/account/verify,1
https://ebay.com/report,0
http://sakabank.ru/kirish,1
http://pochtabank-service.io/payment/confirm,1
http://online-infinbank.ru/auth,1
https://www.anorbank.uz/sitemap.xml,0
https://ft.com/security,0
http://apelsi-n.kz/karta/faollashtirish,1
https://www.daryo.uz/analytics,0
http://arobank.com/p?redirect=true,1
https://developer.mozilla.org/messages,0
http://secure-humo.uz/tolov,1
https://mehnat.uz/,0
http://agrobakn.com/transfer,1
http://apels-in.kz/hisob,1
https://court.uz/about-us,0
http://794stjqenwlkm.rest/secure/login,1
http://kapitalbankk.com/banking/login,1
http://uzpost-service.net/confirm,1
http://paynet-bank.kz/transfer,1
https://sog-liqni-saqlash.uz/settings,0
http://aloqabank-uz.io/verify,1
http://nbu-net.io/login,1
http://official-ipakyulibank.net/kirish,1
https://www.mf.uz/profile,0
https://www.samdu.uz/payments,0
http://hmuo.org/verify,1
http://pochtabank-service.com:8080/login,1
http://paynet-pay.kz/kirish,1
https://www.tbcbank.uz/ru/about,0
http://ipotekaabnk.org/hisob,1
http://tbcbnk.io/verify,1
http://ipakyulibank-secure.com/confirm,1
http://135.166.111.71/kapitalbank/cards/activate,1
https://nuu.uz/news,0
http://147.20.7.247/uzcard/account/verify,1
http://pay-net.io/login?next=%2Faccount,1
http://tarstbank.ru/transfer,1
https://www.asakabank.uz/help,0
http://uz-trastbank.co/secure/login,1
http://hmakorbank.ru/account/verify,1
https://www.yahoo.com/uz,0
http://infinbank-pay.uz/p?redirect=true,1
https://tbcbank.uz/uz/hizmatlar,0
https://www.e-gov.uz/app,0
http://texagr-obank.ru/cards/activate,1
http://aloqabank-2024.co/auth,1
https://forbes.com/cards,0
http://kapitalbak.com/karta/faollashtirish,1
http://kapitalbank-secure.io/login?next=%2Faccount,1
http://asakabank-card.net/login?next=%2Faccount,1
https://uzinfocom.uz/robots.txt,0
http://98.115.177.33/nbu/kirish,1
http://h-amkorbank.net/tolov,1
https://www.tdiu.uz/uz,0
https://www.paypal.com/en/services,0
https://uza.uz/robots.txt,0
http://confirm-infinbank.uz/transfer,1
http://new-sqb.org/p?redirect=true,1
http://tbcbakn.io/verify,1
https://bloomberg.com/robots.txt,0
http://best-trastbank.com/verify,1
http://my-humo.net/tolov,1
http://pame.co/kirish,1
http://my-agrobank.uz/transfer,1
http://kapitalb-ank.kz/login?next=%2Faccount,1
http://uzpost-net.io/p?redirect=true,1
http://62.187.248.243:8080/paynet/account/verify,1
https://zamin.uz/about-us,0
http://texagrobank.uz@malicious003.com/kirish,1
https://www.hamkorbank.uz/cards,0
http://online-sqb.io/verify,1
https://ems.uz/blog,0
https://kun.uz/uz,0
https://www.spot.uz/,0
https://texagrobank.uz/uploads,0
http://uzpost-secure.com/confirm,1
https://cloudflare.com/sitemap.xml,0
http://online-asakabank.kz/cards/activate,1
https://daryo.uz/products,0
http://login-ipotekabank.kz/hisob,1
http://online-ipotekabank.org/banking/login,1
http://secure-uzum.net/kirish,1
https://www.mytaxi.uz/sitemap.xml,0
https://www.tsue.uz/wiki,0
http://uzcar.net/account/verify,1
https://uznet.uz/products/list,0
http://xaqbank.net/auth,1
https://paynet.uz/app,0
https://wix.com/uploads,0
http://xalqbank-uz.com/account/verify,1
http://hmkorbank.com/confirm,1
http://uzc-ard.ru/cards/activate,1
http://teagrobank.co/transfer,1
https://dunyo.uz/analytics,0
http://new-click.kz/payment/confirm,1
https://www.trastbank.uz/user/profile,0
http://humo-card.kz/login,1
http://aorbank.uz/cards/activate,1
http://secure-asakabank.ru/kirish,1
https://www.sputniknews.uz/payments,0
http://uzpost.uz@malicious001.com/kirish,1
http://login-texagrobank.com/hisob,1
http://uczard.co/tolov,1
https://azure.microsoft.com/uz,0
http://new-agrobank.uz/p?redirect=true,1
http://payme-net.ru/login?next=%2Faccount,1
https://www.mastercard.com/uz,0
https://sputniknews.uz/api,0
https://npmjs.com/banking,0
http://paynet-secure.com/login?next=%2Faccount,1
http://238.154.168.236/kapitalbank/auth,1
http://agobank.net/karta/faollashtirish,1
http://agrobnk.uz/karta/faollashtirish,1
http://best-sqb.net/hisob,1
http://tbcbank-2024.uz/confirm,1
http://best-uzum.uz/payment/confirm,1
http://zcard.co/confirm,1
http://tcbank.com/transfer,1
http://171.157.157.202/ipotekabank/tolov,1
http://secure-payme.uz/,1
https://xb.uz/category/news,0
http://xavfsiz-trastbank.uz/p?redirect=true,1
http://uczard.net/confirm,1
http://hamkorbank-online.net/payment/confirm,1
https://mf.uz/uz,0
http://otn4ll1wor2pmwmv.ga/payment/confirm,1
http://xalqb-ank.uz/account/verify,1
http://grobank.io/kirish,1
http://rastbank.uz/login?next=%2Faccount,1
https://www.dunyo.uz/messages,0
https://www.bibim.uz/offers,0
http://verify-ipotekabank.com/kirish,1
https://mytaxi.uz/index.html,0
https://pypi.org/robots.txt,0
https://uzcard.uz/category/news,0
https://forbes.com/history,0
http://pochtaba-nk.kz/login,1
https://www.pochtabank.uz/en/services,0
https://www.facebook.com/api/v1/health,0
https://www.xs.uz/offers,0
https://kommersant.uz/products,0
http://kapitalbank-online.kz/auth,1
http://aloqabank-online.ru/payment/confirm,1
http://246.197.127.156/anorbank/kirish,1
http://txbru5hv3g2vwv733aa.info/auth,1
https://www.reddit.com/mobile,0
https://tdiu.uz/cards,0
https://mastercard.com/login,0
http://212.12.231.74:8080/uzcard/verify,1
https://paypal.com/report,0
http://real-anorbank.com/karta/faollashtirish,1
https://infinbank.uz/products,0
http://63.182.217.182:8080/xalqbank/verify,1
http://hamkorbank-bank.org/p?redirect=true,1
https://www.nbu.uz/security,0
https://epay.uz/cards,0
http://xalqbank.info/payment/confirm,1
http://login-trastbank.ru/cards/activate,1
http://official-nbu.net/karta/faollashtirish,1
http://4n0rb4nk.net/login,1
https://uznet.uz/main,0
http://131.127.80.154:8080/click/karta/faollashtirish,1
https://prokuratura.uz/offers,0
https://www.stripe.com/messages,0
https://www.prokuratura.uz/uz/hizmatlar,0
http://nub.org/cards/activate,1
https://www.mehnat.uz/transfer,0
http://ipotekabank-service.kz/verify,1
http://anorban.com/payment/confirm,1
http://kaiptalbank.com/auth,1
http://uzcard-net.org/hisob,1
http://secure-paynet.uz/confirm,1
http://apelisn.com/account/verify,1
https://parlament.uz/api/v1/health,0
http://humo-bank.kz/secure/login,1
http://infinbak.ru/banking/login,1
http://secure-anorbank.kz/transfer,1
http://153.62.230.124/nbu/confirm,1
http://official-oson.ru/login,1
https://www.samdu.uz/report,0
https://science.org/en,0
http://41.92.12.243:8080/asakabank/p?redirect=true,1
https://ijro.uz/index.html,0
https://www.yandex.uz/blog,0
http://tbcank.ru/tolov,1
http://8bx3uw0ye3x3hxzmfu2.ga/verify,1
https://tbcbank.uz/en,0
http://i15h25zhl0qsn5qc.xyz/login,1
http://uzp-ost.net/login?next=%2Faccount,1
http://asakabank-net.kz/transfer,1
https://interfax.uz/api,0
https://adobe.com/sitemap.xml,0
https://www.shopify.com/terms,0
http://anorbankhisob.com/login,1
https://apple.com/uploads,0
http://texagrob-ank.org/confirm,1
http://hamk-orbank.ru/login?next=%2Faccount,1
http://pakyulibank.com/tolov,1
http://my-infinbank.net/p?redirect=true,1
https://www.soliq.uz/contact,0
http://pochtabank-card.io/karta/faollashtirish,1
http://humo.buzz/karta/faollashtirish,1
http://050n.net/transfer,1
http://ipakyluibank.kz/verify,1
https://microsoft.com/home,0
http://hamkorbank-net.kz/account/verify,1
http://qsb.org/payment/confirm,1
http://uzum-login.uz/kirish,1
https://www.customs.uz/en/services,0
https://mf.uz/download,0
https://soliq.uz/en/services,0
http://vqzxuuiu7qq3tb2vaogl.online/banking/login,1
http://pocthabank.co/confirm,1
https://cnn.com/messages,0
http://anorbank-pay.ru/verify,1
https://google.com/ru,0
http://hamorbank.net/login?next=%2Faccount,1
http://click-uz.co/login?next=%2Faccount,1
https://www.instagram.com/privacy,0
https://www.sputniknews.uz/uz/hizmatlar,0
http://pochtaba-nk.kz/secure/login,1
https://asakabank.uz/analytics,0
https://dropbox.com/download,0
http://uzpost-login.org/tolov,1
http://cilck.co/auth,1
http://huom.com/login?next=%2Faccount,1
https://www.tdiu.uz/user/profile,0
http://my-hamkorbank.ru/kirish,1
http://agrobank-card.kz/login,1
https://office.com/services,0
https://npmjs.com/en,0
http://anorbank-card.ru/karta/faollashtirish,1
http://uz-apelsin.co/hisob,1
http://uzopst.ru/karta/faollashtirish,1
https://click.uz/static/css/main.css,0
http://real-texagrobank.com/tolov,1
http://aloqbaank.uz/confirm,1
http://clik.com/account/verify,1
http://454k4b4nk.org/cards/activate,1
https://xb.uz/report,0
http://ifninbank.io/login,1
https://ebay.com/mobile,0
http://texagroank.kz/cards/activate,1
https://prokuratura.uz/privacy,0
https://click.uz/services,0
http://asakabank-uz.io/confirm,1
http://asakaabnk.org/verify,1
http://agrob-ank.org/payment/confirm,1
http://trastbank-online.co/cards/activate,1
https://docs.python.org/profile,0
https://www.agrobank.uz/docs,0
http://click-uz.verify-account.net/p?redirect=true,1
http://aloqabankk.kz/payment/confirm,1
https://www.nytimes.com/cards,0
https://tbcbank.uz/profile,0
http://aelsin.com/verify,1
http://laoqabank.io/cards/activate,1
http://uzum-uz.com/banking/login,1
http://click-bank.ru/transfer,1
http://real-ipotekabank.ru/account/verify,1
http://ipotekabank-secure.ru/tolov,1
https://wordpress.com/search,0
http://agobank.com/p?redirect=true,1
https://www.economist.com/blog,0
http://zuum.com/karta/faollashtirish,1
https://uznet.uz/cards,0
http://tbcbank-service.io/tolov,1
http://uz-oson.ru/karta/faollashtirish,1
http://ipotekaba-nk.com/login?next=%2Faccount,1
https://podrobno.uz/blog,0
http://naorbank.com/login?next=%2Faccount,1
https://interfax.uz/download,0
http://inf-inbank.ru/verify,1
http://hamk-orbank.com/login?next=%2Faccount,1
https://www.mytaxi.uz/logout,0
http://tbcabnk.com/auth,1
https://shopify.com/history,0
http://ipo-tekabank.kz/tolov,1
http://clikc.uz/confirm,1
https://license.uz/ru,0
http://ipkayulibank.co/login?next=%2Faccount,1
http://txagrobank.ru/auth,1
http://aonrbank.net/auth,1
http://apelsi.net/confirm,1
https://parlament.uz/robots.txt,0
https://mehnat.uz/logout,0
http://best-humo.ru/verify,1
https://www.xb.uz/news,0
http://real-sqb.io/login,1
https://stackoverflow.com/uploads,0
http://official-oson.uz/login?next=%2Faccount,1
http://account-infinbank.uz/tolov,1
http://pochtabank.rest/login?next=%2Faccount,1
http://apelsin-net.net/tolov,1
https://bibim.uz/static/css/main.css,0
https://www.npmjs.com/mobile,0
http://asakaabnk.io/transfer,1
http://123.226.237.101/oson/verify,1
http://kapitalbank-service.com/banking/login,1
http://nbu-uz.kz/hisob,1
https://bibim.uz/uploads,0
http://infinbank.uz.payment-confirm.ru/cards/activate,1
http://my-apelsin.uz/secure/login,1
http://nb-u.kz/login,1
http://login-hamkorbank.co/verify,1
http://aloqbank.kz/banking/login,1
http://official-kapitalbank.ru:3000/login,1
http://infinbakn.io/cards/activate,1
http://uz-hamkorbank.net/confirm,1
http://uuzm.kz/cards/activate,1
http://pchtabank.co/p?redirect=true,1
https://reuters.com/security,0
http://sqb.uz@malicious000.com/kirish,1
http://ipakyulibank.buzz/account/verify,1
http://paynte.uz/banking/login,1
http://129.125.198.155:8080/kapitalbank/payment/confirm,1
http://best-aloqabank.ru/verify,1
https://mastercard.com/static/css/main.css,0
https://wix.com/uz,0
https://www.zoom.us/2024/,0
https://xs.uz/ru,0
https://ipotekabank.uz/login,0
http://hamokrbank.com/account/verify,1
https://wordpress.com/privacy,0
http://tbcbank-online.org/p?redirect=true,1
https://www.kubernetes.io/cards,0
https://www.xs.uz/category/news,0
https://visa.com/,0
https://tma.uz/support,0
https://mytaxi.uz/about,0
http://aloqabakn.org/confirm,1
https://cloud.google.com/services,0
https://gazeta.uz/notifications,0
https://nytimes.com/user/profile,0
http://login-kapitalbank.org/banking/login,1
http://153.75.242.36/uzpost/auth,1
http://hamkorbank-2024.com/p?redirect=true,1
https://www.office.com/about-us,0
https://xb.uz/api/v1/health,0
http://tbbank.net/verify,1
http://verify-texagrobank.org/verify,1
http://humo-uz.ru/auth,1
https://linkedin.com/security,0
http://ipakyluibank.net/karta/faollashtirish,1
http://bnu.uz/p?redirect=true,1
http://clic.kz/karta/faollashtirish,1
http://uz-click.io/auth,1
http://norbank.uz/tolov,1
http://kaptalbank.co/cards/activate,1
http://hamkrbank.net/banking/login,1
https://gazeta.uz/search,0
https://daryo.uz/news,0
https://dropbox.com/media,0
http://my-nbu.org/banking/login,1
http://best-ipakyulibank.uz/cards/activate,1
http://tbcbank-online.co/tolov,1
https://www.docs.python.org/login,0
http://new-agrobank.co/tolov,1
https://xalqbank.uz/terms,0
https://reddit.com/uz,0
https://wix.com/settings,0
http://payme-card.io/login,1
http://texagrobank.gq/tolov,1
https://www.gov.uz/uz/hizmatlar,0
http://akpitalbank.org/tolov,1
https://sog-liqni-saqlash.uz/media,0
http://84.48.2.218:8080/kapitalbank/account/verify,1
http://payme.uz.payment-confirm.ru/banking/login,1
http://anorbank-login.com/cards/activate,1
http://new-anorbank.co/login?next=%2Faccount,1
http://sqb-uz.uz/payment/confirm,1
https://ijro.uz/blog,0
https://ft.com/support,0
http://real-trastbank.kz/cards/activate,1
http://my-oson.kz/tolov,1
https://www.mytaxi.uz/contact,0
http://anorbank-uz.com/cards/activate,1
http://ipoekabank.net/login?next=%2Faccount,1
http://kapitalbnk.org/secure/login,1
http://kapitalban-k.net/karta/faollashtirish,1
http://trastbank.ml/login?next=%2Faccount,1
http://pochtabnak.co/verify,1
https://www.payme.uz/,0
https://reuters.com/analytics,0
http://humo-secure.kz/banking/login,1
https://license.uz/offers,0
http://oon.kz/karta/faollashtirish,1
http://5qb.org/account/verify,1
https://www.github.com/category/news,0
https://www.dunyo.uz/en/services,0
https://www.stripe.com/mobile,0
http://humo-hisob.com/transfer,1
http://tbcbank-login.org/confirm,1
http://zuum.net/cards/activate,1
http://texagrobank-bank.com/tolov,1
https://www.uznet.uz/robots.txt,0
http://infinbank-online.uz/tolov,1
http://texagrobank-verify.com/hisob,1
https://humans.uz/en/services,0
http://xalqbnk.com/,1
http://1nf1nb4nk.uz/secure/login,1
http://payn-et.com/hisob,1
http://apelsi.com/account/verify,1
https://www.adobe.com/about-us,0
http://paynet-login.kz/payment/confirm,1
https://visa.com/notifications,0
http://uz-aloqabank.ru/verify,1
https://www.nbu.uz/main,0
http://new-sqb.com/confirm,1
http://trastbank-2024.net/kirish,1
http://tras-tbank.co/account/verify,1
http://apels-in.ru/auth,1
http://saakabank.net/p?redirect=true,1
https://outlook.com/dashboard,0
https://bing.com/blog,0
http://uzum-2024.org/p?redirect=true,1
http://xalqbank-online.com/banking/login,1
http://ipakyulibank-verify.com/banking/login,1
http://asakabank-2024.org/cards/activate,1
http://trasbank.net/tolov,1
http://trast-bank.io/login?next=%2Faccount,1
http://uz-pochtabank.kz/cards/activate,1
http://trastbak.co/verify,1
https://trastbank.uz/help,0
http://aplesin.org/p?redirect=true,1
http://i-nfinbank.io/cards/activate,1
http://new-paynet.org/hisob,1
https://google.com/en/services,0
https://interfax.uz/sitemap.xml,0
http://best-texagrobank.com/auth,1
https://kommersant.uz/uploads,0
http://anobrank.org/login,1
http://aelsin.io/secure/login,1
http://paym.uz/banking/login,1
http://best-anorbank.io/hisob,1
http://hamorbank.co/tolov,1
http://uzpost-card.com/cards/activate,1
http://pchtabank.net/secure/login,1
https://youtube.com/payments,0
http://umo.io/login,1
http://110.67.166.45:8080/infinbank/payment/confirm,1
https://oson.uz/index.html,0
http://askaabank.net/payment/confirm,1
http://texagrob-ank.kz/kirish,1
http://asakaban.kz/cards/activate,1
https://license.uz/blog,0
https://www.president.uz/en,0
http://paynet-bank.co/secure/login,1
http://infinbank-login.org/verify,1
https://anorbank.uz@malicious011.com/login,1
https://gmail.com/search,0
http://click-online.io/secure/login,1
http://126.136.240.27:8080/pochtabank/payment/confirm,1
https://www.pharmi.uz/payments,0
http://texagrobank.uz@malicious010.com/kirish,1
https://www.instagram.com/2024/,0
http://224.156.216.80/kapitalbank/transfer,1
http://anorban-k.uz/hisob,1
https://www.ijro.uz/category/services,0
https://reddit.com/settings,0
https://agrobank.uz/search,0
http://hamkobank.io/login,1
https://www.nytimes.com/uz,0
http://real-click.com/payment/confirm,1
https://facebook.com/notifications,0
https://www.my.gov.uz/notifications,0
https://ebay.com/terms,0
https://sqb.uz/media,0
https://epay.uz/analytics,0
https://sputniknews.uz/services,0
https://kubernetes.io/robots.txt,0
https://www.gazeta.uz/logout,0
http://infibnank.io/karta/faollashtirish,1
https://forbes.com/uz,0
https://youtube.com/banking,0
http://aloqaban-k.kz/transfer,1
http://login-texagrobank.net/secure/login,1
https://netflix.com/2024/,0
http://asakbaank.net/verify,1
https://www.tdiu.uz/support,0
https://sputniknews.uz/about,0
http://aloqabank-login.ru/login?next=%2Faccount,1
http://244.61.10.80/pochtabank/login,1
http://apelsinaccount.com/auth,1
http://pochtabnak.com/cards/activate,1
https://humo.uz/media,0
http://106.234.254.168:8080/oson/auth,1
http://humo-2024.org/hisob,1
https://stackoverflow.com/ru/about,0
http://login-uzum.ru/hisob,1
http://ldmkmk9u9mvcu6a4.click/banking/login,1
http://real-tbcbank.io/cards/activate,1
http://alqbank.io/payment/confirm,1
http://hamkorban-k.com/verify,1
http://hamkorbak.org/transfer,1
https://sog-liqni-saqlash.uz/app,0
http://kirish-asakabank.uz/login?next=%2Faccount,1
http://huom.kz/tolov,1
http://uzpost-bank.ru/kirish,1
https://my.gov.uz/logout,0
http://p4ym3.ru/login,1
http://new-oson.co/auth,1
http://uzcard-bank.org/account/verify,1
http://asaka-bank.co/kirish,1
http://infinbank-secure.org/tolov,1
http://official-oson.org/banking/login,1
http://aqqcypc0u2hd72.gq/hisob,1
https://ems.uz/support,0
http://ipakyulibak.co/p?redirect=true,1
https://hamkorbank.uz/sitemap.xml,0
https://tsue.uz/ru,0
http://login-paynet.net/p?redirect=true,1
http://ipakyulibank-bank.ru/transfer,1
https://www.dropbox.com/download,0
http://agrobank.ga/karta/faollashtirish,1
http://uz-kapitalbank.com/login,1
http://uz-oson.com/verify,1
https://tbcbank.uz/download,0
https://bing.com/help,0
http://a-norbank.uz:3000/login,1
https://www.zoom.us/api/v1/health,0
https://tuit.uz/ru/about,0
https://www.mf.uz/blog,0
https://apelsin.uz/payments,0
https://www.cnn.com/,0
https://instagram.com/logout,0
https://stat.uz/uz/hizmatlar,0
http://sqb-login.org/p?redirect=true,1
https://bloomberg.com/media,0
https://kun.uz/ru,0
https://www.wix.com/services,0
http://verify-pochtabank.io/auth,1
https://www.texagrobank.uz/security,0
http://anorabnk.org/transfer,1
https://customs.uz/blog,0
https://www.reuters.com/download,0
https://www.google.com/ru/about,0
http://kapitalbank.top/karta/faollashtirish,1
http://pocthabank.ru/login?next=%2Faccount,1
http://xalqbank-login.org/hisob,1
https://tsue.uz/contact,0
http://texagrobank-pay.com/transfer,1
http://pochtaabnk.io/tolov,1
http://ipakyulibank.uz.payment-confirm.ru/tolov,1
http://uzp-ost.co/secure/login,1
http://pochtaabnk.kz/login,1
http://real-kapitalbank.co/payment/confirm,1
http://huom.net/verify,1
http://aloqabank-service.co/auth,1
http://apelsin-card.uz/confirm,1
https://adobe.com/main,0
http://infinban.com/verify,1
http://secure-uzcard.org/tolov,1
https://pypi.org/api,0
https://uzum.uz/ru,0
http://pochtabank-online.co/login,1
http://240.193.182.162:8080/payme/tolov,1
https://pharmi.uz/support,0
http://208.115.177.36/hamkorbank/banking/login,1
http://uzpsot.co/payment/confirm,1
https://bing.com/ru/about,0
http://uzost.net/karta/faollashtirish,1
http://aakabank.net/payment/confirm,1
http://tbcbank-pay.kz/transfer,1
https://www.interfax.uz/services,0
http://texa-grobank.com/login,1
http://ipakyulibnak.org/payment/confirm,1
https://bing.com/media,0
http://xalbank.com/payment/confirm,1
http://bcbank.ru/cards/activate,1
https://spot.uz/mobile,0
https://license.uz/app,0
http://apelsin.uz@malicious002.com/kirish,1
https://outlook.com/uz,0
http://verify-ipakyulibank.ru/secure/login,1
https://tbcbank.uz/category/services,0
https://tdiu.uz/app,0
https://interfax.uz/payments,0
https://economist.com/products/list,0
http://real-ipakyulibank.co/auth,1
http://xalqbank-2024.uz/verify,1
https://wikipedia.org/media,0
https://hub.docker.com/category/news,0
http://inf-inbank.com/hisob,1
https://stripe.com/mobile,0
http://official-oson.uz/payment/confirm,1
http://249.48.1.182/asakabank/login,1
http://101.247.97.22:8080/kapitalbank/account/verify,1
http://iptekabank.uz/payment/confirm,1
http://best-uzum.io/verify,1
http://apelsinverify.com/account/verify,1
https://nuu.uz/mobile,0
https://nbu.uz/2024/,0
http://login-uzpost.co/confirm,1
http://osonn.com/kirish,1
https://uzcard.uz/news,0
https://wordpress.com/login,0
https://ebay.com/services,0
https://youtube.com/uploads,0
http://kapitalbank-uz.ru/karta/faollashtirish,1
https://www.gazeta.uz/register,0
https://cloudflare.com/offers,0
https://ipotekabank.uz/logout,0
http://kapital-bank.ru/karta/faollashtirish,1
http://uzum-service.org/login,1
http://xalqbank.tk/account/verify,1
http://ipotekabank-service.kz/karta/faollashtirish,1
http://uzopst.net/secure/login,1
http://inf-inbank.uz/hisob,1
https://zamin.uz/logout,0
https://kapitalbank.uz/about,0
http://sakabank.ru/payment/confirm,1
http://real-hamkorbank.io/verify,1
http://official-infinbank.net/confirm,1
http://hamkorban-k.uz/kirish,1
http://253.144.52.194:8080/kapitalbank/auth,1
http://paynett.kz/secure/login,1
https://kubernetes.io/services,0
http://new-nbu.net/verify,1
https://mastercard.com/dashboard,0
http://my-hamkorbank.net/cards/activate,1
http://aoqabank.net/banking/login,1
https://www.court.uz/category/services,0
http://aloqabank-2024.com/tolov,1
https://www.xb.uz/settings,0
http://129.136.215.178:8080/pochtabank/p?redirect=true,1
https://gmail.com/en/services,0
http://texagro-bank.ru/p?redirect=true,1
https://paypal.com/home,0
http://uzpst.org/verify,1
https://yandex.uz/uploads,0
http://ipotekabnak.kz/tolov,1
http://trastbank-online.ru/login,1
http://askaabank.org/account/verify,1
https://cloud.google.com/api,0
https://www.zoom.us/,0
http://oson-card.com/p?redirect=true,1
http://trastank.ru/karta/faollashtirish,1
https://google.com/dashboard,0
https://science.org/products/list,0
http://online-hamkorbank.co/auth,1
http://ipakyulibnak.kz/hisob,1
http://197.127.115.241:8080/texagrobank/verify,1
http://my-sqb.uz/confirm,1
https://instagram.com/category/news,0
http://online-payme.ru/kirish,1
http://hamkorbank-net.ru/login?next=%2Faccount,1
https://www.instagram.com/faq,0
http://apelsinkirish.com/kirish,1
http://secure-tbcbank.uz/cards/activate,1
https://yoshlar.uz/index.html,0
https://www.tsue.uz/api,0
https://ems.uz/profile,0
https://www.spot.uz/media,0
http://tbbcank.co/transfer,1
http://verify-uzpost.co/login,1
http://ag-robank.uz/account/verify,1
http://106.131.65.225/ipakyulibank/tolov,1
http://hamorbank.ru/transfer,1
http://infinban.io/auth,1
http://kapitalbank-2024.uz/hisob,1
http://real-anorbank.io/p?redirect=true,1
https://www.shopify.com/payments,0
http://asakabakn.kz/payment/confirm,1
http://sq-b.io/karta/faollashtirish,1
http://online-ipotekabank.io/tolov,1
http://uzp05t.uz/banking/login,1
http://ipotekabank.top/hisob,1
http://te-xagrobank.uz/hisob,1
http://ipotekbank.ru/secure/login,1
http://166.5.72.213/asakabank/payment/confirm,1
http://tbcbank-net.co/p?redirect=true,1
http://anrbank.co/banking/login,1
http://174.36.98.165/xalqbank/kirish,1
https://bibim.uz/uz/hizmatlar,0
https://wikipedia.org/api,0
https://uznet.uz/offers,0
http://53.83.106.200/oson/payment/confirm,1
http://trastbak.io/hisob,1
https://sqb.uz/settings,0
https://www.payme.uz/contact,0
http://my-sqb.net/account/verify,1
https://www.facebook.com/settings,0
http://apelsin.uz@malicious006.com/kirish,1
http://sqb-online.co/p?redirect=true,1
http://kapitalbank-bank.co/kirish,1
http://asakaban-k.org/verify,1
https://zoom.us/uz,0
https://apelsin.uz/products,0
https://court.uz/2024/,0
https://facebook.com/report,0
http://aloqa-bank.uz/confirm,1
https://instagram.com/services,0
https://prokuratura.uz/mobile,0
http://new-texagrobank.co/banking/login,1
http://212.25.155.159/uzpost/login?next=%2Faccount,1
http://anorbankk.kz/tolov,1
http://ipakyulibankk.com/login,1
https://edu.uz/support,0
https://zoom.us/ru,0
http://tbcbank-pay.kz/login?next=%2Faccount,1
https://www.dunyo.uz/mobile,0
http://hamorbank.co/account/verify,1
https://docs.python.org/security,0
http://my-uzum.ru/banking/login,1
http://oson-secure.com/account/verify,1
http://kapiatlbank.com/secure/login,1
http://trastbank-online.com/login,1
https://reddit.com/sitemap.xml,0
http://texagrobnak.uz/hisob,1
https://wsj.com/ru,0
http://apelsni.uz/banking/login,1
http://best-uzcard.co/banking/login,1
http://nbusecure.com/p?redirect=true,1
https://mastercard.com/terms,0
http://real-click.com/kirish,1
https://microsoft.com/transfer,0
http://1p0t3k4b4nk.io/karta/faollashtirish,1
https://www.zoom.us/security,0
http://verify-nbu.ru/banking/login,1
http://secure-aloqabank.org/verify,1
http://official-paynet.org/login,1
http://nbu-bank.kz/p?redirect=true,1
https://outlook.com/login,0
http://kapitalbank-2024.ru/cards/activate,1
http://w48hmknu0zt.online/account/verify,1
http://texagrobank-uz.io/verify,1
http://ipakuylibank.net/karta/faollashtirish,1
http://texagrobakn.co/secure/login,1
https://facebook.com/about-us,0
https://bbc.com/index.html,0
http://129.174.224.174/click/p?redirect=true,1
https://aloqabank.uz/mobile,0
http://hamkorbank-pay.com/login?next=%2Faccount,1
http://paynt.io/login?next=%2Faccount,1
https://www.stackoverflow.com/app,0
http://uzum-card.kz/transfer,1
https://aloqabank.uz/static/css/main.css,0
https://wikipedia.org/en/services,0
http://teagrobank.co/kirish,1
https://cloudflare.com/en/services,0
https://www.oson.uz/download,0
http://r27nw3mo20kzp3.buzz/verify,1
http://asakabank-service.kz/payment/confirm,1
http://tbcbank-card.io/payment/confirm,1
http://nbu.uz@malicious009.com/kirish,1
http://login-asakabank.ru/auth,1
https://interfax.uz/en,0
http://saakabank.uz/secure/login,1
http://pay-net.uz/transfer,1
http://best-uzpost.kz/login?next=%2Faccount,1
https://click.uz/about,0
https://e-gov.uz/support,0
http://c-lick.ru/banking/login,1
http://apelsin-bank.uz/payment/confirm,1
https://www.license.uz/banking,0
http://ipakyluibank.net/auth,1
https://www.kun.uz/main,0
https://wix.com/dashboard,0
http://texagrobank-uz.com/karta/faollashtirish,1
http://ipakyuliabnk.kz/confirm,1
http://187.77.221.195:8080/trastbank/account/verify,1
https://anorbank.uz/ru,0
http://uzpo-st.io/auth,1
https://yoshlar.uz/uz/hizmatlar,0
https://www.theguardian.com/report,0
http://pochtabankk.org/login,1
http://ipotekaabnk.kz/secure/login,1
https://pypi.org/category/news,0
https://e-gov.uz/index.html,0
https://nature.com/media,0
http://128.178.254.131:8080/paynet/payment/confirm,1
http://8.218.145.168/tbcbank/verify,1
https://outlook.com/faq,0
http://official-nbu.ru/tolov,1
http://rtastbank.com/banking/login,1
http://verify-trastbank.uz/p?redirect=true,1
http://official-nbu.io/account/verify,1
http://nb-u.net/auth,1
https://apple.com/settings,0
http://wrn4uiyxe4swfs5zuthuwp.tk/banking/login,1
http://btcbank.io/transfer,1
http://ipoteka-bank.io/verify,1
https://hub.docker.com/offers,0
http://pcohtabank.io/payment/confirm,1
https://www.yandex.uz/register,0
http://76.220.230.121:8080/ipotekabank/auth,1
https://www.soliq.uz/index.html,0
https://twitter.com/search,0
http://asakabank-bank.net/karta/faollashtirish,1
http://uzard.io/banking/login,1
http://28.108.74.145:8080/paynet/confirm,1
http://tcbank.uz/account/verify,1
https://spot.uz/ru,0
https://cnn.com/analytics,0
http://my-kapitalbank.kz/verify,1
https://parlament.uz/home,0
https://uznet.uz/privacy,0
https://www.pochtabank.uz/category/services,0
http://agrobank-card.org:9090/login,1
http://ipotekabank-bank.kz/hisob,1
https://payme.uz/products,0
http://login-payme.uz/auth,1
http://hamkrbank.io/auth,1
http://best-xalqbank.ru/auth,1
https://hamkorbank.uz/about,0
http://infinba-nk.co/payment/confirm,1
http://ape-lsin.kz/banking/login,1
https://developer.mozilla.org/download,0
https://kun.uz/dashboard,0
http://txeagrobank.co/login?next=%2Faccount,1
http://click-2024.co/tolov,1
http://official-hamkorbank.kz/tolov,1
https://www.texagrobank.uz/download,0
http://official-uzpost.net/kirish,1
http://xalqbank-service.io/tolov,1
http://trastbank-pay.net/auth,1
https://e-gov.uz/register,0
http://tratsbank.kz/banking/login,1
http://agrobank-net.uz/hisob,1
http://ipa-kyulibank.com/confirm,1
http://ipotekabank-online.io/banking/login,1
http://aloqabank-uz.org/login,1
https://prokuratura.uz/analytics,0
http://texagrobank-online.com/login?next=%2Faccount,1
http://76.56.242.241:8080/paynet/account/verify,1
http://410q4b4nk.kz/account/verify,1
http://235.246.53.181:8080/xalqbank/login,1
http://pochtabank-login.net/kirish,1
https://oson.uz@malicious007.com/login,1
https://humo.uz/products/list,0
http://tbcbankpay.com/kirish,1
https://www.ijro.uz/report,0
http://online-payme.io/karta/faollashtirish,1
http://login-anorbank.kz/login,1
https://yandex.uz/contact,0
http://anorbak.ru/login,1
http://uzacrd.net/tolov,1
https://www.kommersant.uz/blog,0
https://gazeta.uz/,0
http://xalqbank-secure.io/login,1
https://yoshlar.uz/app,0
http://ipotekabankaccount.com/hisob,1
http://login-agrobank.io/banking/login,1
https://mytaxi.uz/help,0
https://oson.uz/offers,0
https://zamin.uz/en/services,0
http://nbu-card.kz/karta/faollashtirish,1
http://104.196.83.175:8080/uzum/banking/login,1
http://ipakyulibank.site/login,1
http://nbu-kirish.com/kirish,1
http://kapitalbank-net.net/banking/login,1
http://nub.com/p?redirect=true,1
https://outlook.com/terms,0
http://sqb-net.ru/cards/activate,1
https://tbcbank.uz/2024/,0
http://hmakorbank.org/login,1
https://license.uz/en,0
https://stripe.com/security,0
https://docs.python.org/en,0
https://www.click.uz/products/list,0
https://www.reddit.com/app,0
https://npmjs.com/ru/about,0
http://uzum-pay.io/karta/faollashtirish,1
https://dropbox.com/blog,0
https://president.uz/transfer,0
http://apelsin-service.org/auth,1
http://trstbank.co/verify,1
https://nbu.uz/about,0
https://mastercard.com/products/list,0
https://www.gazeta.uz/category/services,0
http://infinbank-2024.org/banking/login,1
https://amazon.com/analytics,0
https://reuters.com/category/services,0
http://official-kapitalbank.org:8443/login,1
http://uzpost.info/login,1
http://verify-uzcard.com/cards/activate,1
http://clikc.io/login,1
https://stat.uz/banking,0
http://pakyulibank.io/cards/activate,1
https://www.pharmi.uz/main,0
http://kapit-albank.uz/login,1
http://tbcbank-net.io/login?next=%2Faccount,1
http://kapitalbank-net.org/kirish,1
http://verify-infinbank.net/tolov,1
http://anorban.org/p?redirect=true,1
http://uz-um.uz/login?next=%2Faccount,1
https://wix.com/download,0
http://pay-me.uz/auth,1
http://infinabnk.uz/auth,1
https://uznet.uz/register,0
https://ipakyulibank.uz/news,0
http://etxagrobank.ru/login?next=%2Faccount,1
http://verify-uzum.io/p?redirect=true,1
http://verify-uzcard.co/payment/confirm,1
http://anorbank-2024.ru/verify,1
http://59.125.178.105:8080/uzcard/hisob,1
http://payent.io/secure/login,1
https://www.kommersant.uz/app,0
http://asakabank-confirm.com/cards/activate,1
https://apelsin.uz/services,0
https://pharmi.uz/wiki,0
http://login-payme.kz/login?next=%2Faccount,1
https://click.uz/en/services,0
http://pakyulibank.io/p?redirect=true,1
https://npmjs.com/en/services,0
https://bloomberg.com/cards,0
http://ipa-kyulibank.io/p?redirect=true,1
http://ipayulibank.io/secure/login,1
http://texagrobnk.ru/hisob,1
http://h4mk0rb4nk.org/login?next=%2Faccount,1
https://tsue.uz/app,0
http://laoqabank.org/verify,1
http://tasdiqlash-uzum.uz/karta/faollashtirish,1
http://official-payme.kz/hisob,1
http://infinb-ank.org/payment/confirm,1
http://uzpost-2024.co/banking/login,1
http://ipakyuliban-k.io/login,1
http://qsb.org/cards/activate,1
http://new-aloqabank.uz/account/verify,1
https://netflix.com/news,0
https://www.soliq.uz/main,0
http://login-infinbank.org/transfer,1
https://dropbox.com/faq,0
http://teagrobank.io/banking/login,1
http://infibank.uz/account/verify,1
http://payme-kirish.com/hisob,1
http://230.66.235.130/oson/login,1
https://xb.uz/user/profile,0
http://trast-bank.io/login,1
https://www.theguardian.com/main,0
http://uzm.net/account/verify,1
http://login-humo.org/cards/activate,1
http://nbu-card.kz/tolov,1
http://agrobank-uz.uz/hisob,1
https://pochtabank.uz/sitemap.xml,0
http://piakyulibank.net/transfer,1
https://asakabank.uz/download,0
http://asakabank.ga/payment/confirm,1
http://xalqban.org/banking/login,1
http://hamko-rbank.ru/confirm,1
http://paymee.co/cards/activate,1
https://wsj.com/download,0
https://www.tdiu.uz/notifications,0
http://ipotekaban.com/hisob,1
http://ipotekabank-card.org/confirm,1
https://nature.com/ru/about,0
http://apelsi-n.co/login,1
https://tsue.uz/mobile,0
http://ipakyulibakn.org/account/verify,1
https://facebook.com/security,0
http://account-ipotekabank.uz/login,1
https://ijro.uz/products,0
https://www.prokuratura.uz/register,0
http://osn.net/transfer,1
http://uz-texagrobank.com/p?redirect=true,1
http://official-payme.io/cards/activate,1
http://official-click.kz/login?next=%2Faccount,1
http://zuum.com/hisob,1
http://uzum-card.org/login,1
http://uzcardd.ru/account/verify,1
http://payn-et.io/login?next=%2Faccount,1
http://aorbank.co/login?next=%2Faccount,1
https://pharmi.uz/history,0
https://uzb.uz/terms,0
http://xlaqbank.com/secure/login,1
http://panyet.ru/confirm,1
https://humans.uz/api,0
http://240.193.182.162/payme/tolov,1
https://youtube.com/robots.txt,0
http://paynetaccount.com/account/verify,1
http://xalq-bank.co/account/verify,1
https://payme.uz/transfer,0
https://www.license.uz/user/profile,0
https://bing.com/security,0
http://161.218.137.41/paynet/login?next=%2Faccount,1
https://stripe.com/index.html,0
https://mehnat.uz/2024/,0
https://anorbank.uz/category/news,0
http://xalqbank-2024.co/login,1
http://login-click.net/cards/activate,1
http://oson-secure.uz/login?next=%2Faccount,1
http://clic.ru/auth,1
https://pypi.org/,0
http://i-nfinbank.uz/banking/login,1
http://uz-aloqabank.org/login,1
http://a-loqabank.co/secure/login,1
http://ipakyulibank.online/confirm,1
https://wordpress.com/docs,0
https://www.linkedin.com/mobile,0
https://nuu.uz/static/css/main.css,0
http://apelsin-bank.kz/login?next=%2Faccount,1
http://tbcbank-pay.co/confirm,1
https://xs.uz/uz,0
https://nytimes.com/notifications,0
http://my-aloqabank.com/kirish,1
http://tb-cbank.io/tolov,1
http://official-click.kz/cards/activate,1
http://best-kapitalbank.kz/transfer,1
https://www.payme.uz/uz,0
http://201.173.87.59/sqb/karta/faollashtirish,1
http://best-ipakyulibank.ru/kirish,1
http://iapkyulibank.kz:8443/login,1
https://trastbank.uz/search,0
https://www.zoom.us/en,0
https://hub.docker.com/mobile,0
https://asakabank.uz/mobile,0
https://qalampir.uz/2024/,0
http://tarstbank.uz/banking/login,1
http://9.249.81.67:8080/payme/p?redirect=true,1
http://ipotekabank-bank.ru/login?next=%2Faccount,1
https://www.nature.com/app,0
http://verify-humo.ru/karta/faollashtirish,1
https://www.cloudflare.com/notifications,0
http://uzumm.org/secure/login,1
https://facebook.com/logout,0
http://anorbank-online.uz/hisob,1
http://hum-o.uz/login,1
http://texagroban-k.uz/hisob,1
https://www.instagram.com/blog,0
http://uzcard-card.com/auth,1
http://best-kapitalbank.ru/p?redirect=true,1
http://ap-elsin.kz/karta/faollashtirish,1
https://stripe.com/en/services,0
http://best-trastbank.com/login,1
https://payme.uz/static/css/main.css,0
http://73.141.115.79:8080/anorbank/transfer,1
http://tasdiqlash-asakabank.uz/verify,1
http://humoo.kz/verify,1
https://hamkorbank.uz/support,0
http://my-uzum.net/auth,1
http://verify.ipotekabank-uz.com/kirish,1
http://trastabnk.net/confirm,1
http://159.86.203.246/hamkorbank/verify,1
https://www.humo.uz/uz,0
http://asakabank-online.kz/hisob,1
http://uzcard-account.com/account/verify,1
http://humo.rest/banking/login,1
http://click-online.com/banking/login,1
http://ipakyulibank-2024.io/payment/confirm,1
https://amazon.com/blog,0
http://secure-xalqbank.org/kirish,1
https://ft.com/robots.txt,0
https://ipakyulibank.uz/profile,0
https://xalqbank.uz/en/services,0
http://poctabank.kz/auth,1
http://my-kapitalbank.org/karta/faollashtirish,1
http://apelsin-login.io/banking/login,1
https://www.dropbox.com/news,0
http://agrobank.buzz/payment/confirm,1
http://uzpost-bank.net/secure/login,1
https://adobe.com/privacy,0
http://ham-korbank.io/cards/activate,1
http://poc-htabank.net/hisob,1
https://www.nature.com/logout,0
http://oson.ml/account/verify,1
http://apitalbank.com/kirish,1
https://www.developer.mozilla.org/terms,0
https://www.dunyo.uz/category/news,0
http://bcbank.com/p?redirect=true,1
http://hamorbank.uz/hisob,1
https://tuit.uz/home,0
http://ipakyulbank.uz/banking/login,1
http://ipotekaba-nk.kz/login,1
https://www.dunyo.uz/transfer,0
http://ipotekabnk.uz/secure/login,1
http://kaiptalbank.org/payment/confirm,1
http://apelsin-service.uz/account/verify,1
https://youtube.com/about,0
http://p4ym3.co/verify,1
http://tbcbank-online.net/cards/activate,1
http://online-humo.io/payment/confirm,1
http://payme-confirm.com/confirm,1
https://outlook.com/api,0
https://www.interfax.uz/help,0
http://tbcbak.uz/kirish,1
http://infinba-nk.ru/kirish,1
https://www.wordpress.com/products,0
https://stripe.com/privacy,0
http://tr-astbank.org/transfer,1
http://lick.kz/verify,1
http://asakabank-net.io/payment/confirm,1
http://infinbank-uz.co/tolov,1
https://ipakyulibank.uz/products/list,0
http://204.94.151.75/oson/p?redirect=true,1
http://online-tbcbank.com/account/verify,1
https://mdis.uz/report,0
http://potekabank.uz/verify,1
https://pochtabank.uz/analytics,0
http://ipotekabank.uz@malicious012.com/kirish,1
https://ebay.com/analytics,0
https://gmail.com/,0
http://uzard.org/cards/activate,1
http://trastbank-service.io/kirish,1
http://trastbank-tasdiqlash.com/payment/confirm,1
http://214.153.80.2:8080/paynet/banking/login,1
http://c11ck.uz/transfer,1
http://anorbank.uz.login-secure.com/cards/activate,1
https://visa.com/en/services,0
https://kommersant.uz/about-us,0
https://xalqbank.uz/docs,0
http://pochtabankk.kz/auth,1
http://uzmu.co/karta/faollashtirish,1
http://asakabank-uz.kz/login,1
http://uzopst.net/auth,1
https://www.click.uz/products,0
http://texagrbank.co/tolov,1
http://anorbnk.ru/transfer,1
https://dunyo.uz/index.html,0
https://www.qalampir.uz/privacy,0
https://wikipedia.org/login,0
https://www.president.uz/faq,0
https://microsoft.com/services,0
http://ipakyuliba-nk.net/banking/login,1
https://stat.uz/support,0
https://pharmi.uz/media,0
https://sog-liqni-saqlash.uz/sitemap.xml,0
https://kubernetes.io/faq,0
https://wix.com/2024/,0
https://paypal.com/category/services,0
https://tsue.uz/profile,0
http://anorbakn.kz/cards/activate,1
http://apel-sin.kz/cards/activate,1
http://secure-texagrobank.kz/secure/login,1
http://56.198.12.138:8080/click/cards/activate,1
http://aloqabnak.org/kirish,1
https://infinbank.uz/docs,0
http://my-click.kz/login?next=%2Faccount,1
http://anorbank-net.uz/cards/activate,1
https://www.hub.docker.com/banking,0
https://github.com/download,0
https://www.azure.microsoft.com/about,0
https://www.theguardian.com/support,0
http://uhmo.kz/payment/confirm,1
https://asakabank.uz/products,0
http://texagrobank-net.ru/hisob,1
http://agroba-nk.net/cards/activate,1
http://my-oson.com/confirm,1
http://my-apelsin.com/verify,1
http://ipotekabank-login.net/transfer,1
https://azure.microsoft.com/static/css/main.css,0
http://secure-trastbank.org/auth,1
https://uzb.uz/en,0
http://aeplsin.io/account/verify,1
https://edu.uz/payments,0
http://paynt.com/secure/login,1
http://zucard.co/login,1
http://best-xalqbank.ru/confirm,1
http://uczard.org/payment/confirm,1
http://login-infinbank.uz/cards/activate,1
http://real-oson.uz/account/verify,1
https://pypi.org/blog,0
http://best-sqb.ru/verify,1
http://hmkorbank.io/login,1
https://kapitalbank.uz/uz/hizmatlar,0
http://online-oson.co/banking/login,1
https://www.nytimes.com/robots.txt,0
http://uzacrd.ru/tolov,1
https://twitter.com/login,0
http://410q4b4nk.kz/kirish,1
http://ipotekabank-net.net/banking/login,1
http://uzum-login.uz/confirm,1
http://rrll5tdxsoopi3gsb.ml/confirm,1
https://president.uz/uploads,0
http://oson-secure.com/hisob,1
http://in-finbank.io/karta/faollashtirish,1
https://netflix.com/wiki,0
https://uzcard.uz/analytics,0
https://stackoverflow.com/blog,0
http://payne-t.kz/kirish,1
http://tbcbank-login.co/cards/activate,1
http://my-agrobank.kz/karta/faollashtirish,1
http://ipakyulib-ank.io/p?redirect=true,1
http://po-chtabank.ru/account/verify,1
http://login-texagrobank.com/account/verify,1
http://new-paynet.ru/hisob,1
https://license.uz/static/css/main.css,0
http://apelsinsecure.com/p?redirect=true,1
http://verify-anorbank.org/login,1
http://uzcard-bank.kz/account/verify,1
http://252.144.241.226:8080/click/payment/confirm,1
http://secure-oson.io/login?next=%2Faccount,1
https://my.gov.uz/about,0
https://www.ipakyulibank.uz/media,0
http://uzp05t.co/payment/confirm,1
http://infinabnk.com/kirish,1
http://verify-click.net/p?redirect=true,1
http://piotekabank.kz/auth,1
http://panyet.uz/p?redirect=true,1
http://agrobnak.org/payment/confirm,1
http://real-pochtabank.io/cards/activate,1
http://119.64.137.12/paynet/secure/login,1
https://wsj.com/report,0
https://www.paypal.com/products,0
https://tbcbank.uz/notifications,0
http://best-pochtabank.kz/login?next=%2Faccount,1
https://www.wikipedia.org/uz/hizmatlar,0
http://payem.co/tolov,1
https://www.slack.com/mobile,0
http://asaka-bank.uz/transfer,1
https://nytimes.com/services,0
http://kapita-lbank.com/kirish,1
http://uzpsot.co/tolov,1
http://my-kapitalbank.ru/login,1
https://mastercard.com/api,0
http://apelsn.net/verify,1
http://xalqbankk.io/karta/faollashtirish,1
http://verify-uzpost.org/confirm,1
http://verify-kapitalbank.co/verify,1
http://paynet-login.io/banking/login,1
https://samdu.uz/mobile,0
http://texa-grobank.net/cards/activate,1
https://yandex.uz/security,0
http://asakabank-online.ru/confirm,1
https://mdis.uz/ru,0
http://250.149.254.144:8080/payme/tolov,1
http://uzum-2024.co/confirm,1
http://aolqabank.uz/account/verify,1
http://ipakyulibnak.org/auth,1
http://u-zpost.org/auth,1
http://huo.org/tolov,1
http://agrobank-kirish.com/transfer,1
https://www.nuu.uz/mobile,0
http://zcard.ru/account/verify,1
http://real-uzpost.co/payment/confirm,1
https://apelsin.uz/analytics,0
https://www.samdu.uz/uploads,0
https://gmail.com/settings,0
http://hamkorbak.co/hisob,1
https://license.uz/settings,0
https://zoom.us/services,0
http://agrobank-2024.com/account/verify,1
http://new-trastbank.io/login,1
http://anorbnak.io/cards/activate,1
https://gazeta.uz/help,0
https://uzb.uz/ru,0
http://my-payme.io/tolov,1
https://wordpress.com/payments,0
http://secure-anorbank.co/payment/confirm,1
http://ipkyulibank.io/payment/confirm,1
https://www.yahoo.com/ru,0
http://202.232.81.35/sqb/login,1
https://adobe.com/index.html,0
http://uz-post.co/karta/faollashtirish,1
http://aplsin.org/auth,1
http://online-agrobank.co/confirm,1
http://uzost.net/login,1
https://npmjs.com/news,0
https://www.uzum.uz/user/profile,0
https://www.paypal.com/notifications,0
http://anobrank.io/confirm,1
http://asakabank-uz.verify-account.net/confirm,1
https://www.forbes.com/static/css/main.css,0
http://hamkorbank-pay.com/banking/login,1
https://trastbank.uz/cards,0
http://anrbank.com/karta/faollashtirish,1
https://sog-liqni-saqlash.uz/mobile,0
http://ape-lsin.co/payment/confirm,1
http://pochtabank-service.ru/confirm,1
https://www.tbcbank.uz/main,0
https://ft.com/download,0
http://pochabank.org/payment/confirm,1
http://infinbnk.org/login,1
https://www.ebay.com/contact,0
http://uzpst.io/secure/login,1
http://119.81.123.188:8080/anorbank/hisob,1
http://agrobank.click/payment/confirm,1
https://anorbank.uz/news,0
http://online-aloqabank.net/payment/confirm,1
http://exagrobank.io/login,1
http://ano-rbank.kz/login?next=%2Faccount,1
https://aws.amazon.com/about-us,0
http://trasbank.ru/kirish,1
http://asakabank.rest/verify,1
https://podrobno.uz/mobile,0
http://asakabnk.kz/secure/login,1
http://ipakyulibank-uz.org/login?next=%2Faccount,1
https://www.office.com/uz,0
http://anorban-k.co/cards/activate,1
https://mdis.uz/index.html,0
http://cl-ick.uz/transfer,1
http://login-infinbank.com/hisob,1
https://uza.uz/history,0
https://court.uz/home,0
https://oson.uz/user/profile,0
http://verify-pochtabank.co/payment/confirm,1
http://119.95.108.217/trastbank/login?next=%2Faccount,1
https://www.wsj.com/wiki,0
https://uzcard.uz/uploads,0
http://sqb-service.io/verify,1
https://cloud.google.com/mobile,0
https://anorbank.uz/cards,0
https://linkedin.com/notifications,0
http://ipakyulibank.tk/auth,1
http://trastbank-net.com/tolov,1
http://uzpost-login.com/auth,1
http://xalqbankk.ru/login,1
https://agrobank.uz/dashboard,0
http://232.173.213.217:8080/ipotekabank/account/verify,1
http://apeslin.ru/transfer,1
http://kapi-talbank.net/verify,1
http://sbq.org/account/verify,1
http://oson-online.org/login?next=%2Faccount,1
https://adobe.com/mobile,0
https://www.gov.uz/static/css/main.css,0
http://213.209.217.32/uzcard/karta/faollashtirish,1
http://sqb-pay.ru/confirm,1
https://ebay.com/products,0
http://kapitlbank.uz/transfer,1
http://iapkyulibank.io/secure/login,1
https://economist.com/transfer,0
https://wsj.com/uz,0
http://tbcban-k.kz/secure/login,1
https://slack.com/user/profile,0
https://www.cnn.com/analytics,0
http://kapitalbank-2024.co/secure/login,1
https://aloqabank.uz@malicious001.com/login,1
http://ipakyuliban-k.co/hisob,1
http://89.225.81.133/oson/account/verify,1
http://my-payme.co/confirm,1
https://mehnat.uz/history,0
http://xa-lqbank.ru/karta/faollashtirish,1
http://payme-secure.uz/payment/confirm,1
http://agobank.com/hisob,1
https://www.spot.uz/history,0
http://apyme.ru/hisob,1
https://trastbank.uz/en,0
http://paynet-online.ru/login?next=%2Faccount,1
http://pochatbank.co/kirish,1
https://www.ipakyulibank.uz/app,0
https://cloudflare.com/banking,0
http://xalqbank-service.net/payment/confirm,1
http://aloqbaank.kz/banking/login,1
https://ipakyulibank.uz/dashboard,0
https://github.com/uz/hizmatlar,0
http://1p4kyu11b4nk.co/banking/login,1
http://aloqabnak.uz/confirm,1
http://best-hamkorbank.com/login,1
http://online-uzum.io/confirm,1
http://payne.ru/tolov,1
https://parlament.uz/ru,0
http://son.com/verify,1
https://yoshlar.uz/about-us,0
http://tbcank.io/tolov,1
https://dunyo.uz/user/profile,0
https://my.gov.uz/sitemap.xml,0
http://uzcad.com/login?next=%2Faccount,1
https://www.gazeta.uz/,0
https://tsue.uz/about-us,0
https://cnn.com/report,0
https://yahoo.com/docs,0
http://secure-nbu.net/banking/login,1
http://secure-asakabank.co/cards/activate,1
http://secure-sqb.ru/secure/login,1
https://netflix.com/category/news,0
http://uz-hamkorbank.co/cards/activate,1
http://official-humo.io/karta/faollashtirish,1
http://ipakyulibank-login.co/secure/login,1
http://trastbank-2024.co/secure/login,1
https://humo.uz@malicious011.com/login,1
http://login-oson.ru/tolov,1
https://www.dunyo.uz/ru,0
https://www.uza.uz/logout,0
http://online-asakabank.io/hisob,1
https://www.xs.uz/blog,0
https://pochtabank.uz/notifications,0
http://ipotekabakn.kz/auth,1
http://trastban-k.kz/banking/login,1
http://uzum.gq/verify,1
http://tarstbank.kz/hisob,1
http://arobank.ru/payment/confirm,1
https://bibim.uz/home,0
http://pyanet.io/verify,1
https://license.uz/dashboard,0
http://uzpot.io/tolov,1
https://customs.uz/home,0
http://secure-trastbank.uz.phish.xyz/hisob,1
http://verify-trastbank.kz/p?redirect=true,1
http://pynet.ru/p?redirect=true,1
http://verify-sqb.kz/auth,1
https://www.tma.uz/uploads,0
https://www.github.com/static/css/main.css,0
http://asakabank-bank.co/karta/faollashtirish,1
http://208.44.85.39:8080/uzum/p?redirect=true,1
https://www.sqb.uz/about,0
https://uza.uz/privacy,0
http://asakabank-secure.com/account/verify,1
http://142.79.37.68:8080/uzpost/karta/faollashtirish,1
https://mehnat.uz/settings,0
http://my-ipakyulibank.net/transfer,1
http://ipoteka-bank.uz/login,1
https://www.bing.com/security,0
https://www.ipakyulibank.uz/ru/about,0
http://payme.click/confirm,1
https://qalampir.uz/contact,0
https://azure.microsoft.com/ru,0
https://www.docs.python.org/static/css/main.css,0
http://anorban.ru/kirish,1
https://www.sputniknews.uz/settings,0
http://teaxgrobank.com/payment/confirm,1
http://agrboank.kz/account/verify,1
http://tbcba-nk.co/karta/faollashtirish,1
https://facebook.com/faq,0
https://paypal.com/ru/about,0
http://secure-nbu.net/tolov,1
https://outlook.com/main,0
https://daryo.uz/faq,0
http://soon.kz/tolov,1
http://30.14.147.104:8080/click/login,1
http://oson-card.kz/banking/login,1
http://tbcbnak.ru/hisob,1
http://click-pay.com/karta/faollashtirish,1
https://samdu.uz/profile,0
https://www.pypi.org/en,0
https://www.gmail.com/products,0
http://humo-bank.co/p?redirect=true,1
https://tma.uz/uz/hizmatlar,0
http://kapitalbank-login.com/transfer,1
http://in-finbank.uz/confirm,1
http://zpost.com/kirish,1
http://login-trastbank.kz/cards/activate,1
http://agrobank.uz.account-verify.net/kirish,1
http://agrobank-card.uz/karta/faollashtirish,1
http://kapit-albank.org/p?redirect=true,1
http://humo-2024.kz/verify,1
https://soliq.uz/uz/hizmatlar,0
https://www.adobe.com/index.html,0
https://pypi.org/index.html,0
http://alqoabank.uz/login,1
https://github.com/messages,0
http://online-apelsin.uz/login,1
http://ipotekabank.uz.account-verify.net/login,1
http://ag-robank.io/karta/faollashtirish,1
http://24.99.244.116/click/kirish,1
https://stackoverflow.com/news,0
http://xalqbank-bank.net/p?redirect=true,1
http://hamkorbank.tk/cards/activate,1
http://verify-kapitalbank.io/karta/faollashtirish,1
http://hamkorbank-login.com/karta/faollashtirish,1
http://oson-pay.co/,1
https://www.reuters.com/cards,0
http://anrbank.io/confirm,1
http://uz-agrobank.org/account/verify,1
http://t-rastbank.kz/cards/activate,1
https://anorbank.uz/terms,0
https://visa.com/mobile,0
http://login-paynet.kz/transfer,1
https://uza.uz/banking,0
https://tuit.uz/search,0
http://asakabank-login.org/p?redirect=true,1
https://xs.uz/notifications,0
http://tb-cbank.io/confirm,1
http://verify-uzum.net/tolov,1
https://hub.docker.com/static/css/main.css,0
http://pochtabank-service.net/karta/faollashtirish,1
http://apelsin-card.net/payment/confirm,1
http://real-ipotekabank.net/karta/faollashtirish,1
https://kun.uz/login,0
http://best-click.uz/login,1
https://e-gov.uz/media,0
http://uzcar.ru/p?redirect=true,1
http://uzpostt.ru/secure/login,1
https://xs.uz/api/v1/health,0
https://cloudflare.com/dashboard,0
http://my-agrobank.ru/secure/login,1
http://my-aloqabank.net/confirm,1
https://adobe.com/home,0
http://xalqb-ank.uz/p?redirect=true,1
http://agroabnk.ru/login,1
http://ca8yuvsmoayo.top/login?next=%2Faccount,1
https://sqb.uz/uz,0
https://kubernetes.io/payments,0
http://texagrobak.uz/hisob,1
https://bing.com/products,0
https://www.apple.com/notifications,0
https://bloomberg.com/offers,0
http://login-paynet.kz/login,1
http://norbank.org/karta/faollashtirish,1
https://hamkorbank.uz/report,0
http://ipo-tekabank.com/kirish,1
https://ijro.uz/transfer,0
http://texagrobakn.com/transfer,1
http://apesin.io/karta/faollashtirish,1
https://prokuratura.uz/transfer,0
http://ipotekab-ank.net/login?next=%2Faccount,1
http://online-pochtabank.kz/karta/faollashtirish,1
https://sqb.uz/register,0
https://cloudflare.com/media,0
https://zamin.uz/en,0
http://verify.texagrobank-uz.com/payment/confirm,1
http://ipoetkabank.net/payment/confirm,1
http://aplsin.io/hisob,1
http://trasbank.ru/verify,1
http://tcbank.net/tolov,1
http://kapit-albank.net/account/verify,1
https://gmail.com/uz/hizmatlar,0
http://xalbqank.co/tolov,1
http://verify-humo.org/hisob,1
http://payent.uz/auth,1
http://kapiatlbank.uz/hisob,1
http://pyanet.co/auth,1
https://www.wikipedia.org/settings,0
https://daryo.uz/profile,0
http://my-hamkorbank.com/verify,1
https://reddit.com/products,0
https://amazon.com/profile,0
http://hamorbank.org/account/verify,1
http://potekabank.net/auth,1
https://stat.uz/notifications,0
http://uz-uzum.co/banking/login,1
https://agrobank.uz/blog,0
http://ipotekbaank.org/auth,1
http://tbcbank-2024.com/p?redirect=true,1
https://www.npmjs.com/terms,0
http://new-hamkorbank.net/hisob,1
https://mf.uz/main,0
https://zoom.us/terms,0
http://tex-agrobank.net/transfer,1
http://apelsin-bank.co/kirish,1
http://hamkorbank-login.uz/auth,1
https://www.office.com/dashboard,0
http://trastbank-card.org/cards/activate,1
https://qalampir.uz/cards,0
http://ipakyulibank-online.io/confirm,1
http://agrobakn.kz/auth,1
https://mf.uz/offers,0
http://sqb-2024.uz/hisob,1
http://secure-click.uz/hisob,1
https://cloudflare.com/uz/hizmatlar,0
http://173.199.180.131/humo/tolov,1
https://gmail.com/transfer,0
http://infinbank-service.net/transfer,1
http://pochtaba-nk.com/account/verify,1
https://nature.com/news,0
https://xalqbank.uz/dashboard,0
https://prokuratura.uz/settings,0
http://153.148.251.73/kapitalbank/tolov,1
http://ipoteakbank.net/account/verify,1
http://kapitalba-nk.co/hisob,1
http://206.49.66.250:8080/click/p?redirect=true,1
http://agroank.io/cards/activate,1
http://219.14.70.23/tbcbank/hisob,1
https://dropbox.com/notifications,0
https://pochtabank.uz/search,0
https://www.cloud.google.com/en/services,0
http://garobank.uz/transfer,1
http://i1mkslo87tqgd.site/banking/login,1
http://texagrob-ank.io/payment/confirm,1
http://oosn.ru/secure/login,1
http://hamkorbank-login.ru/login?next=%2Faccount,1
http://nbu-2024.uz/login,1
https://yoshlar.uz/category/news,0
http://verify-aloqabank.co/verify,1
http://login-hamkorbank.net/login,1
http://ka-pitalbank.net/kirish,1
http://verify-uzpost.kz/banking/login,1
https://azure.microsoft.com/download,0
https://www.uzcard.uz/robots.txt,0
http://infinban.ru/tolov,1
http://ipote-kabank.ru/login,1
http://texagroban.co/login?next=%2Faccount,1
https://spot.uz/uz/hizmatlar,0
https://facebook.com/en/services,0
http://rtastbank.org/kirish,1
http://texagro-bank.com/cards/activate,1
https://zamin.uz/profile,0
http://uzpost-secure.uz/secure/login,1
http://agroba-nk.ru/login,1
https://mdis.uz/ru/about,0
http://askabank.com/cards/activate,1
http://231.11.17.228/xalqbank/p?redirect=true,1
https://nytimes.com/uz,0
http://oson-net.uz/payment/confirm,1
http://my-oson.kz/payment/confirm,1
http://pochtabank-online.kz/p?redirect=true,1
http://tbcb-ank.net/transfer,1
http://trastba-nk.org/transfer,1
https://www.youtube.com/2024/,0
http://ipotekabank.xyz/payment/confirm,1
http://ipkyulibank.io/cards/activate,1
https://ijro.uz/banking,0
http://pochtab-ank.kz/hisob,1
https://www.mastercard.com/about,0
http://secure-apelsin.com/hisob,1
https://www.yoshlar.uz/search,0
https://edu.uz/products,0
http://aplesin.com/tolov,1
http://online-click.ru/confirm,1
http://paelsin.co/auth,1
http://pamye.com/login?next=%2Faccount,1
https://stackoverflow.com/cards,0
https://reddit.com/uploads,0
http://ipotekabank-service.com/,1
https://cnn.com/products,0
http://tbc-bank.org/tolov,1
http://pame.com/tolov,1
https://www.forbes.com/search,0
https://ems.uz/logout,0
https://yahoo.com/payments,0
http://agrobank-secure.net/kirish,1
https://nuu.uz/about-us,0
http://uzp05t.kz/hisob,1
http://pochtaban.org/login,1
http://pay-aloqabank.uz/banking/login,1
https://www.ems.uz/static/css/main.css,0
http://agrob-ank.org/tolov,1
https://epay.uz/index.html,0
http://uz-click.co/p?redirect=true,1
http://ipoekabank.io/cards/activate,1
http://aloqabank-login.co/confirm,1
https://texagrobank.uz/docs,0
https://zoom.us/banking,0
https://slack.com/transfer,0
http://new-nbu.uz/tolov,1
http://login-payme.net/p?redirect=true,1
http://official-trastbank.net/payment/confirm,1
http://uzcard-service.net/tolov,1
http://login-aloqabank.com/payment/confirm,1
http://t-rastbank.org/login,1
https://www.uzinfocom.uz/support,0
http://texagroabnk.com/payment/confirm,1
http://hmo.kz/banking/login,1
https://www.trastbank.uz/register,0
http://xalqbank-uz.kz/kirish,1
https://www.samdu.uz/news,0
http://asakabakn.org/login,1
https://twitter.com/app,0
http://149.7.218.10/humo/banking/login,1
http://tcbbank.co/confirm,1
http://tex-agrobank.uz/kirish,1
http://xalqbank-online.com/login?next=%2Faccount,1
http://my-uzpost.uz/hisob,1
https://trastbank.uz/uz,0
http://secure-payme.org/banking/login,1
http://aynet.ru/secure/login,1
http://real-kapitalbank.io/verify,1
http://my-uzcard.io/payment/confirm,1
https://oson.uz/uploads,0
https://www.payme.uz/messages,0
https://www.science.org/services,0
https://wix.com/uz/hizmatlar,0
http://tbcbank-card.kz/secure/login,1
http://asakaban-k.com/banking/login,1
http://online-agrobank.net/cards/activate,1
http://pochtaba-nk.kz/verify,1
http://verify-pochtabank.net/login,1
http://texagrobank-uz.org/login,1
http://xalqabnk.io/hisob,1
http://online-anorbank.com/confirm,1
https://nytimes.com/wiki,0
https://github.com/analytics,0
https://www.gov.uz/cards,0
http://ipakylibank.ru/transfer,1
http://kaitalbank.org/karta/faollashtirish,1
https://ipakyulibank.uz/robots.txt,0
http://online-ipakyulibank.io/karta/faollashtirish,1
http://cilck.org/tolov,1
http://ipoteakbank.kz/confirm,1
https://ipotekabank.uz/about,0
https://www.ft.com/banking,0
http://best-uzum.ru/banking/login,1
http://sqb-2024.kz/kirish,1
https://stat.uz/mobile,0
https://facebook.com/blog,0
http://tr-astbank.uz/secure/login,1
http://h-amkorbank.uz/hisob,1
http://real-uzpost.ru/login?next=%2Faccount,1
http://trast-bank.co/cards/activate,1
https://bing.com/static/css/main.css,0
https://www.apple.com/about-us,0
http://infinbank-pay.co/karta/faollashtirish,1
https://mastercard.com/banking,0
http://aolqabank.uz/confirm,1
https://sog-liqni-saqlash.uz/contact,0
https://infinbank.uz/messages,0
http://kapitalba-nk.org/transfer,1
http://slmx13y399h5rggokb.ml/cards/activate,1
http://verify-kapitalbank.io/banking/login,1
https://interfax.uz/wiki,0
http://ipak-yulibank.com/karta/faollashtirish,1
http://texagroban-k.net/tolov,1
http://real-xalqbank.kz/banking/login,1
https://www.ft.com/en,0
https://ft.com/analytics,0
http://sqb-uz.org/confirm,1
https://soliq.uz/search,0
http://aplesin.com/login,1
https://interfax.uz/uz/hizmatlar,0
http://nbu-online.co/hisob,1
http://pcohtabank.com/karta/faollashtirish,1
https://www.yoshlar.uz/profile,0
http://inifnbank.ru/kirish,1
https://www.uza.uz/offers,0
http://clic.kz/tolov,1
https://uzb.uz/wiki,0
http://34.110.86.116:8080/apelsin/login,1
http://new-uzpost.ru/secure/login,1
http://my-apelsin.co/cards/activate,1
https://nytimes.com/mobile,0
http://uz-trastbank.uz/verify,1
http://texagrobank-service.uz/login,1
https://www.podrobno.uz/about,0
https://dunyo.uz/ru/about,0
http://infinbank-online.net:8443/login,1
http://infinbank-login.com/login,1
http://nub.kz/transfer,1
https://www.wordpress.com/en/services,0
http://asakabank-login.kz/banking/login,1
http://tasdiqlash-kapitalbank.uz/hisob,1
http://230.226.76.33/pochtabank/verify,1
https://pharmi.uz/,0
http://uz-uzum.io/kirish,1
http://agrbank.uz/cards/activate,1
http://216.143.199.135:8080/apelsin/secure/login,1
http://asakabank-pay.com/account/verify,1
http://65.88.69.33:8080/sqb/karta/faollashtirish,1
https://reuters.com/about,0
http://5qb.ru/account/verify,1
http://anorbank-bank.net/cards/activate,1
http://agroank.co/banking/login,1
https://reddit.com/news,0
http://ifninbank.uz/hisob,1
https://infinbank.uz/2024/,0
http://tbcbank-confirm.com/account/verify,1
http://apelsin-net.kz/auth,1
https://www.hub.docker.com/robots.txt,0
http://online-oson.ru/auth,1
https://www.ipotekabank.uz/messages,0
http://ape-lsin.io/transfer,1
http://official-uzcard.net/hisob,1
http://106.107.175.229/infinbank/kirish,1
http://n-bu.co/login?next=%2Faccount,1
https://www.pochta.uz/index.html,0
http://infinbank-service.ru/karta/faollashtirish,1
http://payme-bank.org/secure/login,1
http://verify-ipotekabank.co/secure/login,1
https://twitter.com/about,0
http://uzpost-bank.kz/auth,1
https://bloomberg.com/api,0
http://aloqabank-login.net/tolov,1
http://kapitalbnak.ru/auth,1
http://agrobak.com/login?next=%2Faccount,1
http://hamkorbankk.ru/confirm,1
http://humo-service.io/login?next=%2Faccount,1
http://uzpost.site/p?redirect=true,1
https://office.com/payments,0
https://www.mf.uz/mobile,0
http://trsatbank.com/transfer,1
http://tbcbnk.io/secure/login,1
http://tbcban.io/hisob,1
http://uzumm.com/karta/faollashtirish,1
http://uzcard-bank.com/login,1
http://paynetxavfsiz.com/verify,1
http://secure-infinbank.uz/tolov,1
https://aws.amazon.com/2024/,0
https://mehnat.uz/dashboard,0
http://asakabank.cf/account/verify,1
http://osno.org/account/verify,1
https://ems.uz/settings,0
http://ipotekabnak.kz/cards/activate,1
http://os-on.com/tolov,1
http://aloqabank-pay.kz/verify,1
http://pocht-abank.uz/kirish,1
http://oson-uz.kz/login,1
http://txeagrobank.io/payment/confirm,1
https://nbu.uz/about-us,0
http://anrbank.ru/hisob,1
http://kapitalbank-card.co/hisob,1
http://texagrobank-2024.com/account/verify,1
http://a-norbank.uz:9090/login,1
http://oson-login.co/verify,1
http://177.168.31.237/nbu/login,1
http://aloqabank-online.io/login,1
http://real-kapitalbank.io/kirish,1
http://uzum-secure.co/secure/login,1
http://ipak-yulibank.org/hisob,1
http://ipakyulibank-service.io/tolov,1
https://www.cloudflare.com/download,0
https://www.interfax.uz/en,0
http://paynet-card.ru/tolov,1
https://prokuratura.uz/messages,0
http://kapitalban-k.net/cards/activate,1
https://gmail.com/register,0
http://ipakyulibank-online.uz/tolov,1
https://pharmi.uz/static/css/main.css,0
http://tbcbank-secure.org/secure/login,1
http://uzpost-2024.org/account/verify,1
https://www.pypi.org/report,0
https://www.hub.docker.com/uz,0
https://kun.uz/en/services,0
http://texagrobank-pay.ru/p?redirect=true,1
http://pochtaabnk.io/account/verify,1
http://pochtabank-login.kz/auth,1
http://ipotekabakn.net/tolov,1
http://xalqbank.buzz/login?next=%2Faccount,1
https://ijro.uz/sitemap.xml,0
https://paypal.com/app,0
http://my-humo.co/account/verify,1
http://anor-bank.io/kirish,1
https://www.forbes.com/index.html,0
http://infibnank.io/banking/login,1
http://kapitalbank-service.io/payment/confirm,1
https://stripe.com/terms,0
http://login-ipakyulibank.io/banking/login,1
http://uz-apelsin.ru/verify,1
http://uzum-net.co/payment/confirm,1
https://apelsin.uz/category/news,0
https://netflix.com/media,0
http://aloqabank-bank.kz/p?redirect=true,1
https://www.sqb.uz/products/list,0
http://114.135.45.237/trastbank/transfer,1
http://p-ayme.net/hisob,1
https://www.kapitalbank.uz/,0
https://samdu.uz/sitemap.xml,0
https://mf.uz/login,0
http://pynet.com/verify,1
http://ahmkorbank.io/transfer,1
https://nbu.uz/ru,0
http://39ecrprrfoi0hla4ax2.site/secure/login,1
https://tdiu.uz/en,0
http://best-ipakyulibank.com/auth,1
https://mehnat.uz/uploads,0
http://payme-2024.co/confirm,1
https://sqb.uz/analytics,0
http://ipakyulibank-net.io/cards/activate,1
https://theguardian.com/offers,0
http://tbcbank-login.ru/hisob,1
http://tr-astbank.com/hisob,1
http://kirish-uzum.uz/verify,1
https://reddit.com/messages,0
http://196.172.106.87/apelsin/hisob,1
https://www.uzinfocom.uz/notifications,0
https://sputniknews.uz/uz/hizmatlar,0
http://166.220.87.123:8080/xalqbank/banking/login,1
http://alqabank.uz/verify,1
https://ebay.com/api,0
https://nature.com/user/profile,0
http://ipotkeabank.org/login?next=%2Faccount,1
https://stackoverflow.com/messages,0
http://infinbank-card.org/secure/login,1
https://gmail.com/products/list,0
https://mf.uz/about,0
https://epay.uz/home,0
http://trastank.co/kirish,1
http://pyame.ru/tolov,1
http://ipakulibank.com/account/verify,1
http://secure-click.ru/verify,1
http://pay-nbu.uz/auth,1
http://official-uzcard.kz/login,1
http://26.108.206.235/agrobank/confirm,1
https://www.stripe.com/user/profile,0
http://anorbank.uz.payment-confirm.ru/payment/confirm,1
http://clic.co/hisob,1
http://tbcbank-uz.net/kirish,1
http://poctabank.co/login,1
http://paym-e.org/hisob,1
http://tbcbankverify.com/transfer,1
https://www.ems.uz/main,0
http://pochtabankk.io/login,1
http://agro-bank.kz/verify,1
http://texgarobank.net/transfer,1
http://ipotekabank-card.io/tolov,1
http://official-sqb.ru/transfer,1
http://anorabnk.org/hisob,1
http://tbcbank.top/secure/login,1
http://75.220.34.200/xalqbank/kirish,1
http://pay-infinbank.uz/cards/activate,1
http://175.107.1.47/trastbank/login?next=%2Faccount,1
http://oson-login.org/confirm,1
http://best-tbcbank.io/tolov,1
http://humoo.co/secure/login,1
http://payn-et.uz/hisob,1
http://cli-ck.io/banking/login,1
https://tma.uz/faq,0
http://anorbak.net/tolov,1
http://payme-pay.kz/karta/faollashtirish,1
https://apelsin.uz/offers,0
http://paynet.tk/login,1
https://click.uz/analytics,0
http://kapitablank.com/login?next=%2Faccount,1
http://nbu-login.uz/transfer,1
http://agro-bank.ru/cards/activate,1
https://www.mf.uz/home,0
https://mehnat.uz/analytics,0
http://uzpost-net.io/cards/activate,1
http://kapita-lbank.org/karta/faollashtirish,1
https://kapitalbank.uz@malicious006.com/login,1
http://ano-rbank.co/transfer,1
https://uzpost.uz@malicious005.com/login,1
http://infinbank-secure.kz/auth,1
http://trastban-k.io/login,1
https://facebook.com/terms,0
http://new-anorbank.com/confirm,1
http://kapitalbakn.net/confirm,1
http://teagrobank.com/transfer,1
http://aloqabakn.com/login,1
https://parlament.uz/app,0
http://naorbank.ru/payment/confirm,1
http://trastbank-secure.net/confirm,1
http://texagrobank.ga/login?next=%2Faccount,1
https://tma.uz/contact,0
http://my-humo.net/payment/confirm,1
https://mdis.uz/settings,0
http://uz-humo.uz/verify,1
http://h4mk0rb4nk.net/karta/faollashtirish,1
http://anorbank-card.ru/login?next=%2Faccount,1
http://agobank.uz/secure/login,1
http://xaqlbank.co/kirish,1
http://p4yn3t.com/cards/activate,1
http://rastbank.org/verify,1
https://kapitalbank.uz/contact,0
http://106.127.134.68:8080/ipakyulibank/login,1
http://1p4kyu11b4nk.net/secure/login,1
http://hamkorabnk.com/cards/activate,1
https://shopify.com/offers,0
http://sqb-pay.org/confirm,1
https://netflix.com/security,0
https://www.aws.amazon.com/services,0
https://ebay.com/products/list,0
http://paynet-secure.uz/kirish,1
http://best-oson.uz/secure/login,1
http://uzcard-2024.org/login?next=%2Faccount,1
https://www.spot.uz/search,0
http://apelsin-2024.io/verify,1
https://kommersant.uz/messages,0
http://secure-anorbank.uz/auth,1
http://ham-korbank.com/tolov,1
http://231.167.247.69/payme/login,1
https://trastbank.uz/support,0
https://office.com/uploads,0
https://www.tbcbank.uz/support,0
http://login-ipotekabank.io/login,1
http://ipaky-ulibank.ru/karta/faollashtirish,1
https://kubernetes.io/app,0
http://201.106.221.115/uzpost/secure/login,1
https://nbu.uz/security,0
https://reddit.com/profile,0
https://tbcbank.uz/payments,0
http://uz-nbu.net/tolov,1
https://ipotekabank.uz/profile,0
http://ipoetkabank.kz/hisob,1
http://a-sakabank.org/account/verify,1
https://oson.uz/profile,0
http://aloqabnak.net/cards/activate,1
http://my-paynet.co/cards/activate,1
https://www.cloud.google.com/news,0
http://tbcban.org/transfer,1
https://www.azure.microsoft.com/uploads,0
https://microsoft.com/,0
http://n-bu.co/cards/activate,1
http://cilck.net/confirm,1
http://kapitabank.co/transfer,1
http://best-asakabank.uz/login,1
http://anorbank-net.co/tolov,1
https://payme.uz/register,0
https://zamin.uz/robots.txt,0
https://www.sqb.uz/home,0
http://xalqb-ank.net/hisob,1
http://agrobank-login.com/login,1
http://uz-post.kz/kirish,1
https://nuu.uz/2024/,0
http://secure-trastbank.org/confirm,1
http://apelsin-net.ru/auth,1
http://exagrobank.kz/hisob,1
http://login-ipotekabank.ru/kirish,1
https://reuters.com/messages,0
https://humans.uz/privacy,0
http://official-payme.org/verify,1
http://new-click.io/confirm,1
http://oson-online.org/verify,1
http://xalq-bank.org/login?next=%2Faccount,1
http://my-uzcard.com/hisob,1
https://wikipedia.org/static/css/main.css,0
http://humo-card.org/banking/login,1
https://visa.com/settings,0
http://xalqbank-service.net/login?next=%2Faccount,1
https://stackoverflow.com/main,0
https://www.visa.com/sitemap.xml,0
http://iptoekabank.io/karta/faollashtirish,1
https://wsj.com/media,0
http://47.38.26.220/oson/cards/activate,1
http://xa-lqbank.org/login,1
https://www.wikipedia.org/history,0
http://sqb.uz.login-secure.com/cards/activate,1
http://login-uzum.kz/kirish,1
https://xalqbank.uz/uploads,0
http://1p0t3k4b4nk.kz/p?redirect=true,1
https://www.ft.com/uz,0
https://docs.python.org/user/profile,0
http://ipotekaabnk.com/hisob,1
http://iapkyulibank.uz/hisob,1
https://azure.microsoft.com/api,0
https://www.gmail.com/about,0
http://secure-asakabank.io/payment/confirm,1
http://uzcrd.co/secure/login,1
https://humo.uz/robots.txt,0
https://bloomberg.com/category/news,0
http://tbcbank-pay.net/kirish,1
https://podrobno.uz/register,0
https://pypi.org/api/v1/health,0
http://hamkorbnk.com/login?next=%2Faccount,1
http://uzpos-t.ru/karta/faollashtirish,1
http://ipakyuibank.kz/p?redirect=true,1
https://www.gmail.com/main,0
https://cloudflare.com/analytics,0
http://tbcbnak.com/hisob,1
https://stripe.com/ru,0
http://asakaban-k.ru/banking/login,1
http://click-pay.ru/login?next=%2Faccount,1
http://secure-apelsin.com/payment/confirm,1
http://aynet.ru/confirm,1
https://oson.uz/about-us,0
http://pochatbank.uz/cards/activate,1
https://agrobank.uz/2024/,0
http://texagrobank-uz.ru/auth,1
http://uzum-login.com/account/verify,1
http://agobank.ru/tolov,1
http://login-uzcard.com/p?redirect=true,1
http://texagrbank.io/account/verify,1
http://6o3wp59i1h54owo1mb.rest/kirish,1
https://mastercard.com/user/profile,0
http://apyme.ru/p?redirect=true,1
http://texarobank.io/login?next=%2Faccount,1
https://kubernetes.io/about,0
http://uzpo-st.co/account/verify,1
http://new-ipotekabank.net/p?redirect=true,1
http://pochtabank.uz@malicious007.com/kirish,1
http://ipakyuliban.net/secure/login,1
https://www.npmjs.com/uz/hizmatlar,0
https://www.trastbank.uz/profile,0
https://mdis.uz/transfer,0
http://16.143.173.31:8080/agrobank/transfer,1
https://www.nbu.uz/search,0
http://trastbank-net.org/transfer,1
https://www.infinbank.uz/settings,0
http://real-kapitalbank.uz/login?next=%2Faccount,1
http://201.189.24.78/ipotekabank/banking/login,1
https://forbes.com/download,0
http://217.238.217.4/anorbank/p?redirect=true,1
http://ipakyuliban-k.org/hisob,1
http://agrobank-2024.io/login?next=%2Faccount,1
http://trastb-ank.uz/verify,1
http://u-zpost.org/confirm,1
http://confirm-ipotekabank.uz/login?next=%2Faccount,1
http://ipotekaank.io/login,1
https://oson.uz/uz,0
https://www.customs.uz/cards,0
http://ipotekabakn.org/confirm,1
https://developer.mozilla.org/privacy,0
http://asakabank-secure.io/karta/faollashtirish,1
http://tbcbank-uz.co/kirish,1
http://p4ym3.uz/banking/login,1
http://online-tbcbank.uz/banking/login,1
https://www.xs.uz/uploads,0
http://official-hamkorbank.com:8443/login,1
https://www.ems.uz/services,0
http://uzpo-st.ru/hisob,1
https://dunyo.uz/payments,0
https://www.wordpress.com/,0
http://aloqaabnk.org/cards/activate,1
http://secure-texagrobank.kz/login,1
http://207.74.177.120:8080/trastbank/login?next=%2Faccount,1
https://ems.uz/mobile,0
http://payne.kz/cards/activate,1
https://gazeta.uz/category/news,0
http://infinban-k.ru/account/verify,1
https://www.ft.com/login,0
http://i-pakyulibank.ru/payment/confirm,1
http://pochtabank.buzz/transfer,1
http://real-hamkorbank.org/auth,1
https://tuit.uz/about,0
https://wsj.com/analytics,0
http://apelsin-net.co/auth,1
http://new-agrobank.ru/transfer,1
https://paypal.com/products/list,0
http://xalbank.io/account/verify,1
http://uzpost-online.co/karta/faollashtirish,1
http://login-uzpost.uz/login,1
https://www.xalqbank.uz/offers,0
http://loqabank.org/login?next=%2Faccount,1
https://uznet.uz/en/services,0
https://adobe.com/logout,0
http://94.94.88.202:8080/trastbank/account/verify,1
https://mytaxi.uz/uploads,0
https://office.com/main,0
http://46.168.78.251:8080/paynet/auth,1
http://aloqabankkirish.com/p?redirect=true,1
http://asakabank.uz.login-secure.com/banking/login,1
http://xaqbank.org/hisob,1
http://login.paynet.uz.malicious.top/hisob,1
https://yoshlar.uz/main,0
http://potekabank.kz/tolov,1
http://ipakyulibak.io/login,1
https://uzinfocom.uz/docs,0
https://www.qalampir.uz/main,0
http://p-ochtabank.net/account/verify,1
http://online-kapitalbank.kz/account/verify,1
https://customs.uz/about-us,0
http://uzcard-uz.verify-account.net/verify,1
http://trastbank-net.net/secure/login,1
http://login-pochtabank.io/account/verify,1
https://www.ipakyulibank.uz/logout,0
http://paymetasdiqlash.com/p?redirect=true,1
http://kapitalbank-service.kz/transfer,1
http://paynt.uz/cards/activate,1
http://best-texagrobank.ru/confirm,1
https://mastercard.com/en,0
http://77.69.247.245:8080/humo/banking/login,1
http://kapitalbank-service.org/banking/login,1
http://al-oqabank.io/secure/login,1
https://outlook.com/2024/,0
https://www.nature.com/static/css/main.css,0
http://argobank.uz/p?redirect=true,1
https://uzcard.uz/en,0
http://texgarobank.org/tolov,1
http://anor-bank.uz/secure/login,1
http://hamkorabnk.ru/confirm,1
http://uzcardd.io/account/verify,1
https://infinbank.uz/en,0
http://xalqabnk.kz/confirm,1
https://developer.mozilla.org/blog,0
https://pochta.uz/app,0
https://www.dropbox.com/category/news,0
https://www.zoom.us/main,0
http://160.134.184.137/anorbank/account/verify,1
http://tbcbank-secure.net/secure/login,1
https://ipotekabank.uz/cards,0
https://www.tuit.uz/index.html,0
http://tbcbank-uz.kz/auth,1
http://156.112.107.13:8080/asakabank/banking/login,1
http://95.103.232.139:8080/anorbank/kirish,1
https://bing.com/search,0
https://nbu.uz/offers,0
https://qalampir.uz/uploads,0
http://paynetverify.com/login?next=%2Faccount,1
http://apelsin-login.uz/transfer,1
https://yoshlar.uz/uz,0
http://sqb-bank.io/cards/activate,1
http://nifinbank.co/login,1
https://sputniknews.uz/payments,0
http://paymee.ru/verify,1
http://payent.uz/hisob,1
http://kapialbank.org/p?redirect=true,1
http://135.191.20.12/xalqbank/login,1
https://uzb.uz/cards,0
http://verify-payme.net/transfer,1
https://www.yoshlar.uz/static/css/main.css,0
https://www.developer.mozilla.org/docs,0
http://trastbnk.ru/auth,1
http://infibank.co/hisob,1
http://kapialbank.io/secure/login,1
https://kun.uz/settings,0
http://trastbank-pay.co/secure/login,1
http://agroban-k.io/kirish,1
http://hmkorbank.io/banking/login,1
http://ap-elsin.kz/confirm,1
https://dunyo.uz/,0
https://nbu.uz/login,0
https://tbcbank.uz/user/profile,0
http://asakaba-nk.co/login?next=%2Faccount,1
https://www.nbu.uz/cards,0
https://bing.com/robots.txt,0
https://soliq.uz/docs,0
http://aloqaban.com/login,1
http://paym-e.net/banking/login,1
http://226.17.158.213/kapitalbank/confirm,1
http://u-zcard.org/login,1
http://uzpos-t.co/cards/activate,1
http://92.192.24.211/sqb/confirm,1
https://reuters.com/dashboard,0
http://real-ipotekabank.co/confirm,1
https://aws.amazon.com/profile,0
http://uzcrad.net/login?next=%2Faccount,1
http://inf-inbank.com/account/verify,1
http://hum-o.ru/login?next=%2Faccount,1
http://paynetlogin.com/karta/faollashtirish,1
http://oson-login.uz/hisob,1
http://trasbtank.net/transfer,1
https://ems.uz/contact,0
https://www.infinbank.uz/contact,0
https://bing.com/wiki,0
http://paelsin.uz/secure/login,1
http://infinban-k.org/verify,1
https://sog-liqni-saqlash.uz/banking,0
https://xb.uz/about-us,0
https://microsoft.com/uz/hizmatlar,0
https://www.paynet.uz/category/services,0
http://168.54.13.28:8080/click/karta/faollashtirish,1
http://sqb.gq/karta/faollashtirish,1
http://tbcb-ank.com/payment/confirm,1
https://aws.amazon.com/products,0
http://hamkorb-ank.io/p?redirect=true,1
http://hmkorbank.net/account/verify,1
http://ipotekabnk.uz/tolov,1
https://nbu.uz/api/v1/health,0
http://xalqban.com/hisob,1
http://w5ls1106p34z.rest/login,1
https://cnn.com/services,0
https://www.zamin.uz/download,0
http://bnu.com/transfer,1
https://anorbank.uz/category/services,0
http://bv3zjtcg7g2m.online/confirm,1
http://upost.net/account/verify,1
http://texagrobank-uz.org/confirm,1
http://97.63.83.245:8080/pochtabank/confirm,1
https://epay.uz/search,0
https://www.oson.uz/uz/hizmatlar,0
http://ipakyulibank-net.kz/tolov,1
http://anorbank.uz@malicious011.com/kirish,1
https://uznet.uz/support,0
http://aloqabank-online.co/secure/login,1
https://mastercard.com/api/v1/health,0
http://online-ipakyulibank.ru/login?next=%2Faccount,1
https://yahoo.com/products/list,0
https://www.hamkorbank.uz/mobile,0
http://asakabnk.org/transfer,1
http://uz-hamkorbank.co/auth,1
https://sqb.uz/terms,0
https://ipotekabank.uz/uz/hizmatlar,0
http://payme-2024.org/kirish,1
http://pochtabank-2024.com/hisob,1
http://official-uzcard.uz/verify,1
http://ejnef0ydrrdn2.rest/banking/login,1
https://shopify.com/banking,0
http://149.222.166.32/pochtabank/login,1
http://agrobak.io/transfer,1
http://aaskabank.ru/verify,1
http://tratbank.io/verify,1
https://www.pharmi.uz/mobile,0
http://hum-o.com/login,1
https://payme.uz/api,0
https://dropbox.com/category/services,0
http://151.182.200.99:8080/hamkorbank/confirm,1
http://etxagrobank.io/hisob,1
https://my.gov.uz/history,0
https://prokuratura.uz/login,0
http://hmuo.net/secure/login,1
https://sqb.uz/about,0
http://secure-nbu.org/account/verify,1
http://online-xalqbank.org/verify,1
http://laoqabank.org/p?redirect=true,1
http://uz-um.co/confirm,1
http://uzp05t.uz/login?next=%2Faccount,1
https://outlook.com/user/profile,0
http://uzum-bank.uz/login,1
https://humans.uz/wiki,0
https://uzb.uz/security,0
http://best-pochtabank.org/cards/activate,1
https://hub.docker.com/history,0
https://www.tsue.uz/messages,0
https://samdu.uz/home,0
https://tuit.uz/blog,0
http://infinbank-pay.uz/cards/activate,1
http://uzpot.net/cards/activate,1
http://apelsin-online.net/banking/login,1
https://bibim.uz/contact,0
https://forbes.com/home,0
http://asa-kabank.io/karta/faollashtirish,1
http://humo.uz@malicious002.com/kirish,1
http://login-anorbank.kz/account/verify,1
https://kommersant.uz/offers,0
http://uhmo.io/confirm,1
http://ipkayulibank.io/account/verify,1
http://anorbnk.org/secure/login,1
https://bibim.uz/help,0
http://41.172.67.221:8080/agrobank/payment/confirm,1
https://hamkorbank.uz/,0
https://uza.uz/docs,0
http://206.6.72.103:8080/uzum/login?next=%2Faccount,1
http://oson-bank.io/karta/faollashtirish,1
http://18.123.95.19:8080/ipotekabank/confirm,1
http://alqoabank.uz/login?next=%2Faccount,1
http://trstbank.net/banking/login,1
http://uz-humo.co/login?next=%2Faccount,1
https://gmail.com/about,0
http://alqabank.com/karta/faollashtirish,1
http://humo-net.kz/login?next=%2Faccount,1
http://uzcadr.uz/login?next=%2Faccount,1
http://pamye.org/p?redirect=true,1
http://agrobank-login.org/kirish,1
https://mdis.uz/terms,0
http://uzcard.buzz/secure/login,1
https://www.uzinfocom.uz/uz/hizmatlar,0
https://pypi.org/history,0
http://paynet-bank.org/login?next=%2Faccount,1
http://osno.com/confirm,1
https://nbu.uz/category/news,0
https://tdiu.uz/offers,0
http://kapitabank.kz/secure/login,1
http://106.174.215.101:8080/agrobank/transfer,1
http://official-ipotekabank.org/login?next=%2Faccount,1
https://ipotekabank.uz@malicious002.com/login,1
http://ipakyulibank.uz@malicious012.com/kirish,1
http://anorbank-service.ru/payment/confirm,1
http://login-pochtabank.uz/auth,1
http://uzpos.co/karta/faollashtirish,1
http://uzpostt.com/secure/login,1
https://payme.uz/search,0
https://zamin.uz/messages,0
https://president.uz/2024/,0
https://agrobank.uz@malicious001.com/login,1
http://ano-rbank.uz/login,1
http://ipakylibank.io/payment/confirm,1
http://kapitalbank.xyz/login?next=%2Faccount,1
https://uzcard.uz@malicious000.com/login,1
http://uzumm.co/banking/login,1
http://121.96.160.204:8080/click/cards/activate,1
http://asakabank-online.uz/banking/login,1
http://official-infinbank.org/karta/faollashtirish,1
http://s-qb.org/verify,1
https://www.mehnat.uz/api/v1/health,0
https://www.texagrobank.uz/sitemap.xml,0
http://online-ipotekabank.io/transfer,1
http://texagrobank-pay.uz/hisob,1
http://uzum-uz.com/login?next=%2Faccount,1
http://uzum-service.ru/transfer,1
https://texagrobank.uz@malicious014.com/login,1
http://anorbak.kz/account/verify,1
https://economist.com/cards,0
https://outlook.com/sitemap.xml,0
http://uzpost-login.net/auth,1
http://naorbank.io/p?redirect=true,1
https://nbu.uz@malicious008.com/login,1
https://docs.python.org/messages,0
https://tbcbank.uz/report,0
https://www.wix.com/cards,0
https://www.xalqbank.uz/faq,0
http://official-oson.uz/login,1
http://uzc4rd.io/login?next=%2Faccount,1
http://nb-u.com/account/verify,1
http://askaabank.net/account/verify,1
http://secure-paynet.uz/kirish,1
https://pypi.org/uploads,0
http://official-trastbank.uz/payment/confirm,1
http://i-nfinbank.com/karta/faollashtirish,1
http://uzum-card.org/hisob,1
http://uzcad.io/secure/login,1
https://forbes.com/login,0
http://upost.uz/confirm,1
http://official-aloqabank.kz/verify,1
https://twitter.com/docs,0
http://login-texagrobank.io/transfer,1
https://hamkorbank.uz/transfer,0
https://nature.com/settings,0
http://inifnbank.uz/login,1
https://visa.com/search,0
https://bloomberg.com/index.html,0
http://106.234.254.168/oson/auth,1
https://pochta.uz/wiki,0
http://texagrobakn.uz/banking/login,1
http://hamkorban-k.ru/login?next=%2Faccount,1
http://hisob-payme.uz/payment/confirm,1
http://secure-trastbank.org/secure/login,1
https://uzcard.uz/cards,0
http://online-uzcard.io/tolov,1
https://tma.uz/category/news,0
https://kapitalbank.uz/home,0
http://huo.uz/login,1
http://grobank.org/auth,1
https://interfax.uz/ru,0
http://poctabank.org/kirish,1
https://netflix.com/mobile,0
https://www.interfax.uz/faq,0
http://ipotekabank-pay.io/login,1
http://oson-pay.ru/p?redirect=true,1
http://tbcbank-login.co/payment/confirm,1
http://212.189.149.5:8080/apelsin/secure/login,1
https://trastbank.uz/category/news,0
http://verify-uzpost.net/banking/login,1
http://verify-trastbank.co/login,1
http://ipotekabank-card.net/secure/login,1
https://bbc.com/register,0
http://pchtabank.co/tolov,1
http://online-uzcard.ru/banking/login,1
https://www.ems.uz/blog,0
https://www.gmail.com/category/news,0
https://cnn.com/en/services,0
http://aaskabank.io/karta/faollashtirish,1
https://tdiu.uz/report,0
https://google.com/transfer,0
http://ip-otekabank.co/auth,1
https://www.ipakyulibank.uz/mobile,0
http://194.104.205.34/payme/secure/login,1
https://www.pochta.uz/2024/,0
https://reuters.com/main,0
http://uzcar-d.net/secure/login,1
https://sqb.uz@malicious004.com/login,1
http://xalqban-k.net/hisob,1
http://kapitalbnak.net/secure/login,1
https://www.visa.com/settings,0
https://www.kapitalbank.uz/offers,0
https://wordpress.com/offers,0
https://github.com/services,0
http://aloqabankk.co/cards/activate,1
http://1p0t3k4b4nk.co/login,1
https://humo.uz/api/v1/health,0
http://s-qb.io/,1
http://hamkorbank-2024.io/transfer,1
http://8.205.90.95:8080/click/secure/login,1
https://asakabank.uz/banking,0
https://www.uzb.uz/notifications,0
http://uzcard-pay.com/tolov,1
http://texagorbank.uz/login?next=%2Faccount,1
http://uxxseei17x9sgt5nza.site/tolov,1
http://infinbnak.uz/cards/activate,1
https://reuters.com/ru,0
https://paypal.com/settings,0
http://uzcard-uz.io/banking/login,1
http://infnbank.uz/transfer,1
https://www.pharmi.uz/about-us,0
http://nbu-online.io/confirm,1
http://texagrbank.org/hisob,1
https://yandex.uz/offers,0
http://anorban.uz/auth,1
http://sqb.online/kirish,1
http://humo-secure.ru/payment/confirm,1
http://infnbank.kz/hisob,1
http://trastank.net/payment/confirm,1
http://sqbconfirm.com/cards/activate,1
https://wix.com/media,0
http://real-trastbank.uz/banking/login,1
https://zoom.us/messages,0
http://hisob-trastbank.uz/confirm,1
http://asakabank-net.net/karta/faollashtirish,1
http://infnibank.uz/banking/login,1
http://texagrobank-secure.ru/cards/activate,1
https://outlook.com/register,0
http://asakaban.net/karta/faollashtirish,1
https://www.cloud.google.com/security,0
http://grobank.ru/p?redirect=true,1
https://stripe.com/ru/about,0
http://my-trastbank.io/tolov,1
https://www.sog-liqni-saqlash.uz/download,0
http://74.163.137.91:8080/kapitalbank/transfer,1
http://verify-trastbank.com/verify,1
http://xalqbank-login.com/tolov,1
http://43.48.254.42:8080/anorbank/payment/confirm,1
http://clcik.io/banking/login,1
https://ebay.com/ru/about,0
http://nbu-uz.uz/karta/faollashtirish,1
http://8f2u9mpg40tmgqpe8pq.gq/login,1
https://slack.com/static/css/main.css,0
http://ipotekabank-card.kz/karta/faollashtirish,1
http://apelsin-2024.io/auth,1
https://agrobank.uz/report,0
http://texagroank.uz/verify,1
http://uzpos-t.kz/tolov,1
https://kun.uz/about-us,0
http://ipakyuilbank.kz/auth,1
http://uzum-uz.kz/payment/confirm,1
http://ipotekabank-pay.co/kirish,1
http://login-click.io/secure/login,1
https://humans.uz/uz/hizmatlar,0
http://best-aloqabank.org:3000/login,1
http://4n0rb4nk.com/secure/login,1
https://xalqbank.uz/banking,0
https://google.com/category/services,0
https://www.click.uz/services,0
https://uzum.uz/contact,0
http://235.62.107.1/agrobank/karta/faollashtirish,1
http://grobank.org/cards/activate,1
http://best-humo.co/kirish,1
https://yoshlar.uz/support,0
http://real-nbu.ru/payment/confirm,1
http://ipotkeabank.com/secure/login,1
http://verify-hamkorbank.com/login,1
http://pochtabank-uz.kz/tolov,1
http://tex-agrobank.ru/banking/login,1
https://prokuratura.uz/uz,0
http://aloqabank-online.uz/tolov,1
http://89.222.7.133/texagrobank/login,1
http://verify-texagrobank.ru/secure/login,1
http://exagrobank.com/verify,1
https://parlament.uz/search,0
http://secure-tbcbank.uz/payment/confirm,1
https://payme.uz/download,0
https://www.kapitalbank.uz/api/v1/health,0
https://docs.python.org/home,0
https://payme.uz/history,0
https://www.docs.python.org/uploads,0
http://real-pochtabank.kz/login,1
https://pochta.uz/index.html,0
http://aloqaank.kz/login,1
http://online-oson.net/secure/login,1
http://asakabakn.uz/login,1
https://www.yahoo.com/products/list,0
http://texagroabnk.com/p?redirect=true,1
http://tbcban.net/cards/activate,1
http://aloqbaank.co/verify,1
http://ipakyulibank-uz.org/verify,1
http://1nf1nb4nk.net/hisob,1
http://ahmkorbank.ru/auth,1
http://119.216.100.38/sqb/auth,1
http://asaakbank.kz/login?next=%2Faccount,1
http://tcbank.io/login,1
http://21.112.144.253/uzpost/kirish,1
http://aloqabank-pay.uz/transfer,1
https://humans.uz/mobile,0
https://sputniknews.uz/main,0
https://www.spot.uz/analytics,0
http://arobank.ru/auth,1
https://www.reuters.com/app,0
http://real-hamkorbank.co/confirm,1
http://login-ipotekabank.org/kirish,1
http://asakaba-nk.org/verify,1
https://www.my.gov.uz/offers,0
https://amazon.com/offers,0
https://www.reddit.com/about,0
http://24.85.41.254:8080/hamkorbank/kirish,1
https://daryo.uz/logout,0
https://www.cloud.google.com/mobile,0
https://economist.com/wiki,0
https://mf.uz/,0
http://real-click.kz/secure/login,1
http://pa-yme.kz/account/verify,1
http://trast-bank.ru/account/verify,1
http://qsb.com/kirish,1
https://www.trastbank.uz/logout,0
http://86.170.233.158:8080/apelsin/auth,1
https://www.tuit.uz/sitemap.xml,0
https://zamin.uz/category/services,0
https://azure.microsoft.com/banking,0
https://www.mdis.uz/about-us,0
http://asakabank.top/auth,1
http://k-apitalbank.co/banking/login,1
http://u-zpost.co/login?next=%2Faccount,1
https://microsoft.com/settings,0
http://official-nbu.com/auth,1
https://edu.uz/cards,0
https://tuit.uz/robots.txt,0
http://076d4p662xqf.ml/tolov,1
http://nbu-pay.com/secure/login,1
https://outlook.com/analytics,0
https://www.microsoft.com/transfer,0
http://click-card.com/auth,1
https://ebay.com/login,0
https://ijro.uz/static/css/main.css,0
http://texagrobank-net.io/auth,1
http://verify-click.io/account/verify,1
https://stripe.com/blog,0
http://online-uzpost.com/kirish,1
http://aakabank.net/login?next=%2Faccount,1
http://new-tbcbank.io/login,1
http://oson-service.com/login?next=%2Faccount,1
https://nytimes.com/media,0
https://www.apple.com/api,0
http://hisob-anorbank.uz/payment/confirm,1
https://www.visa.com/security,0
https://mehnat.uz/blog,0
https://tbcbank.uz/faq,0
http://online-pochtabank.net/tolov,1
http://new-xalqbank.uz/transfer,1
http://texagrboank.co/p?redirect=true,1
https://www.dropbox.com/privacy,0
https://tsue.uz/products,0
https://agrobank.uz/cards,0
http://official-payme.io/kirish,1
http://131.184.173.186:8080/aloqabank/cards/activate,1
http://asakabank-online.co/payment/confirm,1
http://hamkorbank-uz.org/account/verify,1
https://tbcbank.uz/about-us,0
http://paynet-bank.io/auth,1
http://agrobank-secure.kz/login,1
https://www.paynet.uz/cards,0
https://www.zoom.us/notifications,0
http://trastbank-bank.ru/p?redirect=true,1
http://kapitalb-ank.com/transfer,1
http://real-agrobank.ru/login?next=%2Faccount,1
http://login-hamkorbank.uz/login?next=%2Faccount,1
http://online-uzum.net/login?next=%2Faccount,1
http://u-zum.co/auth,1
http://in-finbank.io/account/verify,1
http://pochtabank-uz.kz/payment/confirm,1
https://www.pypi.org/en/services,0
http://tbcb4nk.uz/hisob,1
http://real-nbu.uz/banking/login,1
https://cnn.com/register,0
http://150.218.86.27:8080/kapitalbank/account/verify,1
http://uzum-login.kz/account/verify,1
http://trastbank-secure.kz/hisob,1
http://os-on.co/karta/faollashtirish,1
https://www.trastbank.uz/category/news,0
http://texagrobank-bank.com/account/verify,1
https://gmail.com/offers,0
http://uz-asakabank.org/karta/faollashtirish,1
http://secure-ipakyulibank.kz/verify,1
http://kapitalank.com/payment/confirm,1
http://pochta-bank.com/tolov,1
http://real-oson.ru/login,1
http://official-sqb.ru/auth,1
http://uz-ipotekabank.co/p?redirect=true,1
https://kubernetes.io/category/news,0
http://sqbb.co/hisob,1
https://www.gmail.com/static/css/main.css,0
http://54.150.213.214:8080/uzum/payment/confirm,1
http://ipakyuilbank.org/login?next=%2Faccount,1
https://wsj.com/api,0
http://agrobank-secure.io/banking/login,1
https://www.cloudflare.com/report,0
https://amazon.com/en,0
https://nytimes.com/report,0
http://uzum-online.ru/secure/login,1
http://ipotekabank-pay.net/tolov,1
http://apelsin-pay.org/confirm,1
http://tasdiqlash-humo.uz/secure/login,1
https://www.hub.docker.com/about-us,0
http://ucard.io/banking/login,1
http://xavfsiz-apelsin.uz/karta/faollashtirish,1
https://www.sqb.uz/register,0
https://azure.microsoft.com/profile,0
http://nbu-secure.net/banking/login,1
http://panyet.io/verify,1
https://www.sputniknews.uz/news,0
http://click-2024.ru:3000/login,1
http://uz-humo.co/hisob,1
http://tbcban-k.ru/kirish,1
https://nytimes.com/analytics,0
http://103.158.6.170:8080/trastbank/hisob,1
http://real-ipotekabank.org/hisob,1
https://bing.com/category/news,0
http://pochtabnak.ru/account/verify,1
https://www.adobe.com/media,0
https://www.podrobno.uz/services,0
http://click-pay.org/hisob,1
https://reuters.com/uz/hizmatlar,0
http://click-pay.uz/secure/login,1
http://clck.co/auth,1
http://asakabank-net.net/account/verify,1
https://parlament.uz/news,0
https://pharmi.uz/register,0
http://oso.io/confirm,1
https://www.tuit.uz/login,0
http://aloqaabnk.uz/confirm,1
http://trsatbank.io/login?next=%2Faccount,1
http://hamkorba-nk.com/confirm,1
http://payme-pay.kz/account/verify,1
https://apple.com/dashboard,0
https://dropbox.com/ru/about,0
http://laoqabank.net/banking/login,1
https://hub.docker.com/notifications,0
http://8qvjqs4cptr5e7bcqqo.click/kirish,1
https://qalampir.uz/logout,0
http://online-hamkorbank.ru/kirish,1
http://182.116.222.117:8080/uzcard/account/verify,1
http://aplsin.net/cards/activate,1
http://hamkorb-ank.kz/p?redirect=true,1
https://linkedin.com/uz,0
http://texarobank.kz/transfer,1
http://trastbak.ru/karta/faollashtirish,1
http://official-ipakyulibank.io/p?redirect=true,1
http://i-potekabank.uz/login,1
http://infibnank.uz/payment/confirm,1
http://hamkorbak.com/transfer,1
https://science.org/login,0
https://yandex.uz/category/news,0
https://pochta.uz/mobile,0
https://science.org/contact,0
http://official-pochtabank.kz/confirm,1
http://real-anorbank.com/cards/activate,1
http://203.176.12.239/ipotekabank/tolov,1
http://secure-click.uz/tolov,1
https://www.parlament.uz/search,0
https://youtube.com/category/news,0
http://uzum-pay.com/payment/confirm,1
http://kapitablank.kz/hisob,1
https://azure.microsoft.com/payments,0
http://a-pelsin.org/tolov,1
http://rxdnopibbjyxr1qnjn.cf/transfer,1
http://trastabnk.kz/tolov,1
http://aloqabak.co/payment/confirm,1
http://click-2024.uz:8443/login,1
http://tbcbank.xyz/verify,1
https://sog-liqni-saqlash.uz/blog,0
https://www.bing.com/support,0
http://ifninbank.kz/login?next=%2Faccount,1
https://science.org/faq,0
http://xalqabnk.io/karta/faollashtirish,1
https://www.azure.microsoft.com/ru,0
http://trastbank-secure.co/secure/login,1
http://click-net.net/kirish,1
http://243.203.106.37:8080/humo/account/verify,1
https://hamkorbank.uz/ru/about,0
http://anobank.org/auth,1
http://ipakyuliba-nk.kz/karta/faollashtirish,1
https://kun.uz/register,0
http://xlaqbank.ru/karta/faollashtirish,1
http://202.193.5.79:8080/oson/payment/confirm,1
http://5qb.com/account/verify,1
http://pa-yme.co/auth,1
https://bbc.com/about-us,0
https://www.office.com/terms,0
http://official-hamkorbank.net:8443/login,1
http://my-payme.kz/auth,1
https://epay.uz/user/profile,0
https://interfax.uz/profile,0
http://apelsin-service.io/login,1
http://anorba-nk.kz/kirish,1
https://www.apple.com/login,0
http://click-bank.co/karta/faollashtirish,1
http://texagroabnk.com/kirish,1
https://stat.uz/offers,0
https://texagrobank.uz/logout,0
http://my-uzpost.kz/karta/faollashtirish,1
http://uzcard.rest/login,1
http://rtastbank.ru/transfer,1
https://hub.docker.com/media,0
http://oson-pay.org:3000/login,1
http://hamkorbakn.io/banking/login,1
http://login-trastbank.kz/karta/faollashtirish,1
https://www.paypal.com/mobile,0
https://www.kubernetes.io/ru,0
http://131.176.159.10/uzpost/auth,1
http://agrobank-uz.kz/karta/faollashtirish,1
http://trastbankxavfsiz.com/account/verify,1
http://xalqbankconfirm.com/login?next=%2Faccount,1
https://podrobno.uz/faq,0
https://tdiu.uz/about,0
http://aloqabank-bank.uz/transfer,1
http://verify-apelsin.net/transfer,1
http://hamkorbank-online.com/account/verify,1
http://kapitalbank-service.uz/payment/confirm,1
https://xalqbank.uz/security,0
http://tbcbakn.co/tolov,1
http://click-net.ru/cards/activate,1
https://sog-liqni-saqlash.uz/terms,0
http://uzcad.ru/verify,1
http://real-infinbank.net/account/verify,1
https://www.stripe.com/about,0
http://pochtabank-2024.org/cards/activate,1
https://oson.uz/register,0
https://www.bibim.uz/uploads,0
https://soliq.uz/api,0
http://237.164.156.227:8080/hamkorbank/karta/faollashtirish,1
https://www.license.uz/messages,0
http://verify-tbcbank.net/banking/login,1
http://sqb-net.ru/banking/login,1
http://pochtabank.rest/banking/login,1
http://ipotekabank-card.net/banking/login,1
http://my-asakabank.ru/login,1
http://paynet-bank.net/verify,1
http://payne.co/login?next=%2Faccount,1
https://www.gazeta.uz/app,0
http://new-pochtabank.net/kirish,1
http://88.190.133.191:8080/agrobank/auth,1
http://secure-tbcbank.org/login,1
http://teagrobank.io/cards/activate,1
http://agro-bank.co/login?next=%2Faccount,1
http://in-finbank.ru/payment/confirm,1
http://241.179.60.4:8080/uzpost/kirish,1
https://paypal.com/banking,0
http://201.106.221.115:8080/uzpost/secure/login,1
https://www.stripe.com/transfer,0
http://asaakbank.io/payment/confirm,1
http://login-payme.uz/karta/faollashtirish,1
http://pamye.io/tolov,1
http://uzcard-service.io/confirm,1
https://xs.uz/messages,0
http://agrobank-secure.co/cards/activate,1
http://ipotekabank-bank.io/p?redirect=true,1
http://uz-kapitalbank.net/account/verify,1
http://new-nbu.io/p?redirect=true,1
http://uzc-ard.co/banking/login,1
https://court.uz/logout,0
http://upzost.io/verify,1
https://cloudflare.com/app,0
http://sqb-pay.net/kirish,1
https://sog-liqni-saqlash.uz/,0
http://pohtabank.kz/secure/login,1
http://s-qb.ru/secure/login,1
http://ipakyuliabnk.com/banking/login,1
https://bloomberg.com/history,0
https://zoom.us/user/profile,0
http://kapialbank.co/login,1
http://texagrboank.org/hisob,1
http://ipotekabanksecure.com/auth,1
http://uzpo-st.com/verify,1
https://www.interfax.uz/api/v1/health,0
http://teagrobank.kz/login,1
http://o-son.io/account/verify,1
http://paynethisob.com/auth,1
http://my-nbu.uz/login?next=%2Faccount,1
https://tdiu.uz/about-us,0
https://sputniknews.uz/transfer,0
http://158.147.15.182:8080/agrobank/p?redirect=true,1
http://ipakyulibank-bank.kz/p?redirect=true,1
https://www.shopify.com/media,0
http://xalqbnk.co/confirm,1
http://texagrobnk.io/payment/confirm,1
https://dropbox.com/main,0
http://aloqabank-pay.co/tolov,1
http://pakyulibank.ru/karta/faollashtirish,1
https://ebay.com/api/v1/health,0
http://ipakyulibank.top/verify,1
http://113.108.210.151/trastbank/kirish,1
https://stripe.com/api/v1/health,0
https://stackoverflow.com/notifications,0
http://real-texagrobank.net/payment/confirm,1
https://texagrobank.uz/about-us,0
http://my-payme.org/account/verify,1
https://uzinfocom.uz/about,0
http://rastbank.net/hisob,1
https://bibim.uz/notifications,0
http://online-ipakyulibank.co/hisob,1
https://kapitalbank.uz/api/v1/health,0
http://official-infinbank.kz/transfer,1
http://texagorbank.org/verify,1
http://verify-paynet.uz/account/verify,1
http://agrobnak.org/confirm,1
http://9nx50r3ininroa2naa.site/banking/login,1
http://199.231.218.163:8080/tbcbank/cards/activate,1
http://official-texagrobank.ru/confirm,1
http://oson-online.kz/cards/activate,1
http://official-texagrobank.co/transfer,1
http://online-nbu.org/kirish,1
https://www.slack.com/sitemap.xml,0
http://agrobank-pay.co/account/verify,1
https://www.paypal.com/uploads,0
http://245.50.19.29/agrobank/banking/login,1
https://www.trastbank.uz/sitemap.xml,0
http://login-texagrobank.net/confirm,1
http://secure-uzum.org/cards/activate,1
http://t-bcbank.org/auth,1
http://tratbank.com/p?redirect=true,1
https://www.wsj.com/index.html,0
https://www.wsj.com/notifications,0
http://135.191.20.12:8080/xalqbank/login,1
http://login-pochtabank.net/tolov,1
http://134.163.2.31/uzum/transfer,1
https://pochtabank.uz/ru/about,0
http://official-anorbank.com/tolov,1
http://login.anorbank.uz.malicious.top/karta/faollashtirish,1
http://real-hamkorbank.net/kirish,1
http://trstbank.org/tolov,1
https://www.outlook.com/uz/hizmatlar,0
http://texgarobank.co/tolov,1
http://humoo.uz/secure/login,1
http://trastban.org/login?next=%2Faccount,1
http://166.32.69.101:8080/agrobank/login,1
http://agrobank-online.com/confirm,1
http://verify-anorbank.uz/payment/confirm,1
https://bibim.uz/offers,0
https://kun.uz/index.html,0
http://tbcb4nk.com/p?redirect=true,1
https://cnn.com/about,0
https://www.sqb.uz/logout,0
http://ayme.net/verify,1
http://oson.cf/verify,1
https://yahoo.com/static/css/main.css,0
http://xalqabnk.uz/kirish,1
http://anorba-nk.co/karta/faollashtirish,1
http://oson-uz.verify-account.net/hisob,1
https://tdiu.uz/logout,0
http://173.104.125.155:8080/paynet/confirm,1
https://www.outlook.com/mobile,0
https://uzb.uz/docs,0
https://www.interfax.uz/history,0
http://135.98.86.70/aloqabank/hisob,1
https://parlament.uz/wiki,0
http://112.157.229.211:8080/tbcbank/login,1
https://www.customs.uz/messages,0
http://paelsin.co/tolov,1
https://samdu.uz/uz/hizmatlar,0
https://aws.amazon.com/login,0
https://wordpress.com/api,0
https://youtube.com/security,0
https://www.soliq.uz/docs,0
http://new-kapitalbank.uz/account/verify,1
https://www.humans.uz/register,0
https://outlook.com/settings,0
http://aloqbaank.io/p?redirect=true,1
http://ipakyuliabnk.co/p?redirect=true,1
http://paynet-uz.co/verify,1
http://u-zum.com/karta/faollashtirish,1
http://aloqaba-nk.kz/payment/confirm,1
http://aloqabank-pay.kz/karta/faollashtirish,1
http://agrobank.ml/kirish,1
http://texarobank.co/verify,1
http://tbcba-nk.com/auth,1
https://www.kommersant.uz/mobile,0
http://asa-kabank.uz/p?redirect=true,1
https://amazon.com/ru/about,0
http://oson-bank.org/p?redirect=true,1
http://aloqaank.uz/hisob,1
https://yahoo.com/support,0
http://apelsi.io/auth,1
http://aorbank.co/auth,1
http://oso.uz/hisob,1
https://hamkorbank.uz/home,0
https://adobe.com/transfer,0
http://56.131.85.166/asakabank/account/verify,1
http://clic.uz/kirish,1
https://www.reuters.com/privacy,0
http://h-umo.uz/verify,1
http://real-ipotekabank.kz/payment/confirm,1
https://www.slack.com/settings,0
http://159.140.235.218:8080/agrobank/banking/login,1
http://xa-lqbank.com/banking/login,1
http://53.73.184.176/trastbank/payment/confirm,1
http://inf-inbank.ru/karta/faollashtirish,1
http://xalqbank-card.io/karta/faollashtirish,1
http://ipotekabank-pay.io/banking/login,1
http://in-finbank.com/p?redirect=true,1
https://reuters.com/report,0
http://new-asakabank.com/verify,1
https://samdu.uz/user/profile,0
http://133.98.48.94:8080/pochtabank/p?redirect=true,1
http://real-uzcard.com/auth,1
https://www.agrobank.uz/privacy,0
https://dunyo.uz/uz,0
http://apelsin-card.ru/kirish,1
http://uzp-ost.org/auth,1
https://nytimes.com/main,0
https://nature.com/uploads,0
http://182.229.224.113/tbcbank/auth,1
http://texagroabnk.ru/tolov,1
http://infnibank.com/cards/activate,1
https://ipakyulibank.uz/docs,0
http://uz-uzcard.net/kirish,1
http://nbu-login.org/cards/activate,1
http://pochtabank.info/transfer,1
http://garobank.org/cards/activate,1
http://zucard.io/banking/login,1
https://zoom.us/uploads,0
http://nbu-confirm.com/secure/login,1
https://www.president.uz/security,0
https://tbcbank.uz/register,0
http://my-texagrobank.io/transfer,1
http://x41qb4nk.net/tolov,1
https://payme.uz@malicious008.com/login,1
https://uzum.uz/analytics,0
http://xalqbakn.com/karta/faollashtirish,1
http://zuum.kz/auth,1
http://hamkobank.co/auth,1
http://my-uzcard.kz/banking/login,1
http://anorbank-secure.io/hisob,1
https://apelsin.uz/terms,0
http://texagrobank.cf/login?next=%2Faccount,1
https://reuters.com/about-us,0
http://pochtabank-service.org/p?redirect=true,1
http://humoconfirm.com/kirish,1
http://xalqbak.io/login,1
https://www.instagram.com/payments,0
https://paynet.uz/robots.txt,0
https://netflix.com/uz/hizmatlar,0
http://real-uzcard.io/cards/activate,1
https://hub.docker.com/2024/,0
http://new-apelsin.com/kirish,1
http://ipotekabnak.uz/banking/login,1
https://kubernetes.io/privacy,0
https://asakabank.uz/profile,0
http://payne-t.org/payment/confirm,1
https://nature.com/mobile,0
https://www.kapitalbank.uz/terms,0
http://uzpostt.com/login,1
http://p-aynet.net/login?next=%2Faccount,1
http://uzpot.com/confirm,1
http://p-aynet.io/login?next=%2Faccount,1
http://login.secure.account3.xalqbank.uz.phish.com/auth,1
https://ipotekabank.uz@malicious010.com/login,1
http://uzcadr.org/payment/confirm,1
http://akpitalbank.uz/login?next=%2Faccount,1
http://naorbank.ru/karta/faollashtirish,1
http://online-sqb.co/auth,1
http://197.127.115.241/texagrobank/verify,1
http://humo-bank.org/tolov,1
http://i-nfinbank.co/cards/activate,1
https://www.mf.uz/offers,0
http://anrbank.io/p?redirect=true,1
https://www.anorbank.uz/category/news,0
http://official-uzum.org/login?next=%2Faccount,1
https://www.gov.uz/transfer,0
http://best-aloqabank.io/kirish,1
http://nbu-net.kz/transfer,1
http://uzpost-net.org/karta/faollashtirish,1
http://online-infinbank.uz/transfer,1
http://login.trastbank.uz.malicious.top/kirish,1
http://ip-otekabank.ru/cards/activate,1
http://uzumkirish.com/payment/confirm,1
http://akpitalbank.uz/p?redirect=true,1
http://trastbnak.com/p?redirect=true,1
https://uzcard.uz/about-us,0
https://sog-liqni-saqlash.uz/messages,0
https://mdis.uz/analytics,0
http://best-pochtabank.com/kirish,1
https://pypi.org/transfer,0
https://www.outlook.com/index.html,0
http://aloqaabnk.uz/hisob,1
https://wikipedia.org/analytics,0
https://tuit.uz/,0
http://tastbank.org/auth,1
http://humo-net.org/transfer,1
http://agroba-nk.org/p?redirect=true,1
http://payn-et.org/payment/confirm,1
http://uzum-online.kz/account/verify,1
https://www.tuit.uz/settings,0
https://google.com/support,0
https://www.gov.uz/about,0
https://xb.uz/faq,0
https://dunyo.uz/en,0
https://cloud.google.com/sitemap.xml,0
https://www.ipakyulibank.uz/index.html,0
http://pochtabank-bank.uz/account/verify,1
https://slack.com/,0
https://tsue.uz/uz,0
http://kapitalb-ank.ru/p?redirect=true,1
https://google.com/2024/,0
http://ipote-kabank.io/confirm,1
https://tsue.uz/banking,0
https://ft.com/logout,0
http://payn-et.net/payment/confirm,1
http://uz-uzum.io/banking/login,1
http://rastbank.io/payment/confirm,1
http://nbu-2024.net/payment/confirm,1
http://official-sqb.io/secure/login,1
http://ag-robank.uz/transfer,1
http://infinabnk.com/account/verify,1
https://kapitalbank.uz/products,0
http://grobank.uz/karta/faollashtirish,1
http://texagr-obank.com/payment/confirm,1
http://best-sqb.net/secure/login,1
https://google.com/products/list,0
http://real-kapitalbank.io/account/verify,1
http://payme.tk/login?next=%2Faccount,1
https://xalqbank.uz/ru,0
http://230.20.48.38:8080/click/tolov,1
https://ipotekabank.uz/index.html,0
https://hamkorbank.uz/contact,0
http://pochtabank-pay.org/confirm,1
http://infinbnak.kz/tolov,1
http://uum.kz/secure/login,1
http://secure-sqb.uz.phish.xyz/confirm,1
https://facebook.com/analytics,0
http://xalqbnak.org/karta/faollashtirish,1
http://163.218.27.159/trastbank/tolov,1
http://paynet-pay.ru/karta/faollashtirish,1
https://twitter.com/en,0
https://zoom.us/download,0
http://anorba-nk.kz/payment/confirm,1
http://real-hamkorbank.ru/login,1
http://ipotekbank.net/cards/activate,1
https://wsj.com/en,0
http://pochabank.net/login?next=%2Faccount,1
http://ipotekabank-net.ru/karta/faollashtirish,1
https://www.e-gov.uz/en/services,0
http://ipotekbaank.org/login?next=%2Faccount,1
https://tdiu.uz/faq,0
http://70.218.186.188/humo/auth,1
https://paypal.com/dashboard,0
http://norbank.kz/karta/faollashtirish,1
http://huo.kz/confirm,1
http://zupost.org/login?next=%2Faccount,1
http://uzpost-card.co/auth,1
http://tbcbnak.org/secure/login,1
https://reuters.com/docs,0
https://developer.mozilla.org/,0
http://payme-pay.uz/cards/activate,1
http://1.93.110.137/texagrobank/auth,1
http://ipakuylibank.kz/cards/activate,1
https://www.interfax.uz/banking,0
http://kapitablank.com/confirm,1
http://agrobank-service.io/login?next=%2Faccount,1
https://apelsin.uz/cards,0
http://infinank.com/hisob,1
https://infinbank.uz/,0
http://hamkrbank.ru/hisob,1
http://apeslin.uz:9090/login,1
http://osonn.ru/login,1
http://xalqbnk.uz/cards/activate,1
http://n-bu.com/p?redirect=true,1
http://188.125.212.67/uzpost/banking/login,1
https://president.uz/privacy,0
http://aloqabank-card.net/confirm,1
http://asakabank-2024.co/verify,1
http://9.243.30.96:8080/uzcard/transfer,1
http://145.202.45.13:8080/uzum/login?next=%2Faccount,1
https://cloud.google.com/uploads,0
http://8cw8hyv1yk5nnrdbpzo6t6.tk/kirish,1
http://apelsn.net/hisob,1
http://aaskabank.org/cards/activate,1
http://trastbank-uz.ru/auth,1
https://www.amazon.com/api,0
http://login.secure.account4.sqb.uz.phish.com/auth,1
http://official-kapitalbank.ru/transfer,1
https://bbc.com/products,0
https://xalqbank.uz/search,0
https://twitter.com/sitemap.xml,0
http://sqb-secure.com/transfer,1
https://gazeta.uz/sitemap.xml,0
https://anorbank.uz/dashboard,0
http://humo-2024.co/auth,1
http://paym.io/cards/activate,1
https://gmail.com/login,0
http://rtastbank.org/login?next=%2Faccount,1
http://trsatbank.org/karta/faollashtirish,1
http://oson-pay.uz/cards/activate,1
http://nbu-2024.kz/login,1
https://facebook.com/search,0
https://license.uz/report,0
https://bbc.com/category/services,0
http://pochtbank.ru/kirish,1
http://agrob-ank.com/p?redirect=true,1
http://pyme.io/banking/login,1
https://www.ijro.uz/register,0
https://anorbank.uz/download,0
http://tbcbank-card.uz/login?next=%2Faccount,1
https://stackoverflow.com/2024/,0
https://sog-liqni-saqlash.uz/static/css/main.css,0
http://paym.co/account/verify,1
http://osn.uz/secure/login,1
http://uz-uzum.kz/auth,1
http://new-uzpost.kz/auth,1
https://facebook.com/about,0
http://my-infinbank.io/payment/confirm,1
https://www.outlook.com/about-us,0
http://alqbank.io/kirish,1
http://online-trastbank.net/secure/login,1
https://edu.uz/report,0
http://login-xalqbank.uz/cards/activate,1
http://ipakyulibankk.kz/login?next=%2Faccount,1
https://pochta.uz/transfer,0
https://stat.uz/about-us,0
http://best-kapitalbank.uz/tolov,1
http://online-texagrobank.net/login?next=%2Faccount,1
https://www.uzum.uz/main,0
http://infinabnk.net/p?redirect=true,1
https://github.com/2024/,0
http://ipotekaban.com/kirish,1
http://tr45tb4nk.uz/verify,1
http://anorbnk.com/login?next=%2Faccount,1
https://www.yandex.uz/notifications,0
https://visa.com/support,0
https://www.license.uz/2024/,0
https://www.dunyo.uz/wiki,0
https://forbes.com/banking,0
http://payme.info/cards/activate,1
http://hakmorbank.ru/tolov,1
https://reddit.com/user/profile,0
https://dunyo.uz/news,0
https://www.anorbank.uz/index.html,0
http://txagrobank.org/tolov,1
http://online-pochtabank.co/account/verify,1
https://www.click.uz/api,0
http://anorba-nk.uz/karta/faollashtirish,1
https://samdu.uz/ru/about,0
http://123.92.146.222/anorbank/banking/login,1
http://official-xalqbank.ru/hisob,1
https://zamin.uz/login,0
http://login-texagrobank.ru/kirish,1
http://ipakyuli-bank.net/transfer,1
http://175.50.171.65:8080/anorbank/confirm,1
http://ipakyuliabnk.com/hisob,1
http://nifinbank.io/cards/activate,1
http://online-oson.org/login?next=%2Faccount,1
http://texagrobank-secure.kz/auth,1
http://28t4ymicrnb.buzz/confirm,1
https://www.ebay.com/docs,0
https://kubernetes.io/index.html,0
https://wix.com/register,0
https://www.kun.uz/download,0
http://nbu-net.net/hisob,1
https://slack.com/faq,0
http://ipakyulbank.net/login,1
http://aloaqbank.com/p?redirect=true,1
http://my-payme.kz/account/verify,1
http://texagrobank-bank.co/account/verify,1
https://ijro.uz/category/services,0
http://uzcard-pay.com/verify,1
http://kapitalban.net/secure/login,1
http://infinank.kz/secure/login,1
http://27.95.228.1:8080/uzpost/p?redirect=true,1
http://c-lick.ru/hisob,1
http://official-kapitalbank.net:3000/login,1
https://www.license.uz/sitemap.xml,0
https://forbes.com/security,0
http://z1qjp8hkazqlmbzyhh9.info/cards/activate,1
http://iptoekabank.org/hisob,1
https://daryo.uz/history,0
http://uz-post.co/payment/confirm,1
https://www.twitter.com/wiki,0
https://www.visa.com/category/services,0
https://interfax.uz/about,0
https://www.linkedin.com/blog,0
https://epay.uz/static/css/main.css,0
http://kapitalbank-uz.co/login,1
http://uz-asakabank.org/secure/login,1
http://texagrobank-secure.uz/cards/activate,1
http://46.102.204.11/infinbank/login,1
https://ft.com/uz/hizmatlar,0
http://verify-nbu.net/secure/login,1
https://www.apelsin.uz/services,0
http://kapitalbank-hisob.com/transfer,1
http://ucard.co/auth,1
http://my-aloqabank.uz/verify,1
http://2.166.103.9/payme/verify,1
http://tbcba-nk.com:8443/login,1
https://www.uza.uz/search,0
http://uzpos-t.uz/p?redirect=true,1
http://nbu-2024.ru/kirish,1
http://ipotkeabank.com/confirm,1
http://vfcmq0ob1n6qw.tk/p?redirect=true,1
http://ipakyuliabnk.org/p?redirect=true,1
http://sqb-secure.io/secure/login,1
http://asakabnak.uz/login,1
https://www.github.com/profile,0
http://infinbank-card.kz/tolov,1
https://www.netflix.com/,0
https://ipotekabank.uz/api/v1/health,0
http://agrobank-card.uz/login?next=%2Faccount,1
http://asakabakn.net/verify,1
http://tbcbak.ru/confirm,1
https://customs.uz/security,0
http://uzpost.info/hisob,1
http://xalbqank.org/confirm,1
https://samdu.uz/support,0
https://wix.com/contact,0
http://login-tbcbank.org/karta/faollashtirish,1
http://texagrobank-2024.ru/tolov,1
http://infibank.co/confirm,1
http://hamkorban-k.uz/hisob,1
https://netflix.com/products/list,0
http://paynet-net.net/account/verify,1
http://texagro-bank.co/kirish,1
http://ipakyulibank.info/p?redirect=true,1
http://50.247.53.19:8080/trastbank/tolov,1
http://116.192.97.14/uzum/payment/confirm,1
http://secure-apelsin.kz/cards/activate,1
https://amazon.com/help,0
http://online-asakabank.org/transfer,1
https://mastercard.com/news,0
http://poch-tabank.ru/secure/login,1
https://qalampir.uz/robots.txt,0
https://www.dropbox.com/static/css/main.css,0
https://kapitalbank.uz@malicious001.com/login,1
https://www.pharmi.uz/logout,0
http://real-hamkorbank.kz/kirish,1
https://prokuratura.uz/cards,0
https://humo.uz/home,0
https://nytimes.com/settings,0
http://anorbank-bank.com/tolov,1
http://real-anorbank.co/account/verify,1
http://texagrobanktasdiqlash.com/kirish,1
https://cloud.google.com/news,0
https://humo.uz/uploads,0
http://kapitalbankk.com/secure/login,1
http://click-service.uz/kirish,1
http://aloabank.kz/kirish,1
https://wix.com/index.html,0
https://www.reddit.com/search,0
http://trastank.io/cards/activate,1
https://office.com/products/list,0
https://my.gov.uz/en/services,0
https://linkedin.com/app,0
http://o-son.kz/secure/login,1
http://u-zum.org/p?redirect=true,1
https://pochta.uz/uploads,0
http://askaabank.ru/tolov,1
https://ipakyulibank.uz/search,0
https://bloomberg.com/notifications,0
http://secure-sqb.net/hisob,1
https://www.interfax.uz/robots.txt,0
http://aloqabank-bank.kz/payment/confirm,1
http://payme-service.com/verify,1
http://oson-net.com/login?next=%2Faccount,1
https://www.npmjs.com/products/list,0
http://xalqbnk.uz/,1
http://verify-xalqbank.kz/kirish,1
https://interfax.uz/settings,0
http://click-bank.org/confirm,1
https://apple.com/privacy,0
https://xb.uz/products/list,0
http://uzpo-st.com/login?next=%2Faccount,1
https://visa.com/about,0
https://www.wikipedia.org/home,0
http://official-trastbank.com/verify,1
https://www.bibim.uz/services,0
http://nbu-secure.co/login,1
http://agrobank-card.com:8080/login,1
http://xalbqank.uz/login?next=%2Faccount,1
http://tbcb4nk.net/confirm,1
http://207.74.177.120/trastbank/login?next=%2Faccount,1
https://linkedin.com/payments,0
http://online-anorbank.org/cards/activate,1
https://tuit.uz/terms,0
http://my-anorbank.org/confirm,1
http://zupost.uz:8443/login,1
http://best-hamkorbank.kz/cards/activate,1
http://uzard.net/karta/faollashtirish,1
http://hamk-orbank.uz/auth,1
http://32.21.74.229:8080/ipakyulibank/hisob,1
http://anorbakn.org/transfer,1
https://apelsin.uz/static/css/main.css,0
https://www.forbes.com/report,0
https://www.adobe.com/history,0
https://www.yandex.uz/history,0
http://payme-net.ru/auth,1
http://pamye.org:8443/login,1
http://xalqabnk.io/transfer,1
http://ipotekbaank.co/auth,1
http://login-oson.kz/login,1
https://humans.uz/sitemap.xml,0
http://xalqbankk.org/account/verify,1
http://anorban-k.co/confirm,1
https://www.license.uz/blog,0
http://official-nbu.net/tolov,1
http://real-ipakyulibank.com/banking/login,1
https://customs.uz/terms,0
http://t-bcbank.org/hisob,1
https://www.humans.uz/report,0
http://uzcard-net.net/banking/login,1
http://tratsbank.net/confirm,1
http://uzcard-uz.ru/login?next=%2Faccount,1
http://texagroabnk.org/p?redirect=true,1
https://dunyo.uz/dashboard,0
https://www.pharmi.uz/2024/,0
http://xalqbank-online.org/karta/faollashtirish,1
http://tbcbank-online.co/payment/confirm,1
http://paynet-net.uz/verify,1
https://science.org/app,0
https://wordpress.com/products,0
https://www.anorbank.uz/about,0
http://real-oson.uz/karta/faollashtirish,1
https://www.dunyo.uz/2024/,0
https://www.amazon.com/login,0
https://bbc.com/,0
http://official-uzum.kz/p?redirect=true,1
http://xalqbak.ru/auth,1
http://texagrobank-card.org/karta/faollashtirish,1
http://pyame.ru/p?redirect=true,1
https://payme.uz/banking,0
http://trasbank.uz/tolov,1
https://instagram.com/cards,0
http://te-xagrobank.io/verify,1
http://h4mk0rb4nk.net/confirm,1
https://www.daryo.uz/static/css/main.css,0
http://pay-tbcbank.uz/p?redirect=true,1
https://economist.com/terms,0
http://best-nbu.org/karta/faollashtirish,1
https://cloud.google.com/profile,0
https://click.uz/settings,0
http://200.119.112.175/sqb/banking/login,1
https://texagrobank.uz/app,0
https://www.linkedin.com/wiki,0
http://verify-payme.ru/cards/activate,1
https://www.humo.uz/dashboard,0
https://www.uzb.uz/uploads,0
https://uza.uz/about-us,0
https://texagrobank.uz/transfer,0
https://www.netflix.com/sitemap.xml,0
http://apelsinn.ru/secure/login,1
http://trastba-nk.uz/account/verify,1
https://hamkorbank.uz/uz,0
http://online-nbu.net/secure/login,1
http://xalqbank-2024.ru/banking/login,1
https://paypal.com/en,0
http://sqb.top/p?redirect=true,1
https://podrobno.uz/en,0
https://president.uz/blog,0
http://oson-bank.org/confirm,1
https://dropbox.com/static/css/main.css,0
https://wordpress.com/dashboard,0
https://ems.uz/sitemap.xml,0
https://xs.uz/category/services,0
http://ipakulibank.kz/login?next=%2Faccount,1
https://uzinfocom.uz/history,0
http://anorbank-net.net/payment/confirm,1
http://hamkorbank-bank.ru/secure/login,1
http://14.195.89.172/asakabank/banking/login,1
http://uczard.ru/p?redirect=true,1
http://kapitalbank-account.com/banking/login,1
http://ipakyulibank-pay.kz/payment/confirm,1
https://www.twitter.com/static/css/main.css,0
http://verify-oson.uz/cards/activate,1
http://click-2024.net:9090/login,1
http://paynte.uz/account/verify,1
http://texagrobank.click/cards/activate,1
https://npmjs.com/settings,0
https://asakabank.uz/en,0
http://real-oson.net/kirish,1
https://hub.docker.com/about-us,0
http://kaptialbank.co/transfer,1
https://stripe.com/dashboard,0
http://pochtabank-net.com/confirm,1
http://uz-post.ru/verify,1
https://nbu.uz/transfer,0
http://payet.net/kirish,1
https://zoom.us/offers,0
http://64.71.220.38/agrobank/confirm,1
http://172.223.31.221/anorbank/login,1
http://250.40.76.156:8080/uzum/hisob,1
http://20.209.126.131:8080/asakabank/confirm,1
http://oso.co/cards/activate,1
http://new-asakabank.ru/transfer,1
http://new-hamkorbank.io/verify,1
http://trastbank-online.org/payment/confirm,1
https://podrobno.uz/category/news,0
http://i-potekabank.co/verify,1
http://225.250.206.173/paynet/transfer,1
https://slack.com/news,0
http://tbcbank-pay.net/auth,1
https://wordpress.com/report,0
http://anrobank.kz/cards/activate,1
http://uzumm.ru/tolov,1
http://agrobank-2024.uz/login,1
https://www.bing.com/uz/hizmatlar,0
http://uzpost-online.net/p?redirect=true,1
http://kapitalbank-uz.net/confirm,1
http://real-uzcard.io/verify,1
http://uz-uzcard.com/login,1
https://mf.uz/products/list,0
https://infinbank.uz/settings,0
http://login-aloqabank.io/p?redirect=true,1
http://login-uzum.co/login,1
http://aloqabak.com/p?redirect=true,1
https://parlament.uz/security,0
http://p4yn3t.ru/,1
https://www.president.uz/api/v1/health,0
http://new-asakabank.uz/karta/faollashtirish,1
http://anorban.uz/verify,1
https://paypal.com/news,0
http://infinbanksecure.com/login,1
http://hamkorbakn.net/hisob,1
http://oson-service.uz/login?next=%2Faccount,1
http://official-trastbank.co/secure/login,1
https://soliq.uz/static/css/main.css,0
http://my-oson.net/kirish,1
http://trastank.co/secure/login,1
https://google.com/media,0
http://uz-payme.org/hisob,1
http://uzpo-st.ru/tolov,1
http://piakyulibank.kz/p?redirect=true,1
https://reddit.com/media,0
http://uzc4rd.ru/verify,1
http://uzost.net/cards/activate,1
https://dunyo.uz/cards,0
http://trast-bank.ru:8080/login,1
http://ipotekaabnk.co/banking/login,1
http://tratsbank.kz/confirm,1
http://kapitalbank-pay.io/account/verify,1
https://ipakyulibank.uz/user/profile,0
http://hamko-rbank.com/login,1
http://uzc-ard.ru/transfer,1
http://login-pochtabank.net/auth,1
https://stat.uz/register,0
https://hamkorbank.uz/banking,0
https://www.google.com/uz/hizmatlar,0
https://xb.uz/search,0
https://e-gov.uz/transfer,0
http://texagrobank-bank.io/tolov,1
https://interfax.uz/products,0
http://secure-aloqabank.net/transfer,1
http://trastbank-2024.org/p?redirect=true,1
https://uzum.uz/app,0
https://www.stat.uz/security,0
http://asakabank-card.kz/p?redirect=true,1
http://o-son.co/tolov,1
http://anorbankk.io/verify,1
http://uzum.ml/hisob,1
http://ipoteakbank.ru/secure/login,1
http://050n.com/karta/faollashtirish,1
http://pyame.net/karta/faollashtirish,1
http://official-humo.org/login,1
http://my-agrobank.uz/banking/login,1
http://56.15.34.176/uzcard/confirm,1
https://kommersant.uz/wiki,0
http://oson.info/auth,1
http://tbcbankk.co/p?redirect=true,1
https://humo.uz/user/profile,0
http://127.174.71.54/nbu/kirish,1
http://xalqban-k.io/verify,1
http://infinbank-secure.co/kirish,1
https://ipotekabank.uz/user/profile,0
http://asaka-bank.kz/banking/login,1
https://www.infinbank.uz/products/list,0
http://anorbank-net.org/banking/login,1
https://www.cnn.com/login,0
http://ipotekabank-login.com/hisob,1
http://login-xalqbank.org/login?next=%2Faccount,1
http://asakaank.kz/payment/confirm,1
http://login.secure.account3.uzcard.uz.phish.com/auth,1
http://laoqabank.com/kirish,1
http://apelsinn.org/hisob,1
http://agroba-nk.co/payment/confirm,1
https://www.yoshlar.uz/register,0
http://texgarobank.uz/login?next=%2Faccount,1
http://uzum-secure.com/hisob,1
https://www.ipakyulibank.uz/uploads,0
https://anorbank.uz/docs,0
http://14.195.89.172:8080/asakabank/banking/login,1
http://tcbbank.net/login,1
http://ahmkorbank.com/tolov,1
http://secure-sqb.net/auth,1
https://dunyo.uz/offers,0
http://ipakyulbiank.uz/verify,1
http://texa-grobank.io/hisob,1
https://www.parlament.uz/privacy,0
http://138.68.250.103:8080/asakabank/p?redirect=true,1
http://login-apelsin.uz/karta/faollashtirish,1
https://www.bibim.uz/cards,0
http://verify-hamkorbank.kz/payment/confirm,1
http://new-uzcard.com/confirm,1
http://my-trastbank.io/login?next=%2Faccount,1
http://a-grobank.org/login,1
http://pay-trastbank.uz/p?redirect=true,1
https://www.spot.uz/register,0
http://hamkorbak.io/account/verify,1
http://nbu-online.org/confirm,1
http://login-xalqbank.net/secure/login,1
https://www.pypi.org/category/news,0
http://btcbank.io/tolov,1
https://pypi.org/user/profile,0
http://kapitalbank-secure.com/verify,1
https://www.sqb.uz/uz/hizmatlar,0
http://agrobank-secure.ru/account/verify,1
https://cnn.com/logout,0
https://www.xalqbank.uz/app,0
https://microsoft.com/terms,0
http://t-exagrobank.io/secure/login,1
http://ifninbank.kz/cards/activate,1
https://uzum.uz/wiki,0
https://google.com/static/css/main.css,0
https://linkedin.com/,0
http://xalqank.co/cards/activate,1
http://pynet.co/confirm,1
https://www.nuu.uz/notifications,0
http://64.163.37.206:8080/click/auth,1
http://hamkorbnak.net/karta/faollashtirish,1
http://uzpostxavfsiz.com/transfer,1
http://hmkorbank.kz/payment/confirm,1
https://ems.uz/main,0
http://online-humo.ru/auth,1
https://youtube.com/user/profile,0
http://hamkorbank-login.com/verify,1
http://uzc4rd.com/transfer,1
http://inf-inbank.net/banking/login,1
http://ipotekabank-net.ru/banking/login,1
https://uznet.uz/messages,0
https://www.asakabank.uz/register,0
https://edu.uz/security,0
http://pochtaban-k.ru/karta/faollashtirish,1
http://asakaank.co/kirish,1
https://asakabank.uz/main,0
http://bcbank.uz/karta/faollashtirish,1
http://aloqab-ank.uz/karta/faollashtirish,1
http://real-humo.uz/p?redirect=true,1
http://agrbank.ru/cards/activate,1
http://193.101.188.61:8080/oson/account/verify,1
http://uzpots.io/karta/faollashtirish,1
http://humo-2024.com/secure/login,1
https://mdis.uz/blog,0
http://aloqaba-nk.co/login,1
http://4gr0b4nk.com/p?redirect=true,1
http://real-asakabank.ru/banking/login,1
http://official-infinbank.io/cards/activate,1
http://uz-kapitalbank.org/karta/faollashtirish,1
http://ipakyulbank.kz/verify,1
https://wix.com/login,0
https://mdis.uz/history,0
http://apelsi-n.com/verify,1
http://oson-net.net/account/verify,1
https://tsue.uz/dashboard,0
https://anorbank.uz/media,0
http://ipakyuliba-nk.uz/secure/login,1
http://ipakyuilbank.com/payment/confirm,1
http://anorbankk.io/login?next=%2Faccount,1
http://pay-me.org/auth,1
http://texagro-bank.com/verify,1
https://npmjs.com/analytics,0
https://apple.com/payments,0
https://bibim.uz/media,0
http://anorb-ank.co/verify,1
https://bloomberg.com/2024/,0
http://hamkorbank-card.org/kirish,1
http://xalqbak.kz/karta/faollashtirish,1
http://real-ipakyulibank.kz/kirish,1
https://www.bing.com/settings,0
http://trastbank-bank.uz/verify,1
http://anorbank-card.io/hisob,1
http://uzpost-card.uz/account/verify,1
http://xalq-bank.kz/tolov,1
https://kommersant.uz/about,0
http://trstbank.kz/login?next=%2Faccount,1
https://cloud.google.com/wiki,0
http://paynet-2024.ru/banking/login,1
https://www.kommersant.uz/messages,0
http://aelsin.kz/transfer,1
http://uzcard-confirm.com/transfer,1
https://www.economist.com/robots.txt,0
https://license.uz/,0
https://infinbank.uz/mobile,0
https://parlament.uz/messages,0
https://soliq.uz/uz,0
http://k4p1t41b4nk.com/banking/login,1
http://online-kapitalbank.ru/karta/faollashtirish,1
https://www.kun.uz/category/news,0
https://outlook.com/about,0
https://president.uz/payments,0
http://uzum.ml/verify,1
https://wikipedia.org/contact,0
http://aloqabank-net.uz/p?redirect=true,1
http://kaptialbank.kz/karta/faollashtirish,1
http://texag-robank.co/confirm,1
https://docs.python.org/register,0
http://129.18.136.69/ipotekabank/auth,1
https://gov.uz/static/css/main.css,0
https://customs.uz/messages,0
https://kapitalbank.uz/category/services,0
http://new-uzpost.net/login,1
https://www.github.com/logout,0
http://apynet.org/p?redirect=true,1
https://nature.com/api/v1/health,0
http://infibank.uz/kirish,1
http://humo-secure.net/payment/confirm,1
https://hamkorbank.uz/profile,0
http://agrboank.org/confirm,1
https://aws.amazon.com/search,0
http://cilck.org/cards/activate,1
http://kirish-pochtabank.uz/tolov,1
http://ipotekabank-2024.kz/p?redirect=true,1
http://kapitalbank-service.net/account/verify,1
http://anorank.ru/account/verify,1
http://ipoteakbank.co/login?next=%2Faccount,1
https://tma.uz/wiki,0
http://uzu-m.ru/secure/login,1
http://uz-sqb.net/verify,1
https://shopify.com/api,0
https://www.sog-liqni-saqlash.uz/main,0
https://ft.com/cards,0
https://prokuratura.uz/category/services,0
http://paynet-service.co/login,1
https://theguardian.com/services,0
http://online-tbcbank.io/payment/confirm,1
https://uzcard.uz/media,0
https://outlook.com/payments,0
http://159.162.190.168/trastbank/auth,1
http://127.172.66.197:8080/paynet/login?next=%2Faccount,1
http://p4yn3t.ru/transfer,1
http://kapitalank.co/confirm,1
http://paynet-login.net/hisob,1
https://tma.uz/category/services,0
http://uz-apelsin.org/transfer,1
http://official-anorbank.kz/login?next=%2Faccount,1
https://www.theguardian.com/2024/,0
http://agrobakn.io/hisob,1
http://ipoteabank.ru/confirm,1
https://hamkorbank.uz/wiki,0
http://new-uzum.io/login,1
https://yandex.uz/banking,0
http://agrobank-card.net:9090/login,1
http://aynet.net/cards/activate,1
http://new-kapitalbank.uz/tolov,1
http://payme-2024.org/login,1
https://pypi.org/app,0
http://ipo-tekabank.org/tolov,1
http://aloqabnk.org/auth,1
https://my.gov.uz/en,0
https://www.microsoft.com/static/css/main.css,0
https://ebay.com/sitemap.xml,0
http://texagroban-k.com/auth,1
http://paynet-pay.ru/account/verify,1
http://208.233.123.34:8080/humo/account/verify,1
http://4gr0b4nk.ru/account/verify,1
http://ipakulibank.kz/kirish,1
http://235.62.107.1:8080/agrobank/karta/faollashtirish,1
https://gov.uz/support,0
http://pochtabank-secure.kz/hisob,1
http://online-infinbank.com/verify,1
http://uz-uzum.org/auth,1
http://83.234.60.236:8080/agrobank/transfer,1
http://050n.ru/p?redirect=true,1
http://cilck.kz/tolov,1
https://bbc.com/ru/about,0
https://www.instagram.com/products/list,0
http://txeagrobank.com/hisob,1
http://btcbank.org/banking/login,1
https://slack.com/search,0
http://uz-aloqabank.io/verify,1
http://new-click.ru/login?next=%2Faccount,1
http://infinban-k.co/cards/activate,1
http://4dyfz54v9rbuq93y.top/verify,1
https://linkedin.com/category/news,0
http://login-tbcbank.kz/payment/confirm,1
http://pyame.co/payment/confirm,1
https://adobe.com/static/css/main.css,0
https://daryo.uz/app,0
http://5qb.net/auth,1
http://oxyhahkmupw14a22.site/login,1
http://anorbank-login.com/login,1
https://oson.uz/wiki,0
https://www.payme.uz/robots.txt,0
https://uzb.uz/blog,0
https://anorbank.uz/home,0
http://uhmo.io/cards/activate,1
http://best-hamkorbank.co/karta/faollashtirish,1
http://infinank.co/account/verify,1
https://dropbox.com/banking,0
https://ipakyulibank.uz/about-us,0
http://infinabnk.ru/payment/confirm,1
https://www.xb.uz/profile,0
http://alqabank.io/tolov,1
https://www.my.gov.uz/transfer,0
https://economist.com/uz,0
http://35.220.169.7:8080/ipotekabank/transfer,1
http://asakaban.io/kirish,1
http://lcick.com/login,1
http://aloqa-bank.uz/banking/login,1
http://best-hamkorbank.io/account/verify,1
http://texagrobak.io/kirish,1
https://cloudflare.com/home,0
http://asakabank-pay.org/account/verify,1
https://www.e-gov.uz/ru/about,0
https://www.wix.com/products,0
https://qalampir.uz/ru,0
http://online-humo.ru/confirm,1
http://228.224.76.131/ipotekabank/banking/login,1
https://www.infinbank.uz/faq,0
https://shopify.com/support,0
https://www.license.uz/profile,0
http://uz-uzum.net/verify,1
https://tbcbank.uz/banking,0
http://ipakyulibank-login.com/transfer,1
https://www.tuit.uz/en,0
http://official-agrobank.kz/karta/faollashtirish,1
https://www.reddit.com/faq,0
https://mf.uz/products,0
http://my-trastbank.uz/account/verify,1
https://sqb.uz/transfer,0
http://infinabnk.org/auth,1
https://zoom.us/home,0
http://texagrobank-bank.ru/secure/login,1
http://ipkyulibank.org/banking/login,1
http://ipakyulibanktasdiqlash.com/karta/faollashtirish,1
http://xalqbank-uz.org/transfer,1
http://verify-texagrobank.com/hisob,1
http://sqbverify.com/account/verify,1
http://agrobank-login.net/confirm,1
https://mytaxi.uz/uz/hizmatlar,0
https://www.cloudflare.com/main,0
https://www.ems.uz/analytics,0
http://ipakylibank.ru/confirm,1
https://gazeta.uz/api/v1/health,0
http://ipotkabank.co/login?next=%2Faccount,1
https://hamkorbank.uz/blog,0
https://www.netflix.com/products/list,0
http://exagrobank.org/confirm,1
https://www.cnn.com/robots.txt,0
https://stat.uz/history,0
http://kapitalbakn.co/secure/login,1
http://34.32.33.129/apelsin/hisob,1
http://verify-uzpost.com/secure/login,1
https://www.sog-liqni-saqlash.uz/category/services,0
https://npmjs.com/offers,0
http://new-ipotekabank.uz/auth,1
http://cl-ick.co/auth,1
https://click.uz/faq,0
http://paynet-uz.io/banking/login,1
http://official-uzum.com/login?next=%2Faccount,1
http://kapitalban.ru/confirm,1
http://pochtabank-pay.io/transfer,1
http://166.245.133.25/nbu/hisob,1
http://infibank.kz/transfer,1
http://verify-apelsin.io/verify,1
http://asakaban.kz/login?next=%2Faccount,1
https://developer.mozilla.org/ru,0
http://agrobank-online.net/banking/login,1
https://xb.uz/api,0
https://pharmi.uz/news,0
http://online-trastbank.com/account/verify,1
https://www.ipakyulibank.uz/messages,0
https://samdu.uz/static/css/main.css,0
https://prokuratura.uz/sitemap.xml,0
http://jfnfecw9akcdynvy.buzz/secure/login,1
http://aloqabank-online.co/p?redirect=true,1
http://tbbcank.kz/banking/login,1
http://tbcbank.rest/tolov,1
http://best-infinbank.ru/kirish,1
https://yahoo.com/notifications,0
http://aloqaank.net/p?redirect=true,1
http://uz-uzum.co/kirish,1
https://paynet.uz/en/services,0
http://aloqab-ank.org/cards/activate,1
http://apelsin-kirish.com/login?next=%2Faccount,1
https://xalqbank.uz/download,0
http://ucard.org/auth,1
https://theguardian.com/faq,0
http://agroba-nk.com/login?next=%2Faccount,1
http://ipakyuliban.com/tolov,1
http://sqb-secure.com/kirish,1
https://gov.uz/,0
http://payme-uz.kz/tolov,1
https://president.uz/products/list,0
http://xaqbank.org/cards/activate,1
http://ip-otekabank.co/confirm,1
http://payme.uz@malicious013.com/kirish,1
http://ipakyulib-ank.uz/login?next=%2Faccount,1
https://instagram.com/security,0
https://www.tsue.uz/,0
http://tasdiqlash-asakabank.uz/hisob,1
https://npmjs.com/products,0
https://tma.uz/services,0
https://economist.com/logout,0
http://nbuxavfsiz.com/verify,1
http://paynet-service.uz/login,1
http://login-hamkorbank.com/verify,1
http://pochtabank.ga/karta/faollashtirish,1
http://xalqbankhisob.com/karta/faollashtirish,1
https://visa.com/payments,0
https://www.pharmi.uz/media,0
http://new-infinbank.org/secure/login,1
http://ucard.ru/kirish,1
http://aloqabank-online.kz/auth,1
https://www.netflix.com/search,0
https://instagram.com/history,0
http://aloqbaank.net/login,1
https://www.netflix.com/news,0
http://payem.com/banking/login,1
http://trastank.net/banking/login,1
http://iptoekabank.org/cards/activate,1
http://6.160.129.217:8080/kapitalbank/kirish,1
https://www.mehnat.uz/logout,0
http://129.241.238.84/oson/account/verify,1
http://secure-asakabank.com/cards/activate,1
https://www.infinbank.uz/static/css/main.css,0
http://click-service.kz/login,1
https://theguardian.com/report,0
http://best-agrobank.net/payment/confirm,1
http://sqb-secure.org/p?redirect=true,1
http://apelsin-bank.com/tolov,1
https://twitter.com/register,0
https://tuit.uz/payments,0
http://best-uzum.ru/cards/activate,1
https://www.customs.uz/ru/about,0
http://hamkorbank-bank.co/secure/login,1
http://infinbankk.uz/p?redirect=true,1
http://lick.kz/cards/activate,1
https://www.gmail.com/api/v1/health,0
http://nbu-net.kz/hisob,1
http://official-ipakyulibank.uz/p?redirect=true,1
http://verify-ipotekabank.com/secure/login,1
http://212.3.82.70/humo/payment/confirm,1
https://bbc.com/report,0
https://wikipedia.org/cards,0
http://ipotekabnk.kz/auth,1
https://spot.uz/static/css/main.css,0
https://www.hub.docker.com/docs,0
http://zuum.org/auth,1
https://pochtabank.uz/news,0
http://nbupay.com/karta/faollashtirish,1
http://my-click.com/secure/login,1
http://xalqbakn.io/auth,1
http://ipoekabank.co/verify,1
https://www.bing.com/main,0
http://hamkor-bank.com/payment/confirm,1
http://pochtabank-secure.uz/hisob,1
https://stripe.com/report,0
http://pay-xalqbank.uz/p?redirect=true,1
https://qalampir.uz/app,0
http://ipotekabnak.io/verify,1
http://texagrobank-2024.kz/auth,1
http://official-texagrobank.io/tolov,1
http://texagrobank-secure.co/secure/login,1
http://apelsin-card.com/banking/login,1
https://economist.com/robots.txt,0
http://ipotekabak.co/verify,1
http://asakabank-pay.io/tolov,1
https://ems.uz/notifications,0
http://pohtabank.io/tolov,1
http://uzcard-online.co/transfer,1
https://kubernetes.io/ru/about,0
http://ek70yqmjmzzagew7o6n.online/account/verify,1
http://login-apelsin.co/transfer,1
http://ipakyluibank.com/login?next=%2Faccount,1
https://gmail.com/contact,0
http://pay-texagrobank.uz/banking/login,1
http://uzp-ost.ru/secure/login,1
http://paynet-login.org/transfer,1
http://ape-lsin.ru/payment/confirm,1
http://k-apitalbank.ru/hisob,1
https://linkedin.com/offers,0
http://verify-asakabank.uz/kirish,1
http://tbcbank-service.org/kirish,1
https://adobe.com/support,0
http://real-ipakyulibank.co/banking/login,1
https://wsj.com/home,0
https://my.gov.uz/2024/,0
http://x-alqbank.com/confirm,1
https://sqb.uz/user/profile,0
http://trastbank-service.org/account/verify,1
http://hamkorbank-service.uz/login,1
http://kapitalbank-login.com/login,1
http://verify-uzcard.com/banking/login,1
http://infinbank-service.io/karta/faollashtirish,1
http://pochtaba-nk.org/hisob,1
http://uzum-card.com/confirm,1
https://uzcard.uz/services,0
https://wix.com/api,0
http://iptekabank.net/tolov,1
https://dropbox.com/robots.txt,0
http://real-hamkorbank.com/auth,1
http://203.183.23.243/kapitalbank/secure/login,1
http://pochtbaank.co/account/verify,1
https://cloudflare.com/category/services,0
http://apelisn.com/login,1
http://tbc-bank.co/account/verify,1
http://hamkobank.net/secure/login,1
https://developer.mozilla.org/payments,0
http://soon.uz/account/verify,1
https://mdis.uz/sitemap.xml,0
http://online-ipotekabank.com/banking/login,1
http://asakabnk.org/login?next=%2Faccount,1
https://humo.uz/,0
http://nbu-login.ru/,1
http://sqb-uz.uz/verify,1
http://40.237.223.61:8080/tbcbank/payment/confirm,1
http://oson-online.net/payment/confirm,1
https://ems.uz/app,0
http://asa-kabank.net/karta/faollashtirish,1
http://online-uzcard.co/confirm,1
http://1p0t3k4b4nk.kz/verify,1
http://3h6z1tgh5hifecvi5r.rest/cards/activate,1
http://hmakorbank.net/hisob,1
https://bibim.uz/dashboard,0
https://aloqabank.uz/uz/hizmatlar,0
http://tbbank.com/hisob,1
http://official-sqb.io/p?redirect=true,1
https://zamin.uz/app,0
http://payet.com/cards/activate,1
https://www.instagram.com/settings,0
http://my-uzum.com/verify,1
http://oson-card.ru/account/verify,1
https://anorbank.uz/about,0
https://uznet.uz/sitemap.xml,0
https://parlament.uz/en/services,0
http://uzard.ru/account/verify,1
http://uzum-confirm.com/p?redirect=true,1
https://bbc.com/dashboard,0
http://anorbank-bank.org/login?next=%2Faccount,1
http://trastbank-2024.ru/karta/faollashtirish,1
http://agrobankk.com/login,1
http://108.206.66.219:8080/hamkorbank/karta/faollashtirish,1
http://uzmu.io/tolov,1
https://stackoverflow.com/privacy,0
https://mastercard.com/logout,0
http://anorban.org/login,1
http://uzcard.uz@malicious005.com/kirish,1
https://ems.uz/docs,0
https://hamkorbank.uz/dashboard,0
http://secure-anorbank.co/account/verify,1
https://visa.com/media,0
https://developer.mozilla.org/api,0
http://texagr-obank.net/verify,1
https://stackoverflow.com/faq,0
https://www.xalqbank.uz/en/services,0
https://www.bibim.uz/docs,0
http://apelin.ru/login?next=%2Faccount,1
http://hamkorbank-secure.org/kirish,1
http://ipakyulibank-secure.io/karta/faollashtirish,1
http://ipotekaank.com/p?redirect=true,1
https://www.uza.uz/products,0
https://www.humo.uz/blog,0
http://uzum-service.net/login?next=%2Faccount,1
https://pochta.uz/logout,0
https://stackoverflow.com/search,0
http://apelsin-login.co/tolov,1
http://pa-ynet.net/tolov,1
http://ipakyulibank-pay.ru/kirish,1
https://xs.uz/news,0
https://www.microsoft.com/products,0
http://223.130.244.119/pochtabank/secure/login,1
https://oson.uz/category/news,0
http://my-nbu.com/verify,1
https://instagram.com/index.html,0
https://facebook.com/support,0
http://114.74.21.171/sqb/kirish,1
http://cli-ck.kz/cards/activate,1
https://dunyo.uz/docs,0
https://uznet.uz/settings,0
https://www.netflix.com/media,0
http://apelsin-pay.net/login,1
https://www.qalampir.uz/offers,0
https://humo.uz/api,0
http://ucard.uz/confirm,1
https://www.kapitalbank.uz/app,0
http://163.6.222.108/uzum/login?next=%2Faccount,1
http://kapitalbank-secure.org/p?redirect=true,1
http://hamk-orbank.org/karta/faollashtirish,1
http://apeslin.uz/confirm,1
http://ipakyul-ibank.org/hisob,1
http://s-qb.ru:8443/login,1
https://pharmi.uz/2024/,0
https://dropbox.com/register,0
http://uzum-login.io/verify,1
https://yahoo.com/settings,0
https://www.oson.uz/logout,0
http://anorbank-login.kz/account/verify,1
https://uzum.uz/download,0
https://wsj.com/products,0
http://aloqabank-bank.uz/karta/faollashtirish,1
http://98.5.135.16/agrobank/p?redirect=true,1
http://new-agrobank.kz/transfer,1
http://nub.uz/secure/login,1
https://my.gov.uz/main,0
http://verify-aloqabank.io/tolov,1
http://texagrobank.uz@malicious009.com/kirish,1
http://click-card.co/login?next=%2Faccount,1
http://agrobank-secure.com/transfer,1
https://xalqbank.uz/robots.txt,0
http://apesin.kz/kirish,1
https://customs.uz/report,0
http://texagrobank-bank.kz/confirm,1
http://infibank.ru/karta/faollashtirish,1
http://texagroban-k.net/secure/login,1
http://tbcbnak.org/login?next=%2Faccount,1
https://www.wikipedia.org/products/list,0
http://ipakyuliabnk.co/transfer,1
http://tbcban.org/secure/login,1
http://rtastbank.io/tolov,1
http://8lriubr6d6nwtv79bke94x.buzz/account/verify,1
http://uzum.rest/login,1
http://aoqabank.io/transfer,1
http://account-humo.uz/login,1
http://online-oson.io/p?redirect=true,1
https://www.ebay.com/search,0
https://www.sputniknews.uz/cards,0
http://ipotekabak.io/tolov,1
https://dropbox.com/api/v1/health,0
http://trast-bank.co/login?next=%2Faccount,1
https://amazon.com/uploads,0
https://www.bbc.com/contact,0
http://sqb-login.io/banking/login,1
http://218.39.144.228:8080/click/banking/login,1
http://tbcbank-login.kz/banking/login,1
http://verify-agrobank.com/confirm,1
http://askaabank.kz/hisob,1
http://asakaban.ru/verify,1
http://xalbqank.co/login?next=%2Faccount,1
http://tbcb-ank.uz/confirm,1
https://theguardian.com/mobile,0
http://official-humo.co/verify,1
http://infinbank-online.uz:8080/login,1
https://linkedin.com/cards,0
http://my-uzpost.kz/verify,1
http://loqabank.kz/verify,1
http://verify-oson.net/account/verify,1
http://agrobank-card.uz/hisob,1
https://www.wix.com/analytics,0
https://www.theguardian.com/settings,0
https://www.amazon.com/app,0
http://best-uzcard.org/confirm,1
https://www.xb.uz/terms,0
http://verify-anorbank.io/cards/activate,1
https://zoom.us/en,0
https://docs.python.org/2024/,0
http://tratbank.org/login?next=%2Faccount,1
https://www.pochta.uz/uz,0
https://mehnat.uz/en/services,0
https://aloqabank.uz/ru/about,0
https://wikipedia.org/privacy,0
http://aynet.io/login?next=%2Faccount,1
https://www.prokuratura.uz/login,0
http://ipoteakbank.ru/p?redirect=true,1
http://86.196.29.155/texagrobank/p?redirect=true,1
http://zupost.io/payment/confirm,1
http://x-alqbank.uz/karta/faollashtirish,1
https://www.nature.com/terms,0
https://mdis.uz/register,0
https://hamkorbank.uz/category/services,0
https://cloud.google.com/ru/about,0
http://agrob-ank.com/kirish,1
https://www.science.org/login,0
https://adobe.com/register,0
http://pamye.kz/karta/faollashtirish,1
http://my-hamkorbank.org/cards/activate,1
http://humo-pay.org/banking/login,1
https://license.uz/search,0
https://forbes.com/report,0
http://best-apelsin.co/login?next=%2Faccount,1
https://www.ipakyulibank.uz/category/services,0
http://tbcbank-uz.com/secure/login,1
https://www.nature.com/notifications,0
https://ijro.uz/uploads,0
https://www.yahoo.com/robots.txt,0
https://yoshlar.uz/login,0
https://www.mf.uz/notifications,0
https://court.uz/api,0
https://mf.uz/profile,0
https://cnn.com/index.html,0
http://account-xalqbank.uz/tolov,1
http://uz-ipakyulibank.net/account/verify,1
http://anorbank-online.co/login,1
http://nbu-login.net/transfer,1
http://official-anorbank.com/karta/faollashtirish,1
http://agrobank-bank.org/transfer,1
http://aplesin.kz/transfer,1
https://science.org/ru,0
https://uzum.uz/help,0
https://ems.uz/products,0
https://kapitalbank.uz/banking,0
http://new-agrobank.uz/verify,1
http://opchtabank.uz/confirm,1
https://www.youtube.com/logout,0
http://anorbak.kz/confirm,1
https://oson.uz@malicious012.com/login,1
http://hamkobank.org/account/verify,1
http://infinbank-uz.ru/transfer,1
https://mytaxi.uz/settings,0
http://uzu-m.kz/kirish,1
https://visa.com/security,0
http://agrobank-net.kz/hisob,1
http://agrobankk.co/secure/login,1
http://oson-secure.kz/karta/faollashtirish,1
https://www.podrobno.uz/api,0
http://exupfjmp9k.cf/login,1
http://aelsin.io/cards/activate,1
https://ft.com/services,0
http://secure-oson.ru/auth,1
https://ebay.com/2024/,0
https://uzb.uz/media,0
https://forbes.com/help,0
http://20.209.126.131/asakabank/confirm,1
http://sqb.gq/hisob,1
http://btcbank.net/login,1
http://poctabank.io/secure/login,1
http://tbcbank-card.ru/verify,1
http://payme-login.ru/secure/login,1
http://hamk-orbank.org/secure/login,1
http://apelisn.uz/cards/activate,1
http://154.44.225.56:8080/uzcard/verify,1
http://ipakyulibakn.kz/payment/confirm,1
http://aloaqbank.uz/secure/login,1
https://dropbox.com/dashboard,0
https://humans.uz/products/list,0
http://verify-oson.co/banking/login,1
https://parlament.uz/offers,0
https://visa.com/terms,0
http://asakbaank.com/secure/login,1
https://www.reddit.com/ru/about,0
http://tbcbak.kz/transfer,1
http://piotekabank.uz/login?next=%2Faccount,1
https://asakabank.uz/register,0
http://click-login.com/cards/activate,1
https://www.instagram.com/api,0
https://payme.uz/category/news,0
http://online-xalqbank.uz/p?redirect=true,1
http://192.230.161.153/anorbank/payment/confirm,1
http://hakorbank.kz/confirm,1
http://94.54.5.179/trastbank/auth,1
http://ipotekabank-bank.com/banking/login,1
http://uz-uzcard.kz/transfer,1
http://online-texagrobank.uz/confirm,1
http://apelisn.co/karta/faollashtirish,1
https://customs.uz/2024/,0
http://best-kapitalbank.co/transfer,1
https://www.paynet.uz/index.html,0
http://pochtaba-nk.net/secure/login,1
http://iptoekabank.uz/banking/login,1
http://alqbank.net/kirish,1
http://secure-oson.net/banking/login,1
http://114.53.66.119/tbcbank/karta/faollashtirish,1
https://cnn.com/notifications,0
http://tbcbank-service.net/p?redirect=true,1
http://a-norbank.uz/verify,1
https://www.apple.com/home,0
https://sputniknews.uz/cards,0
http://kapitalbakn.com/login?next=%2Faccount,1
http://t-exagrobank.net/payment/confirm,1
http://verify-uzpost.ru/payment/confirm,1
http://asakabank.uz@malicious006.com/kirish,1
https://www.pochtabank.uz/contact,0
http://ipaykulibank.com/banking/login,1
http://askaabank.ru/confirm,1
http://login-agrobank.org/verify,1
http://tr45tb4nk.io/secure/login,1
http://iakyulibank.uz/confirm,1
http://37.194.52.240/aloqabank/verify,1
http://texagrbank.org/transfer,1
http://secure-uzcard.kz/payment/confirm,1
https://sog-liqni-saqlash.uz/uploads,0
http://hamkor-bank.uz/kirish,1
http://119.64.137.12:8080/paynet/secure/login,1
http://anorbnak.com/login?next=%2Faccount,1
http://kapitalbank-2024.org/login,1
http://ape-lsin.org/p?redirect=true,1
http://trastbank.uz.login-secure.com/confirm,1
https://gov.uz/history,0
https://cloudflare.com/profile,0
https://www.adobe.com/transfer,0
http://uzum-online.org/confirm,1
http://online-ipakyulibank.io/confirm,1
http://real-oson.co/kirish,1
http://aloqabank-uz.uz/kirish,1
http://real-uzcard.com/confirm,1
https://economist.com/home,0
http://best-click.org/account/verify,1
http://4n0rb4nk.ru/auth,1
http://my-kapitalbank.uz/transfer,1
http://aolqabank.io/verify,1
http://aeplsin.net/login,1
http://login-humo.io/banking/login,1
https://customs.uz/main,0
https://qalampir.uz/report,0
http://pay-uzum.uz/banking/login,1
http://asakabank-bank.ru/auth,1
http://real-humo.co/auth,1
http://trastbank-uz.io/kirish,1
http://nbu-service.uz/payment/confirm,1
http://uz-infinbank.io/confirm,1
http://login-paynet.uz/account/verify,1
https://podrobno.uz/privacy,0
https://aws.amazon.com/services,0
http://real-pochtabank.net/login?next=%2Faccount,1
http://texagorbank.io/confirm,1
http://login-xalqbank.org/hisob,1
http://piotekabank.co/tolov,1
http://humo-service.ru/verify,1
http://uzpots.kz/tolov,1
https://interfax.uz/2024/,0
http://hamkorank.ru/hisob,1
https://bibim.uz/products/list,0
http://new-apelsin.uz/banking/login,1
https://kommersant.uz/api/v1/health,0
https://stripe.com/login,0
https://www.mf.uz/ru,0
http://ipakyulibank-online.co/p?redirect=true,1
http://anorbank-login.co/account/verify,1
http://login-aloqabank.ru/account/verify,1
https://aws.amazon.com/docs,0
https://www.trastbank.uz/,0
https://ipotekabank.uz/settings,0
http://oson-bank.ru/p?redirect=true,1
http://infinbank-bank.co/account/verify,1
https://cloud.google.com/notifications,0
https://yandex.uz/services,0
https://www.mdis.uz/dashboard,0
http://login-ipakyulibank.org/transfer,1
http://click-2024.uz:8080/login,1
https://www.apelsin.uz/help,0
https://gmail.com/api,0
http://naorbank.org/verify,1
http://login-infinbank.net/login?next=%2Faccount,1
http://oso.com/verify,1
http://paynett.org/tolov,1
https://www.apple.com/,0
https://mastercard.com/privacy,0
https://xb.uz/sitemap.xml,0
http://uz-hamkorbank.org/verify,1
https://www.netflix.com/mobile,0
http://asakabank-service.kz/account/verify,1
http://pay-oson.uz/payment/confirm,1
http://aloqabank-bank.uz/secure/login,1
http://ipakyulbank.io/cards/activate,1
http://kapitalabnk.net/banking/login,1
http://real-humo.co/verify,1
http://agrobank-service.kz/secure/login,1
http://verify-ipotekabank.uz/banking/login,1
http://payne-t.io/account/verify,1
http://online-agrobank.ru/payment/confirm,1
https://uznet.uz/docs,0
http://verify-sqb.uz/p?redirect=true,1
http://secure-texagrobank.uz.phish.xyz/banking/login,1
http://etxagrobank.io/tolov,1
http://188.202.55.204:8080/pochtabank/hisob,1
http://nbu-online.com/verify,1
https://slack.com/sitemap.xml,0
https://agrobank.uz@malicious007.com/login,1
http://po-chtabank.kz/secure/login,1
http://k4p1t41b4nk.ru/tolov,1
http://agrobanklogin.com/kirish,1
https://yahoo.com/2024/,0
http://login-hamkorbank.org/tolov,1
https://netflix.com/category/services,0
https://www.license.uz/main,0
http://trsatbank.kz/login?next=%2Faccount,1
https://sqb.uz/privacy,0
http://zuum.io/secure/login,1
http://anorbank-2024.com/cards/activate,1
http://ipak-yulibank.uz/account/verify,1
http://xalqbank-bank.io/tolov,1
http://best-hamkorbank.org/tolov,1
https://shopify.com/download,0
http://uzpost.uz@malicious006.com/kirish,1
http://online-apelsin.kz/kirish,1
http://sakabank.co/cards/activate,1
https://www.ft.com/api,0
http://official-apelsin.co/verify,1
http://oson-login.net/karta/faollashtirish,1
http://online-ipakyulibank.org/verify,1
http://iakyulibank.co/karta/faollashtirish,1
https://azure.microsoft.com/settings,0
http://trast-bank.kz/verify,1
http://osno.io/payment/confirm,1
http://uz-kapitalbank.io/cards/activate,1
http://oson-net.org/hisob,1
http://infinbankhisob.com/cards/activate,1
http://grobank.co/tolov,1
http://login-infinbank.co/banking/login,1
https://bbc.com/sitemap.xml,0
http://uzcard-uz.verify-account.net/p?redirect=true,1
http://texagro-bank.io/banking/login,1
http://sqb-login.com/login?next=%2Faccount,1
http://nbu-net.org/login?next=%2Faccount,1
https://hub.docker.com/uz,0
http://agobank.kz/payment/confirm,1
https://adobe.com/wiki,0
http://2.161.6.91/ipotekabank/banking/login,1
http://trastbank-bank.com/payment/confirm,1
http://uzum.uz.account-verify.net/hisob,1
http://4p3151n.kz/hisob,1
https://samdu.uz/logout,0
https://asakabank.uz/api,0
http://official-nbu.io/payment/confirm,1
http://58.63.236.89:8080/anorbank/confirm,1
http://online-nbu.io/transfer,1
http://uzumaccount.com/hisob,1
http://login.secure.account3.hamkorbank.uz.phish.com/auth,1
https://wix.com/report,0
https://gov.uz/analytics,0
http://login-nbu.org/cards/activate,1
http://208.177.185.186:8080/trastbank/login?next=%2Faccount,1
https://www.uzum.uz/wiki,0
http://uzcrad.co/secure/login,1
https://docs.python.org/blog,0
http://iptekabank.net/verify,1
https://spot.uz/user/profile,0
https://qalampir.uz/news,0
http://osn.com/account/verify,1
https://uza.uz/2024/,0
http://online-texagrobank.com/auth,1
http://sqb-bank.uz/auth,1
http://uzopst.io/tolov,1
https://docs.python.org/category/services,0
https://developer.mozilla.org/main,0
http://ipotekabank-2024.net/p?redirect=true,1
https://github.com/news,0
http://tbcbank-online.uz/auth,1
http://online-nbu.co/login?next=%2Faccount,1
https://mytaxi.uz/banking,0
https://payme.uz/analytics,0
http://hamkor-bank.io/kirish,1
http://18.67.42.186/nbu/confirm,1
http://uzpo-st.com/secure/login,1
http://kapital-bank.io/tolov,1
http://sqbb.uz/login?next=%2Faccount,1
http://online-click.io/login,1
http://infinabnk.kz/account/verify,1
https://www.agrobank.uz/blog,0
http://anorbank-uz.org/transfer,1
https://wikipedia.org/help,0
http://h4mk0rb4nk.kz/verify,1
http://hamko-rbank.kz/tolov,1
http://uzp05t.io/confirm,1
https://aloqabank.uz/cards,0
https://www.hamkorbank.uz/report,0
http://apelsi.com/tolov,1
http://infinbank-login.com/auth,1
https://www.visa.com/notifications,0
http://uuzm.io/payment/confirm,1
http://my-ipakyulibank.ru/payment/confirm,1
http://oson-online.io/hisob,1
http://ano-rbank.net/banking/login,1
https://cnn.com/sitemap.xml,0
http://pohtabank.org/secure/login,1
http://135.8.221.208/aloqabank/transfer,1
http://apelsin.gq/payment/confirm,1
https://humo.uz/download,0
http://kapitalbank-login.co/tolov,1
https://podrobno.uz/media,0
http://tbcbank-secure.kz/cards/activate,1
http://uzu-m.ru/tolov,1
http://real-infinbank.co/transfer,1
http://trstbank.com/kirish,1
http://online-kapitalbank.org/hisob,1
https://www.edu.uz/products/list,0
http://secure-paynet.kz/banking/login,1
https://hamkorbank.uz/uz/hizmatlar,0
http://pochtabank-2024.io/verify,1
https://kun.uz/logout,0
http://nbu.xyz/tolov,1
http://h-umo.ru/hisob,1
https://www.nytimes.com/en/services,0
http://29.91.223.15/infinbank/confirm,1
https://bloomberg.com/services,0
https://netflix.com/faq,0
http://anorbnak.ru/cards/activate,1
http://iotekabank.org/verify,1
http://179.4.113.41/infinbank/verify,1
https://bing.com/sitemap.xml,0
http://ipa-kyulibank.org/secure/login,1
http://upost.io/cards/activate,1
http://uz-pochtabank.io/confirm,1
http://trsatbank.net/auth,1
https://www.shopify.com/offers,0
http://trastbnk.net/account/verify,1
https://www.paypal.com/user/profile,0
https://president.uz/ru,0
http://245.31.61.173/xalqbank/login?next=%2Faccount,1
https://office.com/uz,0
http://infinbank-online.net:3000/login,1
https://www.netflix.com/security,0
https://linkedin.com/ru/about,0
https://www.daryo.uz/home,0
https://humo.uz/en/services,0
https://theguardian.com/,0
http://uzpost-login.kz/cards/activate,1
https://podrobno.uz/ru,0
http://verify-kapitalbank.co/banking/login,1
http://162.225.20.204/humo/p?redirect=true,1
http://hamkorbankk.org/karta/faollashtirish,1
http://pochabank.org/kirish,1
http://i-potekabank.kz/transfer,1
http://paynetkirish.com/account/verify,1
https://anorbank.uz/static/css/main.css,0
http://uzcrad.uz/kirish,1
http://agroabnk.uz/auth,1
https://www.nature.com/about-us,0
http://new-ipakyulibank.net/cards/activate,1
http://official-uzcard.org:8443/login,1
https://bbc.com/news,0
https://science.org/notifications,0
http://137.57.220.24:8080/texagrobank/verify,1
https://www.daryo.uz/news,0
http://67.223.234.101:8080/click/verify,1
http://verify-uzpost.com/hisob,1
https://hub.docker.com/transfer,0
https://kubernetes.io/logout,0
https://tdiu.uz/ru,0
https://www.pochtabank.uz/profile,0
http://grobank.net/transfer,1
http://asakabank-bank.kz/secure/login,1
https://court.uz/robots.txt,0
http://uzcard-2024.org/confirm,1
https://science.org/profile,0
https://texagrobank.uz/category/services,0
http://xalqabnk.ru/verify,1
http://click-uz.org/karta/faollashtirish,1
http://official-paynet.net/transfer,1
https://agrobank.uz/index.html,0
http://official-ipotekabank.net/karta/faollashtirish,1
http://agorbank.net/tolov,1
http://165.71.131.226:8080/uzpost/account/verify,1
http://hamkorban.com/cards/activate,1
https://xb.uz/,0
https://hamkorbank.uz/docs,0
https://uznet.uz/about-us,0
https://xs.uz/en/services,0
http://ipakyulibank-login.org/confirm,1
http://uzpost-secure.io/p?redirect=true,1
https://uznet.uz/login,0
http://aloqabank-login.com/hisob,1
https://www.mastercard.com/payments,0
https://www.stripe.com/products,0
http://online-xalqbank.net/cards/activate,1
https://google.com/blog,0
https://www.reuters.com/category/services,0
https://court.uz/ru/about,0
https://adobe.com/docs,0
http://online-trastbank.org/login,1
https://sog-liqni-saqlash.uz/about-us,0
https://tsue.uz/help,0
https://pypi.org/en/services,0
https://github.com/privacy,0
http://verify-infinbank.uz/kirish,1
http://apyme.co/secure/login,1
http://best-asakabank.org/verify,1
https://uzb.uz/login,0
http://login-pochtabank.co/verify,1
http://clic-k.org/login?next=%2Faccount,1
https://spot.uz/products/list,0
http://online-kapitalbank.io/account/verify,1
http://43.180.115.181:8080/xalqbank/secure/login,1
https://uzb.uz/api/v1/health,0
http://agrobank-secure.com/kirish,1
http://38.239.237.246/asakabank/confirm,1
http://real-uzcard.kz/transfer,1
https://agrobank.uz/products,0
https://xalqbank.uz/products/list,0
https://www.zamin.uz/register,0
http://trsatbank.uz/confirm,1
http://ipotekabank-uz.co/account/verify,1
https://azure.microsoft.com/privacy,0
http://inifnbank.kz/kirish,1
http://asakab-ank.org/auth,1
http://texagroba-nk.ru/cards/activate,1
https://shopify.com/uz,0
http://aloqabank-secure.uz/login,1
https://parlament.uz/banking,0
http://ipayulibank.org/account/verify,1
http://uz-sqb.ru/kirish,1
https://kommersant.uz/blog,0
https://pochtabank.uz/about,0
http://uzpost-verify.com/login?next=%2Faccount,1
http://h-umo.org/payment/confirm,1
https://asakabank.uz@malicious013.com/login,1
http://secure-pochtabank.com/p?redirect=true,1
http://uz-humo.net/secure/login,1
https://uzb.uz/products,0
https://xs.uz/logout,0
http://uzum-2024.co/auth,1
http://191.33.185.244:8080/apelsin/banking/login,1
http://103.153.83.80/asakabank/kirish,1
http://xalqban-k.ru/verify,1
https://www.samdu.uz/login,0
https://sqb.uz/dashboard,0
http://trastbakn.io/banking/login,1
http://tbcbank-2024.net/secure/login,1
http://hamkorbank-pay.net/karta/faollashtirish,1
http://oson-online.ru/kirish,1
http://secure-ipakyulibank.kz/auth,1
http://xalqbank-online.net/karta/faollashtirish,1
http://pohctabank.com/transfer,1
http://uzcrad.co/p?redirect=true,1
http://51.17.75.6:8080/aloqabank/secure/login,1
http://paynet-net.ru/payment/confirm,1
https://uznet.uz/dashboard,0
http://real-hamkorbank.io/hisob,1
http://i-potekabank.uz/secure/login,1
http://98.205.2.62:8080/ipotekabank/account/verify,1
http://uczard.kz/karta/faollashtirish,1
https://ipakyulibank.uz/ru,0
https://edu.uz/,0
https://uza.uz/logout,0
https://www.e-gov.uz/docs,0
http://verify-hamkorbank.co/verify,1
https://tuit.uz/cards,0
http://ipakyuliba-nk.net/kirish,1
http://694v3kra7x.rest/kirish,1
https://nytimes.com/security,0
https://customs.uz/about,0
http://uzc-ard.com/auth,1
https://payme.uz/,0
https://interfax.uz/robots.txt,0
https://dunyo.uz/products/list,0
https://xalqbank.uz/category/services,0
http://real-xalqbank.co/verify,1
http://login.secure.account0.pochtabank.uz.phish.com/auth,1
http://anobrank.net/karta/faollashtirish,1
http://trastbank-pay.co/tolov,1
http://uzard.ru/confirm,1
https://qalampir.uz/main,0
http://apelsin-2024.org/transfer,1
http://online-hamkorbank.net/cards/activate,1
https://adobe.com/category/news,0
http://hamkorabnk.uz/transfer,1
http://a-grobank.kz/verify,1
http://official-ipakyulibank.kz/hisob,1
https://mdis.uz/login,0
https://ft.com/app,0
https://www.pharmi.uz/products,0
http://exagrobank.co/account/verify,1
http://hamkorank.uz/account/verify,1
http://108.124.205.253:8080/nbu/login,1
http://ipakyulibank-login.io/kirish,1
https://apelsin.uz/messages,0
http://pochtabanktasdiqlash.com/banking/login,1
https://xalqbank.uz/transfer,0
http://laoqabank.ru/p?redirect=true,1
https://license.uz/home,0
https://dunyo.uz/contact,0
http://ipotek-abank.kz/payment/confirm,1
http://s-qb.kz:3000/login,1
http://payem.uz/hisob,1
https://google.com/products,0
http://aloqabank.uz@malicious003.com/kirish,1
http://iptoekabank.uz/payment/confirm,1
https://sog-liqni-saqlash.uz/support,0
http://payne-t.uz/secure/login,1
http://online-aloqabank.ru/hisob,1
https://www.linkedin.com/api,0
https://www.mastercard.com/settings,0
http://62.6.159.105:8080/sqb/karta/faollashtirish,1
http://51.165.245.118/nbu/confirm,1
https://yoshlar.uz/analytics,0
https://pochta.uz/2024/,0
http://ipakyulibank-service.net/cards/activate,1
https://bloomberg.com/contact,0
http://229.115.102.133:8080/trastbank/payment/confirm,1
http://kirish-anorbank.uz/banking/login,1
https://kommersant.uz/category/news,0
http://my-paynet.org/login,1
http://online-hamkorbank.kz/p?redirect=true,1
http://155.115.93.159:8080/agrobank/transfer,1
https://kun.uz/security,0
http://uz-ipakyulibank.co/transfer,1
http://agrobank-card.kz:8080/login,1
http://best-uzcard.com/payment/confirm,1
https://customs.uz/history,0
http://uz-paynet.co/kirish,1
http://sakabank.co/verify,1
http://221.73.102.109:8080/apelsin/transfer,1
http://piotekabank.co/kirish,1
http://p-aynet.net/login,1
http://verify-infinbank.uz/login?next=%2Faccount,1
http://27.221.237.48/asakabank/confirm,1
https://pharmi.uz/api/v1/health,0
https://mf.uz/ru/about,0
http://official-xalqbank.net/banking/login,1
https://www.pharmi.uz/report,0
https://ipakyulibank.uz/category/news,0
https://tuit.uz/2024/,0
http://tcbbank.uz/karta/faollashtirish,1
http://uz-kapitalbank.co/banking/login,1
http://pochabank.com/karta/faollashtirish,1
http://pochtabank-2024.kz/login,1
http://aakabank.com/karta/faollashtirish,1
https://www.mastercard.com/home,0
https://www.bloomberg.com/dashboard,0
https://www.hub.docker.com/services,0
https://www.gmail.com/privacy,0
https://www.stat.uz/products,0
http://official-kapitalbank.net:8443/login,1
http://s-qb.uz/cards/activate,1
http://new-kapitalbank.com/payment/confirm,1
https://stackoverflow.com/robots.txt,0
http://aorbank.net/login,1
http://payme-online.co/login,1
http://online-hamkorbank.kz/account/verify,1
http://kapital-bank.uz/transfer,1
https://www.zamin.uz/media,0
http://hamkorbank-2024.kz/login?next=%2Faccount,1
https://www.xs.uz/ru,0
http://texagrobank-login.io/p?redirect=true,1
http://ipakyulibank-uz.uz/login?next=%2Faccount,1
https://nytimes.com/uz/hizmatlar,0
http://oson-login.org/cards/activate,1
http://secure-uzpost.uz.phish.xyz/transfer,1
http://uz-texagrobank.kz/account/verify,1
http://pochta-bank.ru/transfer,1
http://pochtbaank.org/banking/login,1
http://cli-ck.kz/payment/confirm,1
https://developer.mozilla.org/media,0
https://www.ems.uz/help,0
http://ha-mkorbank.com/secure/login,1
https://hamkorbank.uz/en/services,0
http://nbu-uz.org/banking/login,1
http://ipakuylibank.io/karta/faollashtirish,1
https://www.stackoverflow.com/wiki,0
http://paynet-pay.org/transfer,1
https://ipakyulibank.uz/uploads,0
http://p4ym3.com/kirish,1
http://hmakorbank.co/secure/login,1
http://uzc4rd.com/login,1
http://asaakbank.org/verify,1
http://ipotekabank-secure.kz/tolov,1
https://parlament.uz/about-us,0
http://aloqbank.com/login,1
https://www.aws.amazon.com/help,0
http://my-infinbank.ru/cards/activate,1
https://stat.uz/uploads,0
http://kapialbank.ru/hisob,1
https://edu.uz/mobile,0
http://agrobankk.net/payment/confirm,1
https://www.xalqbank.uz/cards,0
https://paynet.uz/user/profile,0
http://clck.uz/karta/faollashtirish,1
https://www.texagrobank.uz/search,0
https://www.youtube.com/sitemap.xml,0
http://humo-online.net/cards/activate,1
http://xalqbank-online.co/transfer,1
https://www.nbu.uz/help,0
http://ipakyuliank.com/karta/faollashtirish,1
https://podrobno.uz/transfer,0
http://ipakyulibank-online.com/account/verify,1
http://ipaykulibank.uz/banking/login,1
https://oson.uz/mobile,0
http://hamkorbak.net/login?next=%2Faccount,1
http://pochtabank-login.kz/confirm,1
https://ft.com/main,0
https://dropbox.com/app,0
http://hamkorbank-service.ru/kirish,1
http://pochtbank.kz/transfer,1
http://click-card.org/kirish,1
http://best-ipotekabank.co/login,1
http://xavfsiz-uzcard.uz/banking/login,1
http://pyanet.org/payment/confirm,1
https://stackoverflow.com/help,0
http://84.197.220.153/paynet/cards/activate,1
https://sputniknews.uz/dashboard,0
https://www.stackoverflow.com/api,0
https://interfax.uz/cards,0
https://trastbank.uz/profile,0
http://hamkorbak.io/hisob,1
http://6.74.230.21:8080/asakabank/transfer,1
https://pharmi.uz/help,0
https://www.visa.com/main,0
http://humo.uz@malicious004.com/kirish,1
http://kapitlbank.net/secure/login,1
https://office.com/robots.txt,0
http://0ojt5lpxn9ecao6bfzrwmh.rest/p?redirect=true,1
https://microsoft.com/media,0
https://anorbank.uz/uz/hizmatlar,0
http://ipotekaban-k.org/confirm,1
https://tdiu.uz/analytics,0
https://mehnat.uz/uz,0
http://i-potekabank.net/auth,1
http://ipote-kabank.co/hisob,1
https://ipotekabank.uz/help,0
https://gov.uz/category/news,0
http://hamkrbank.uz/account/verify,1
http://ipotekabankk.co/payment/confirm,1
http://102.40.85.244/ipotekabank/karta/faollashtirish,1
http://xalqbank-uz.org/account/verify,1
https://customs.uz/logout,0
http://uzcard.online/auth,1
https://mytaxi.uz/security,0
http://agrobank-2024.org/account/verify,1
https://podrobno.uz/analytics,0
https://customs.uz/ru/about,0
https://www.mytaxi.uz/support,0
http://pochtaba-nk.net/kirish,1
http://85.203.221.123/xalqbank/verify,1
https://mdis.uz/api/v1/health,0
http://my-pochtabank.net/kirish,1
http://hum-o.org/cards/activate,1
http://oson.uz.login-secure.com/banking/login,1
http://kaiptalbank.co/p?redirect=true,1
https://www.wikipedia.org/uz,0
http://trastbank-online.org/confirm,1
https://mdis.uz/2024/,0
https://nytimes.com/static/css/main.css,0
http://as-akabank.com/account/verify,1
https://apelsin.uz/notifications,0
http://login-hamkorbank.io/auth,1
http://hamkorba-nk.co/kirish,1
http://q3vqjddgb9s7sc98wzgw1h.info/payment/confirm,1
http://confirm-sqb.uz/account/verify,1
http://aloqabankpay.com/auth,1
https://azure.microsoft.com/main,0
http://texgarobank.ru/hisob,1
http://trastbnak.io/payment/confirm,1
http://214.241.96.150:8080/paynet/p?redirect=true,1
http://best-aloqabank.ru:9090/login,1
http://sakabank.ru/transfer,1
https://mdis.uz/help,0
https://www.youtube.com/messages,0
http://43.48.254.42/anorbank/payment/confirm,1
http://texagrobank.uz@malicious014.com/kirish,1
http://bnu.org/secure/login,1
http://infinbank-secure.co/verify,1
http://iptoekabank.co/banking/login,1
https://samdu.uz/offers,0
http://1p4kyu11b4nk.com/tolov,1
http://real-aloqabank.io/login,1
http://agobank.com/auth,1
http://22.203.51.71/aloqabank/transfer,1
http://my-pochtabank.uz/confirm,1
http://kpaitalbank.net/account/verify,1
http://trastbakn.co/p?redirect=true,1
https://www.epay.uz/api,0
http://tbc-bank.uz/auth,1
https://gazeta.uz/en,0
https://soliq.uz/app,0
http://70.151.66.11:8080/payme/account/verify,1
https://twitter.com/profile,0
http://online-texagrobank.co/karta/faollashtirish,1
http://real-anorbank.uz/verify,1
http://new-aloqabank.co/login,1
http://aloaqbank.org/hisob,1
http://apelsin-service.org/kirish,1
http://infinbank-online.io/banking/login,1
http://oson-pay.ru/secure/login,1
https://www.bing.com/transfer,0
http://iotekabank.io/tolov,1
https://www.apelsin.uz/home,0
https://hub.docker.com/analytics,0
http://a-sakabank.co/hisob,1
http://asakabank-online.kz/cards/activate,1
http://oson-uz.net/payment/confirm,1
http://tbcbank-login.kz/transfer,1
https://www.click.uz/user/profile,0
https://tsue.uz/news,0
https://microsoft.com/support,0
https://nuu.uz/security,0
http://oso.com/payment/confirm,1
https://prokuratura.uz/search,0
https://soliq.uz/help,0
http://ka-pitalbank.com/hisob,1
http://alqoabank.co/p?redirect=true,1
http://hamkorbakn.co/verify,1
https://uznet.uz/robots.txt,0
http://kapitalbakn.ru/p?redirect=true,1
https://www.science.org/search,0
https://www.tuit.uz/user/profile,0
https://podrobno.uz/help,0
http://best-ipakyulibank.co/transfer,1
http://tex-agrobank.uz/confirm,1
http://pochtaank.org/payment/confirm,1
http://oson-net.uz/tolov,1
http://texargobank.uz/auth,1
http://best-xalqbank.io/p?redirect=true,1
http://official-sqb.co/payment/confirm,1
http://uzpost-login.org/login,1
http://infinbank.uz@malicious009.com/kirish,1
http://sqbxavfsiz.com/login?next=%2Faccount,1
http://rtastbank.com/secure/login,1
http://trastbank-2024.io/confirm,1
https://reddit.com/home,0
https://github.com/media,0
http://arobank.net/login,1
https://xalqbank.uz/,0
http://ipakyulibankk.kz/karta/faollashtirish,1
http://humo.uz.payment-confirm.ru/kirish,1
http://paynet.uz@malicious014.com/kirish,1
http://texagrobank-online.org/kirish,1
http://paynet.uz@malicious000.com/kirish,1
http://humo-2024.io/auth,1
http://cli-ck.uz/hisob,1
https://www.cnn.com/offers,0
http://238.76.80.205/paynet/cards/activate,1
http://infinank.org/payment/confirm,1
https://www.reuters.com/products,0
http://aloqabnk.kz/verify,1
https://dunyo.uz/download,0
http://sqbxavfsiz.com/payment/confirm,1
https://linkedin.com/index.html,0
http://173.176.235.92/payme/transfer,1
http://asakabank-service.org/login,1
http://kapita-lbank.kz/tolov,1
https://twitter.com/mobile,0
https://www.sog-liqni-saqlash.uz/faq,0
http://texagrobank-net.io/payment/confirm,1
https://google.com/terms,0
https://cloud.google.com/robots.txt,0
http://uzcard.uz@malicious012.com/kirish,1
http://hamkrbank.kz/confirm,1
http://hamkorbank-online.com/karta/faollashtirish,1
http://uzca-rd.co/cards/activate,1
http://official-sqb.org/p?redirect=true,1
http://182.85.211.12:8080/apelsin/login?next=%2Faccount,1
https://tuit.uz/notifications,0
https://www.wordpress.com/contact,0
http://aloqabank.uz@malicious004.com/kirish,1
http://upzost.uz/account/verify,1
http://sqb-secure.ru/tolov,1
http://ipakyulibakn.com/p?redirect=true,1
https://www.google.com/docs,0
http://apelsin-online.ru/banking/login,1
http://infinabnk.io/karta/faollashtirish,1
https://wix.com/terms,0
http://texagrobakn.com/confirm,1
https://wsj.com/api/v1/health,0
http://click-service.kz/hisob,1
https://mf.uz/api/v1/health,0
http://online-agrobank.org/verify,1
http://kapital-bank.ru/confirm,1
http://login-ipotekabank.io/login?next=%2Faccount,1
http://asaakbank.org/login?next=%2Faccount,1
https://www.texagrobank.uz/docs,0
http://64.111.195.155/infinbank/kirish,1
http://al-oqabank.ru/secure/login,1
http://new-sqb.io/cards/activate,1
https://wordpress.com/history,0
http://hamko-rbank.kz/login?next=%2Faccount,1
https://prokuratura.uz/index.html,0
http://a-grobank.uz/karta/faollashtirish,1
http://apelsin-card.net/p?redirect=true,1
http://ipakyulibank-service.uz/hisob,1
https://www.nuu.uz/offers,0
https://bbc.com/category/news,0
http://h4mk0rb4nk.org/payment/confirm,1
https://www.yoshlar.uz/report,0
http://kapitalba-nk.net/account/verify,1
http://uz-card.com/kirish,1
http://texagroba-nk.net/login,1
http://texagorbank.uz/secure/login,1
http://real-paynet.net/p?redirect=true,1
https://pochtabank.uz/login,0
https://www.interfax.uz/dashboard,0
http://uz-oson.co/kirish,1
http://0m6y7e4c5pbu6p3tl0.site/account/verify,1
http://hakorbank.kz/account/verify,1
https://yahoo.com/faq,0
https://forbes.com/mobile,0
http://51.17.75.6/aloqabank/secure/login,1
http://ipakyuliban.ru/account/verify,1
http://real-sqb.uz/auth,1
http://22.17.213.143:8080/aloqabank/login,1
http://36.40.92.166:8080/nbu/hisob,1
http://oson-secure.io/hisob,1
https://e-gov.uz/app,0
http://164.44.107.133:8080/paynet/payment/confirm,1
https://www.yoshlar.uz/index.html,0
http://new-apelsin.uz/account/verify,1
https://www.ebay.com/en,0
https://kommersant.uz/faq,0
http://5.4.30.29/uzcard/verify,1
https://texagrobank.uz/2024/,0
https://texagrobank.uz/robots.txt,0
http://kapitalbank-secure.kz/kirish,1
http://158.180.1.85/uzcard/karta/faollashtirish,1
https://www.samdu.uz/search,0
http://real-uzcard.net/p?redirect=true,1
https://soliq.uz/mobile,0
http://official-uzpost.org/kirish,1
http://qjj80e7nv7k56.top/account/verify,1
http://uz-tbcbank.co/p?redirect=true,1
http://uzcard-2024.uz/transfer,1
https://sqb.uz/messages,0
https://nature.com/support,0
https://sqb.uz/en/services,0
https://bloomberg.com/blog,0
https://kapitalbank.uz/download,0
http://payme-2024.com/login,1
https://click.uz/uploads,0
http://37.29.206.6:8080/click/kirish,1
http://pochtaba-nk.org/transfer,1
http://iotekabank.net/auth,1
https://infinbank.uz/services,0
http://ipa-kyulibank.ru/hisob,1
http://amkorbank.org/hisob,1
http://ipoetkabank.io/secure/login,1
http://hisob-texagrobank.uz/payment/confirm,1
http://asakaban.co/karta/faollashtirish,1
http://new-anorbank.org/secure/login,1
http://login-agrobank.ru/account/verify,1
https://pochta.uz/analytics,0
http://tbcbank.gq/p?redirect=true,1
https://uznet.uz/search,0
https://trastbank.uz/download,0
http://texagrobanktasdiqlash.com/payment/confirm,1
http://xb6byvscaff2x5y3k0s2.ml/cards/activate,1
http://ano-rbank.com/confirm,1
http://uzm.com/banking/login,1
http://infinbank.rest/banking/login,1
https://www.apple.com/robots.txt,0
http://texagrbank.co/kirish,1
https://www.epay.uz/history,0
http://ipakyulibank-bank.ru/kirish,1
https://www.bing.com/ru/about,0
https://xalqbank.uz/contact,0
http://infinban-k.uz/verify,1
https://humo.uz/login,0
http://410q4b4nk.kz/secure/login,1
http://pochtabak.net/login?next=%2Faccount,1
https://www.aloqabank.uz/offers,0
http://hum0.net/verify,1
http://online-ipakyulibank.ru/auth,1
http://xalqbank.buzz/account/verify,1
https://wsj.com/blog,0
https://www.ipotekabank.uz/banking,0
http://ipotekabank-card.ru/verify,1
https://kun.uz/app,0
https://www.tsue.uz/main,0
https://zamin.uz/uz/hizmatlar,0
http://uhmo.com/p?redirect=true,1
http://anorban-k.kz/login,1
http://son.ru/login,1
http://infi-nbank.ru/cards/activate,1
https://gazeta.uz/dashboard,0
https://stat.uz/products,0
http://my-ipakyulibank.org/hisob,1
http://ipakyulibank-pay.uz/tolov,1
https://www.mehnat.uz/banking,0
http://new-ipotekabank.net/karta/faollashtirish,1
https://forbes.com/api,0
http://new-uzum.co/payment/confirm,1
https://president.uz/index.html,0
https://www.dropbox.com/support,0
https://dropbox.com/wiki,0
http://uzp-ost.uz/cards/activate,1
https://ebay.com/help,0
http://infinbnk.ru/transfer,1
https://mf.uz/services,0
https://uzum.uz/security,0
https://mehnat.uz/home,0
https://xs.uz/blog,0
https://www.epay.uz/search,0
http://new-asakabank.org/tolov,1
http://agrobank-uz.org/auth,1
https://stripe.com/uz,0
https://www.cloud.google.com/user/profile,0
https://linkedin.com/category/services,0
https://tsue.uz/index.html,0
http://payme-tasdiqlash.com/tolov,1
http://uzca-rd.net/login,1
http://asakabank-login.kz/auth,1
http://trastbank.top/tolov,1
http://online-infinbank.io/verify,1
https://www.cloud.google.com/login,0
http://uz-pochtabank.ru/cards/activate,1
http://asakaabnk.kz/login,1
http://inf-inbank.net/p?redirect=true,1
http://tratbank.uz/login,1
http://verify-oson.kz/payment/confirm,1
https://cloud.google.com/api/v1/health,0
http://tbcba-nk.io/secure/login,1
https://cloudflare.com/index.html,0
https://zoom.us/blog,0
https://stripe.com/app,0
http://tbcank.uz/kirish,1
https://www.oson.uz/app,0
https://nytimes.com/category/news,0
http://my-xalqbank.com/p?redirect=true,1
http://uzcadr.co/payment/confirm,1
http://cli-ck.co/verify,1
http://ipakyulibank-uz.com/login?next=%2Faccount,1
https://www.xb.uz/cards,0
https://aws.amazon.com/mobile,0
http://p-ayme.kz/banking/login,1
https://www.aloqabank.uz/api,0
http://kapitalba-nk.kz/karta/faollashtirish,1
https://www.wordpress.com/banking,0
http://texagrobnak.kz/auth,1
http://pochtaban-k.org/karta/faollashtirish,1
http://asakabank.online/karta/faollashtirish,1
https://www.xs.uz/history,0
http://xalqbank-service.io/banking/login,1
http://verify-ipotekabank.com/karta/faollashtirish,1
http://xalqbank-2024.io/kirish,1
http://kapitalbank-uz.verify-account.net/account/verify,1
https://customs.uz/news,0
https://apple.com/logout,0
http://login-xalqbank.co/p?redirect=true,1
https://www.e-gov.uz/home,0
http://anorbankk.net/cards/activate,1
https://texagrobank.uz/offers,0
http://210.104.6.61:8080/kapitalbank/hisob,1
http://oson-secure.co/banking/login,1
http://apelsin-bank.io/banking/login,1
https://nbu.uz/services,0
http://payme-secure.uz/login,1
http://uzum-net.ru/kirish,1
http://payme-net.com/payment/confirm,1
https://gazeta.uz/index.html,0
https://www.paypal.com/security,0
http://159.151.160.112/uzcard/login?next=%2Faccount,1
https://google.com/messages,0
https://cloudflare.com/report,0
http://p4yn3t.uz:9090/login,1
http://uz-ipotekabank.io/payment/confirm,1
http://upost.org/secure/login,1
http://hamko-rbank.kz/p?redirect=true,1
https://apple.com/contact,0
https://xs.uz/products,0
http://real-asakabank.ru/karta/faollashtirish,1
http://online-apelsin.kz/login?next=%2Faccount,1
http://clik.io/login?next=%2Faccount,1
https://humans.uz/cards,0
http://t-exagrobank.co/auth,1
http://login-ipotekabank.ru/transfer,1
https://kommersant.uz/user/profile,0
http://my-paynet.kz/cards/activate,1
http://p-aynet.uz/hisob,1
http://134.42.19.164/uzum/verify,1
https://microsoft.com/dashboard,0
https://www.aloqabank.uz/uz,0
http://best-anorbank.co/account/verify,1
https://www.bbc.com/home,0
https://www.bibim.uz/robots.txt,0
http://14.188.107.73:8080/paynet/login,1
http://osn.co/kirish,1
https://tbcbank.uz/static/css/main.css,0
https://www.ipakyulibank.uz/uz/hizmatlar,0
http://apelsni.com/auth,1
https://theguardian.com/api/v1/health,0
https://e-gov.uz/main,0
https://azure.microsoft.com/uploads,0
http://new-tbcbank.ru/auth,1
http://online-payme.org/cards/activate,1
https://office.com/dashboard,0
http://my-uzum.co/hisob,1
http://58.7.34.211/hamkorbank/tolov,1
http://af7z4szm12.tk/hisob,1
https://ft.com/2024/,0
https://www.uznet.uz/media,0
https://customs.uz/en/services,0
http://208.19.144.244:8080/ipakyulibank/confirm,1
http://trsatbank.net/login?next=%2Faccount,1
http://kapiatlbank.com/karta/faollashtirish,1
http://best-payme.co/account/verify,1
https://uznet.uz/transfer,0
https://wikipedia.org/ru/about,0
http://pochtaank.net/banking/login,1
https://cloudflare.com/,0
https://www.xb.uz/dashboard,0
http://ipoteka-bank.io/transfer,1
https://wikipedia.org/history,0
http://apel-sin.kz/transfer,1
https://www.xalqbank.uz/analytics,0
http://uz-ipotekabank.uz/banking/login,1
https://www.nuu.uz/report,0
https://netflix.com/robots.txt,0
https://anorbank.uz/support,0
https://uzum.uz/payments,0
http://tbcban-k.co/p?redirect=true,1
https://aws.amazon.com/register,0
http://agroabnk.co/confirm,1
http://ipakylibank.uz/verify,1
http://ipotekabank-uz.io/cards/activate,1
https://mf.uz/faq,0
https://github.com/banking,0
https://www.sqb.uz/login,0
http://pohctabank.uz/verify,1
http://aloq-abank.kz/confirm,1
http://login-texagrobank.org/transfer,1
http://ipot-ekabank.org/secure/login,1
http://real-paynet.net/tolov,1
http://uz-ipotekabank.net/hisob,1
https://science.org/support,0
https://linkedin.com/api,0
http://3.153.176.158:8080/click/tolov,1
http://xalq-bank.co/verify,1
http://infnbank.io/verify,1
http://hamkorbank-card.ru/p?redirect=true,1
http://6xw4hhj4nbh9.gq/payment/confirm,1
http://49.227.219.12:8080/hamkorbank/tolov,1
http://anobank.io/tolov,1
http://agrobank-online.org/transfer,1
http://78.55.126.66:8080/paynet/account/verify,1
https://uzb.uz/category/services,0
https://www.slack.com/category/services,0
http://70.69.26.240:8080/apelsin/tolov,1
https://microsoft.com/cards,0
https://developer.mozilla.org/news,0
https://science.org/services,0
https://www.wikipedia.org/payments,0
http://uzcard.uz@malicious010.com/kirish,1
https://zamin.uz/media,0
http://apelsin-login.net/karta/faollashtirish,1
http://new-oson.ru/banking/login,1
http://pochtabank-uz.kz/karta/faollashtirish,1
http://oson-login.ru/cards/activate,1
https://www.amazon.com/2024/,0
https://www.humans.uz/main,0
http://hmakorbank.net/karta/faollashtirish,1
http://247.62.206.20:8080/oson/confirm,1
https://infinbank.uz/api,0
https://www.mastercard.com/news,0
http://uzcard-pay.ru/cards/activate,1
https://www.bloomberg.com/privacy,0
http://xalqank.co/auth,1
http://xalqbank-pay.uz/verify,1
http://official-texagrobank.io/cards/activate,1
http://pochtaban-k.uz/login?next=%2Faccount,1
http://trastbank-pay.uz/transfer,1
https://www.wsj.com/category/services,0
http://payne.io/confirm,1
http://anorbank-2024.kz/payment/confirm,1
http://pay-net.net/verify,1
http://kapitablank.net/confirm,1
http://nbu-secure.co/kirish,1
https://www.edu.uz/2024/,0
https://www.humo.uz/wiki,0
http://aynet.kz/kirish,1
http://uzcard.uz@malicious007.com/kirish,1
https://wikipedia.org/uz,0
https://texagrobank.uz/static/css/main.css,0
https://ft.com/wiki,0
http://pochtabak.io/verify,1
https://mastercard.com/media,0
https://github.com/api,0
http://ipotekabank-card.co/cards/activate,1
http://infibank.ru/transfer,1
http://humo-pay.uz/secure/login,1
http://online-humo.uz/auth,1
http://uum.kz/kirish,1
https://stackoverflow.com/register,0
http://trastbank-card.io/p?redirect=true,1
https://ft.com/search,0
https://www.tbcbank.uz/privacy,0
http://etxagrobank.net/payment/confirm,1
http://apelsin-uz.org/hisob,1
https://amazon.com/news,0
http://pochta-bank.co/hisob,1
http://online-pochtabank.ru/tolov,1
https://www.humans.uz/logout,0
http://uzu.ru/confirm,1
http://uzmu.uz/verify,1
http://tbcabnk.net/verify,1
http://ham-korbank.co/auth,1
https://oson.uz/api,0
http://48.114.104.46:8080/nbu/secure/login,1
https://interfax.uz/faq,0
https://nuu.uz/support,0
https://www.tma.uz/dashboard,0
https://www.payme.uz/profile,0
http://upzost.io/kirish,1
https://www.daryo.uz/security,0
http://agrobnk.uz/payment/confirm,1
http://xa-lqbank.uz/tolov,1
http://infnibank.ru/auth,1
https://www.xs.uz/mobile,0
http://login-payme.ru/hisob,1
https://www.wsj.com/robots.txt,0
http://kapitalbank-xavfsiz.com/payment/confirm,1
http://online-anorbank.io/secure/login,1
https://www.mdis.uz/messages,0
https://apelsin.uz/download,0
https://mf.uz/media,0
http://login.click.uz.malicious.top/karta/faollashtirish,1
http://oson-online.io/secure/login,1
http://1g2undquh7icpl.tk/karta/faollashtirish,1
http://c-lick.ru/kirish,1
http://209.57.178.133/anorbank/payment/confirm,1
http://pochtabank.uz.payment-confirm.ru/banking/login,1
http://44.128.136.109/sqb/p?redirect=true,1
https://ipotekabank.uz/ru,0
http://best-pochtabank.co/p?redirect=true,1
http://tbcba-nk.co/transfer,1
https://youtube.com/mobile,0
http://asakabankk.io/login,1
http://uzposthisob.com/hisob,1
http://xalqbank-secure.uz/banking/login,1
https://science.org/user/profile,0
http://infibank.org/verify,1
https://office.com/api/v1/health,0
http://tbbcank.uz/login,1
http://trastbank.rest/auth,1
http://official-ipakyulibank.co/kirish,1
http://2.177.71.28/pochtabank/kirish,1
https://www.interfax.uz/download,0
http://54.134.184.161/uzpost/cards/activate,1
http://236.11.122.48/asakabank/login?next=%2Faccount,1
http://pamye.com:3000/login,1
http://uzpos.uz/banking/login,1
http://zcard.net/tolov,1
https://apelsin.uz/contact,0
https://www.uzb.uz/download,0
http://uzumverify.com/verify,1
https://www.theguardian.com/banking,0
http://ipakyulibank-login.kz/p?redirect=true,1
https://www.prokuratura.uz/2024/,0
http://pamye.uz/hisob,1
http://9.72.107.233:8080/oson/secure/login,1
https://uzinfocom.uz/mobile,0
https://aloqabank.uz/2024/,0
https://google.com/security,0
https://my.gov.uz/,0
https://xalqbank.uz/media,0
https://office.com/terms,0
https://oson.uz/notifications,0
http://trastbnk.io/p?redirect=true,1
http://login-trastbank.uz/p?redirect=true,1
http://ioptekabank.co/auth,1
http://x41qb4nk.org/hisob,1
https://www.kubernetes.io/settings,0
https://www.court.uz/robots.txt,0
http://texgrobank.co/banking/login,1
https://www.spot.uz/sitemap.xml,0
https://www.texagrobank.uz/login,0
http://anor-bank.kz/hisob,1
https://www.uzb.uz/,0
http://upzost.net/transfer,1
http://uzcad.kz/cards/activate,1
http://pochta-bank.com/auth,1
http://my-humo.com/login,1
https://cloudflare.com/download,0
https://uza.uz/transfer,0
http://apelsin-login.org/account/verify,1
http://sqb-2024.com/p?redirect=true,1
https://www.tma.uz/media,0
http://agrobank-net.ru/login?next=%2Faccount,1
http://verify-infinbank.org/tolov,1
https://www.facebook.com/products,0
http://kapitalbank-secure.io/kirish,1
https://interfax.uz/help,0
https://www.mdis.uz/download,0
https://www.stripe.com/wiki,0
http://new-trastbank.co/login?next=%2Faccount,1
https://www.paypal.com/terms,0
https://adobe.com/ru/about,0
https://click.uz@malicious008.com/login,1
https://spot.uz/login,0
http://new-paynet.kz/hisob,1
http://hamkrbank.co/cards/activate,1
https://science.org/security,0
http://asakabank.online/hisob,1
http://humoo.org/kirish,1
http://hamkorban-k.com/login?next=%2Faccount,1
https://www.docs.python.org/register,0
http://paymekirish.com/payment/confirm,1
https://zoom.us/login,0
https://uza.uz/contact,0
http://tbcbank-bank.ru/verify,1
http://zum.kz/kirish,1
https://www.aws.amazon.com/register,0
http://ipoekabank.io/login?next=%2Faccount,1
https://aws.amazon.com/banking,0
http://xa-lqbank.io/account/verify,1
https://adobe.com/dashboard,0
http://u-zum.org/banking/login,1
http://ipo-tekabank.uz/login,1
https://ems.uz/index.html,0
http://ipotkabank.co/karta/faollashtirish,1
https://uzcard.uz/download,0
http://trastbnk.uz/secure/login,1
http://kapitalbank-net.org/transfer,1
https://nytimes.com/offers,0
http://s-qb.co/kirish,1
http://uzopst.ru/cards/activate,1
https://daryo.uz/sitemap.xml,0
https://yahoo.com/uz/hizmatlar,0
http://online-uzpost.co/verify,1
http://aloqabank-net.org/account/verify,1
http://nbu-secure.ru/secure/login,1
https://president.uz/settings,0
https://epay.uz/transfer,0
https://gazeta.uz/products/list,0
http://uzcard-bank.uz/tolov,1
http://official-anorbank.org/karta/faollashtirish,1
http://payme-2024.net/login,1
https://mf.uz/user/profile,0
https://www.click.uz/en/services,0
http://178.96.97.154/ipotekabank/verify,1
https://pharmi.uz/user/profile,0
https://www.infinbank.uz/terms,0
http://payme-bank.org/karta/faollashtirish,1
http://h4mk0rb4nk.uz/cards/activate,1
http://uzcard-login.com/transfer,1
http://agrobak.org/login,1
http://oso.net/cards/activate,1
https://www.uzum.uz/terms,0
http://4p3151n.co/login,1
http://uzcard-online.net/cards/activate,1
https://click.uz/docs,0
http://uz-paynet.co/login?next=%2Faccount,1
http://secure-nbu.com/tolov,1
https://bloomberg.com/privacy,0
http://real-xalqbank.uz/hisob,1
https://paynet.uz/help,0
http://hamorbank.kz/verify,1
https://docs.python.org/payments,0
http://211.96.100.145:8080/texagrobank/banking/login,1
http://lcick.com/cards/activate,1
http://apelsin-pay.kz/login,1
https://infinbank.uz/security,0
https://zamin.uz/,0
http://best-xalqbank.co/transfer,1
http://uzost.com/auth,1
https://www.science.org/contact,0
http://aoqabank.ru/confirm,1
http://ipakyulbank.com/tolov,1
http://infinbank-2024.ru/payment/confirm,1
http://infinba-nk.org/cards/activate,1
https://www.humans.uz/cards,0
http://ipakyulibnak.ru/auth,1
http://tbcbank-net.kz/auth,1
http://agrobank-net.io/p?redirect=true,1
http://teaxgrobank.co/banking/login,1
https://developer.mozilla.org/user/profile,0
http://31.18.47.15:8080/uzpost/secure/login,1
https://www.daryo.uz/services,0
https://aws.amazon.com/security,0
http://kapialbank.co/confirm,1
http://secure-click.co/confirm,1
https://www.youtube.com/offers,0
http://payet.ru/login,1
https://bibim.uz/profile,0
http://agrobnk.io/transfer,1
http://c-lick.kz/tolov,1
https://youtube.com/main,0
https://www.kun.uz/news,0
http://ipoteabank.io/karta/faollashtirish,1
http://infinbank-service.io/transfer,1
http://uz-aloqabank.io/auth,1
https://cloud.google.com/app,0
http://secure-xalqbank.org/p?redirect=true,1
http://paynet.uz@malicious010.com/kirish,1
https://github.com/transfer,0
http://ipotekabak.com/tolov,1
http://aloaqbank.com/account/verify,1
http://xalqbank-online.ru/hisob,1
http://uz-uzum.org/p?redirect=true,1
https://xb.uz/news,0
https://youtube.com/media,0
https://xalqbank.uz/about-us,0
https://microsoft.com/app,0
http://new-oson.kz/banking/login,1
https://www.humans.uz/about,0
http://apelsn.io/secure/login,1
https://kommersant.uz/uz/hizmatlar,0
http://texagroba-nk.co/tolov,1
https://paypal.com/support,0
http://secure-tbcbank.com/auth,1
http://202.186.168.217:8080/trastbank/auth,1
http://asaka-bank.kz/tolov,1
https://sputniknews.uz/static/css/main.css,0
http://pochtaabnk.io/payment/confirm,1
http://secure-nbu.uz.phish.xyz/hisob,1
http://my-ipotekabank.co/p?redirect=true,1
http://i6w380292yqo0rz.gq/cards/activate,1
http://apelsin-login.uz/login,1
http://anorbank-net.uz/kirish,1
https://www.samdu.uz/media,0
http://ipotekabnk.com/verify,1
http://cli-ck.kz/login,1
http://clck.io/verify,1
http://grobank.net/cards/activate,1
https://science.org/blog,0
http://real-agrobank.com/tolov,1
https://amazon.com/transfer,0
https://oson.uz/transfer,0
http://amkorbank.ru/tolov,1
http://online-xalqbank.com/account/verify,1
http://kapitalban.org/login,1
http://asakabank-bank.ru/karta/faollashtirish,1
http://26.108.206.235:8080/agrobank/confirm,1
http://apelsni.kz/confirm,1
https://kommersant.uz/services,0
http://oson-pay.uz/secure/login,1
https://click.uz/banking,0
http://sqb-pay.co/verify,1
http://texagroank.net/banking/login,1
https://theguardian.com/ru/about,0
https://uza.uz/category/services,0
http://payme-login.co/verify,1
http://pay-me.net/secure/login,1
http://uum.io/login?next=%2Faccount,1
https://wikipedia.org/faq,0
https://www.uzcard.uz/register,0
https://click.uz/offers,0
http://u-zpost.io/verify,1
http://trastbank-uz.uz/secure/login,1
http://real-uzpost.uz/account/verify,1
https://apple.com/sitemap.xml,0
https://trastbank.uz/main,0
https://cloudflare.com/wiki,0
http://texagrobank-online.ru/cards/activate,1
http://64.51.214.29/infinbank/account/verify,1
https://uzb.uz/transfer,0
http://pochtaba-nk.net/payment/confirm,1
http://uzcard-online.io/tolov,1
http://118.160.250.189/apelsin/login?next=%2Faccount,1
http://asakbank.com/cards/activate,1
http://xalqbank-card.co/login?next=%2Faccount,1
http://my-xalqbank.net/hisob,1
http://asakabak.io/payment/confirm,1
https://www.pochtabank.uz/payments,0
http://ap-elsin.co/payment/confirm,1
http://pochtabank-net.kz/transfer,1
http://new-tbcbank.net/payment/confirm,1
http://tbcbank.uz.account-verify.net/banking/login,1
http://click-2024.com/banking/login,1
https://stackoverflow.com/login,0
https://uzb.uz/uz/hizmatlar,0
https://aloqabank.uz/history,0
http://texagrobank-2024.kz/account/verify,1
http://alqoabank.co/tolov,1
http://agrobank-2024.kz/login,1
https://www.paynet.uz/static/css/main.css,0
https://aws.amazon.com/user/profile,0
http://clickconfirm.com/hisob,1
http://ochtabank.io/payment/confirm,1
https://www.my.gov.uz/user/profile,0
http://uzu-m.io/hisob,1
http://xalqbank.uz@malicious010.com/kirish,1
https://uza.uz/user/profile,0
https://www.trastbank.uz/wiki,0
http://in-finbank.co/auth,1
https://reuters.com/,0
http://anorbank.gq/login?next=%2Faccount,1
http://infinban.co/auth,1
http://real-uzcard.org/hisob,1
http://hamko-rbank.net/confirm,1
https://kubernetes.io/blog,0
http://axlqbank.io/login?next=%2Faccount,1
http://xlqbank.uz/login,1
http://a-norbank.io/account/verify,1
http://anorban.co/hisob,1
https://www.slack.com/about,0
https://economist.com/about-us,0
http://loqabank.kz/account/verify,1
http://nbu-online.uz/p?redirect=true,1
https://www.oson.uz/support,0
http://osn.co/payment/confirm,1
http://new-trastbank.ru/account/verify,1
https://apelsin.uz/docs,0
https://amazon.com/en/services,0
http://anorbakn.com/kirish,1
http://183.121.116.218:8080/hamkorbank/auth,1
https://click.uz/uz/hizmatlar,0
http://xalqbakn.com/auth,1
https://texagrobank.uz/dashboard,0
http://online-pochtabank.net/secure/login,1
http://ifinbank.org/account/verify,1
http://verify.kapitalbank-uz.com/auth,1
https://wsj.com/category/news,0
https://github.com/products/list,0
https://google.com/app,0
https://pypi.org/payments,0
https://youtube.com/terms,0
https://bing.com/download,0
http://asaakbank.kz/auth,1
https://hamkorbank.uz/news,0
http://asakaban-k.kz/tolov,1
http://ipotekbank.com/confirm,1
http://sqb-online.org/tolov,1
http://asakabnk.io/banking/login,1
http://nbu-online.kz/tolov,1
http://p4yn3t.uz:8443/login,1
https://paypal.com/sitemap.xml,0
http://119.208.30.248:8080/kapitalbank/p?redirect=true,1
http://sqb-uz.io/p?redirect=true,1
https://sog-liqni-saqlash.uz/services,0
https://apple.com/banking,0
http://apelsni.co/p?redirect=true,1
https://ipotekabank.uz@malicious011.com/login,1
https://paynet.uz/category/services,0
http://uz-ipakyulibank.net/p?redirect=true,1
http://ipakyulibnak.ru/payment/confirm,1
http://login.secure.account2.oson.uz.phish.com/auth,1
http://click-2024.uz/confirm,1
http://secure-xalqbank.ru/kirish,1
https://mehnat.uz/terms,0
https://tdiu.uz/category/services,0
https://www.edu.uz/banking,0
http://kapitablank.uz/hisob,1
http://panet.kz/login,1
http://uuzm.kz/banking/login,1
http://45.189.13.213/anorbank/auth,1
http://40.50.140.167:8080/click/verify,1
http://kapitalba-nk.ru/karta/faollashtirish,1
https://wsj.com/profile,0
https://kommersant.uz/logout,0
http://zpost.io/account/verify,1
http://hmo.kz/login?next=%2Faccount,1
http://estl7jmrevk3st.buzz/karta/faollashtirish,1
http://infibank.com/cards/activate,1
http://uz-uzum.io/login?next=%2Faccount,1
https://www.economist.com/banking,0
http://piotekabank.org/cards/activate,1
http://a-pelsin.com/auth,1
http://infinbank.click/hisob,1
http://cli-ck.uz/kirish,1
https://pharmi.uz/search,0
http://uzpost-bank.io/login?next=%2Faccount,1
http://btcbank.co/karta/faollashtirish,1
https://podrobno.uz/support,0
http://best-nbu.io/payment/confirm,1
http://infinbank.uz.payment-confirm.ru/auth,1
https://sputniknews.uz/uz,0
http://aloqabank-secure.io/secure/login,1
https://youtube.com/ru/about,0
http://kapialbank.uz/secure/login,1
http://agro-bank.com/confirm,1
http://asakaban-k.co/auth,1
http://my-uzpost.org/banking/login,1
https://president.uz/faq,0
http://pelsin.co/cards/activate,1
https://adobe.com/about-us,0
https://reddit.com/static/css/main.css,0
https://parlament.uz/products/list,0
https://edu.uz/en/services,0
http://texargobank.ru/login?next=%2Faccount,1
http://aloqaban-k.ru/confirm,1
http://oson-online.io/banking/login,1
https://prokuratura.uz/banking,0
https://www.gmail.com/ru/about,0
http://hamorbank.net/secure/login,1
https://sog-liqni-saqlash.uz/offers,0
https://bing.com/uz/hizmatlar,0
https://oson.uz/products/list,0
http://online-ipotekabank.io/auth,1
http://pay-anorbank.uz/hisob,1
https://yahoo.com/api,0
http://pohctabank.org/login,1
http://hum.uz/tolov,1
http://nbu-pay.io/tolov,1
http://real-humo.org/karta/faollashtirish,1
https://texagrobank.uz/index.html,0
http://my-texagrobank.co/account/verify,1
http://kapitabank.net/secure/login,1
https://mastercard.com/,0
http://ahmkorbank.kz/hisob,1
http://p-ayme.net/p?redirect=true,1
https://www.pypi.org/register,0
http://nbu-uz.co/login?next=%2Faccount,1
https://www.mytaxi.uz/download,0
https://trastbank.uz/logout,0
http://pochtaban-k.org/hisob,1
http://verify-uzcard.co/secure/login,1
http://anorban.net/confirm,1
https://npmjs.com/about-us,0
http://online-uzcard.net/p?redirect=true,1
http://best-tbcbank.org/transfer,1
http://agrobank-net.io/tolov,1
https://www.forbes.com/products,0
http://cilck.org/karta/faollashtirish,1
https://infinbank.uz/ru,0
http://asaka-bank.net/banking/login,1
http://asakaank.io/secure/login,1
https://wordpress.com/static/css/main.css,0
https://soliq.uz/wiki,0
http://anorbank-uz.net/payment/confirm,1
http://asakab-ank.ru/confirm,1
http://bnu.ru/p?redirect=true,1
http://pay-me.io/payment/confirm,1
http://anorbank-uz.ru/secure/login,1
https://bloomberg.com/faq,0
http://asakabank-2024.io/hisob,1
https://www.adobe.com/api,0
https://cloudflare.com/history,0
https://sog-liqni-saqlash.uz/payments,0
https://www.github.com/notifications,0
https://www.mytaxi.uz/mobile,0
http://os-on.com/login,1
http://new-xalqbank.co/auth,1
http://p4ym3.kz/kirish,1
http://94.177.129.137/humo/kirish,1
http://panet.ru/kirish,1
http://real-tbcbank.kz/kirish,1
http://pochtabank-secure.com/cards/activate,1
http://my-uzpost.io/hisob,1
http://secure-pochtabank.com/payment/confirm,1
http://official-sqb.io/tolov,1
https://nuu.uz/app,0
http://clikc.com/tolov,1
https://sputniknews.uz/products/list,0
http://click-login.uz/payment/confirm,1
https://economist.com/support,0
http://uzcard-2024.org/account/verify,1
http://paynte.io/cards/activate,1
https://gov.uz/faq,0
https://www.office.com/blog,0
https://www.aloqabank.uz/support,0
http://tbcbak.org/account/verify,1
http://secure-infinbank.io/secure/login,1
https://www.prokuratura.uz/media,0
http://46.198.39.176:8080/sqb/cards/activate,1
http://ipotekabank-online.ru/p?redirect=true,1
http://tbcbakn.kz/auth,1
https://customs.uz/products,0
https://paypal.com/help,0
http://qsb.net/kirish,1
http://1qjhddxcy5u4zod.ml/karta/faollashtirish,1
https://www.humo.uz/analytics,0
https://bbc.com/login,0
http://trastbank.uz@malicious004.com/kirish,1
http://best-agrobank.net/verify,1
http://apelsin-service.com/kirish,1
http://uzum-net.org:8080/login,1
http://asakabank-net.com/cards/activate,1
https://parlament.uz/report,0
https://docs.python.org/privacy,0
https://uzinfocom.uz/about-us,0
https://humans.uz/search,0
http://tbcbakn.kz/hisob,1
http://hamkorbank-pay.co/login?next=%2Faccount,1
https://ft.com/about-us,0
http://payme.buzz/secure/login,1
http://xaqlbank.co/login,1
http://login-asakabank.com/hisob,1
http://sqb.ml/login?next=%2Faccount,1
https://economist.com/main,0
http://kapitalbank.uz.account-verify.net/auth,1
http://oso.io/transfer,1
http://etxagrobank.kz/confirm,1
https://uzcard.uz/blog,0
https://ipotekabank.uz/services,0
http://aorbank.net/karta/faollashtirish,1
http://hmkorbank.uz/transfer,1
https://www.xs.uz/privacy,0
https://nature.com/cards,0
http://uz-kapitalbank.ru/transfer,1
https://www.uzum.uz/home,0
https://kun.uz/category/services,0
http://login-texagrobank.uz/karta/faollashtirish,1
http://agrobank-hisob.com/kirish,1
http://anorbankk.net/p?redirect=true,1
http://real-agrobank.uz/p?redirect=true,1
https://www.epay.uz/wiki,0
https://apelsin.uz/2024/,0
https://my.gov.uz/products,0
https://www.mf.uz/services,0
https://dunyo.uz/faq,0
https://www.ipotekabank.uz/contact,0
https://www.wix.com/api,0
https://www.samdu.uz/support,0
http://hamkorbank-net.org/login,1
https://microsoft.com/history,0
http://xalqbank-net.org/transfer,1
https://www.ipotekabank.uz/blog,0
http://pochtabank-card.net/login?next=%2Faccount,1
http://pochta-bank.net/transfer,1
http://uzu-m.ru/login,1
https://adobe.com/2024/,0
http://15.33.125.243/uzcard/confirm,1
http://uzum-2024.kz/banking/login,1
http://login-uzpost.net/kirish,1
http://152.92.184.250/agrobank/account/verify,1
https://www.humans.uz/notifications,0
http://real-ipotekabank.io/confirm,1
https://click.uz/category/news,0
http://paynet-pay.com/login?next=%2Faccount,1
http://infinbank-uz.ru/secure/login,1
http://my-aloqabank.uz/kirish,1
http://ipakyulibankk.io/banking/login,1
http://kapitablank.co/transfer,1
http://30.208.50.219/uzpost/secure/login,1
https://github.com/user/profile,0
http://29.202.58.107:8080/ipotekabank/cards/activate,1
http://nbu-service.uz/karta/faollashtirish,1
http://109.44.80.192/texagrobank/login?next=%2Faccount,1
http://c11ck.net/hisob,1
https://nbu.uz/app,0
http://192.119.249.9/ipakyulibank/kirish,1
http://asakabank.ga/p?redirect=true,1
https://paynet.uz/docs,0
http://ipakyu-libank.co/verify,1
http://click-secure.uz/login?next=%2Faccount,1
http://humoo.org/login?next=%2Faccount,1
https://spot.uz/history,0
http://tbbcank.ru/login,1
http://infnibank.kz/tolov,1
http://anorbnk.org/hisob,1
http://login-uzum.co/hisob,1
https://spot.uz/contact,0
https://apple.com/mobile,0
https://microsoft.com/wiki,0
http://aoqabank.org/tolov,1
http://ipotkeabank.co/cards/activate,1
https://bloomberg.com/wiki,0
https://www.theguardian.com/index.html,0
http://aloabank.uz/transfer,1
https://mf.uz/search,0
https://gmail.com/en,0
https://dropbox.com/privacy,0
https://stackoverflow.com/api,0
http://my-uzpost.ru/payment/confirm,1
http://verify-click.co/tolov,1
http://secure-humo.com/verify,1
http://ipoekabank.ru/auth,1
http://real-uzum.uz/cards/activate,1
http://paynet-online.net/tolov,1
http://real-click.net/p?redirect=true,1
https://nbu.uz/search,0
https://trastbank.uz/dashboard,0
https://www.mehnat.uz/sitemap.xml,0
https://www.bloomberg.com/terms,0
http://oso.co/confirm,1
https://yandex.uz/uz/hizmatlar,0
https://zoom.us/sitemap.xml,0
https://www.office.com/media,0
http://47.176.13.220/hamkorbank/banking/login,1
http://oson-bank.kz/hisob,1
http://infinbank-secure.ru/p?redirect=true,1
http://hisob-nbu.uz/login,1
http://soon.ru/karta/faollashtirish,1
https://www.e-gov.uz/api/v1/health,0
http://infi-nbank.co/tolov,1
http://humo-pay.org/hisob,1
https://yahoo.com/en,0
http://trstbank.org/login,1
https://president.uz/category/services,0
http://tastbank.co/p?redirect=true,1
http://texagroabnk.net/login,1
https://apple.com/uz/hizmatlar,0
http://texagroban.uz/auth,1
http://login-uzum.com/kirish,1
https://www.uza.uz/services,0
https://yahoo.com/terms,0
https://pypi.org/main,0
https://www.epay.uz/transfer,0
https://www.adobe.com/uz/hizmatlar,0
http://verify-kapitalbank.uz/login?next=%2Faccount,1
https://www.ipotekabank.uz/about,0
http://t-exagrobank.co/login,1
http://official-aloqabank.com/transfer,1
http://my-sqb.com/transfer,1
http://xalbqank.uz/karta/faollashtirish,1
http://ipoteakbank.com/hisob,1
https://court.uz/faq,0
https://qalampir.uz/user/profile,0
http://gavfxc6i4n4pcywse.ml/login,1
https://hub.docker.com/docs,0
https://ipakyulibank.uz/2024/,0
http://aloqabak.org/kirish,1
https://bloomberg.com/uz,0
http://oson.uz@malicious002.com/kirish,1
http://1qayttz9uu5r17.buzz/karta/faollashtirish,1
http://asakabnak.kz/transfer,1
http://ipotekabank.rest/banking/login,1
http://sqb-online.com/karta/faollashtirish,1
https://edu.uz/logout,0
http://real-trastbank.com/karta/faollashtirish,1
http://uzcadr.kz/auth,1
https://hamkorbank.uz/app,0
http://clik.ru/transfer,1
https://mf.uz/payments,0
http://ipote-kabank.io/cards/activate,1
http://official-infinbank.com/kirish,1
https://pochta.uz/media,0
https://science.org/download,0
http://uzc4rd.kz/secure/login,1
http://hamk-orbank.ru/hisob,1
https://tdiu.uz/products,0
http://pochtabak.org/login,1
http://my-trastbank.net/confirm,1
http://87.219.67.226/uzum/account/verify,1
https://shopify.com/robots.txt,0
https://www.netflix.com/2024/,0
http://trastank.net/karta/faollashtirish,1
http://humo-bank.co/cards/activate,1
http://pochtabank.ga/kirish,1
http://official-trastbank.org/p?redirect=true,1
http://upzost.net/banking/login,1
http://login-ipotekabank.co/tolov,1
https://www.tma.uz/ru/about,0
http://exagrobank.kz/login?next=%2Faccount,1
http://247.138.93.19/asakabank/p?redirect=true,1
http://hamkorbank-card.co/hisob,1
http://confirm-payme.uz/confirm,1
https://www.uzcard.uz/faq,0
http://asakabank-2024.net/payment/confirm,1
http://payent.kz/login?next=%2Faccount,1
http://sqb-verify.com/account/verify,1
http://click-tasdiqlash.com/tolov,1
http://xalqbank-card.co/cards/activate,1
https://www.instagram.com/support,0
https://ebay.com/,0
http://asakabank-secure.org/login?next=%2Faccount,1
http://asak-abank.org/hisob,1
https://yoshlar.uz/dashboard,0
https://uzcard.uz/help,0
https://www.wikipedia.org/category/services,0
http://uzum-card.io/kirish,1
https://qalampir.uz/products,0
http://sqb-service.net/kirish,1
http://login.secure.account0.payme.uz.phish.com/auth,1
https://microsoft.com/messages,0
http://txagrobank.io/confirm,1
https://www.gazeta.uz/privacy,0
https://mytaxi.uz/en/services,0
http://kapitabank.org/auth,1
http://apelsin-card.ru/banking/login,1
https://stat.uz/help,0
https://samdu.uz/about,0
http://uzum-bank.net/banking/login,1
http://xalqbak.io/login?next=%2Faccount,1
https://wordpress.com/wiki,0
http://texagrobank-login.co/transfer,1
https://mehnat.uz/contact,0
https://tbcbank.uz/uz,0
http://verify-click.co/secure/login,1
http://aaskabank.io/account/verify,1
https://tsue.uz/home,0
https://parlament.uz/uz,0
http://cl-ick.com/auth,1
http://hamkorbankpay.com/confirm,1
http://kaiptalbank.kz/verify,1
https://azure.microsoft.com/api/v1/health,0
http://oson-pay.net:8080/login,1
http://asakabankxavfsiz.com/verify,1
https://amazon.com/privacy,0
https://pharmi.uz/robots.txt,0
https://tuit.uz/docs,0
https://uzb.uz/,0
https://dunyo.uz/mobile,0
http://click-card.uz/verify,1
http://pochtab-ank.org/tolov,1
http://ipot-ekabank.kz:9090/login,1
http://best-pochtabank.com/payment/confirm,1
http://exagrobank.org/transfer,1
https://tsue.uz/login,0
https://facebook.com/settings,0
https://wordpress.com/sitemap.xml,0
http://osn.uz/confirm,1
https://ft.com/index.html,0
https://agrobank.uz/wiki,0
http://145.36.163.7/xalqbank/login,1
http://ipotekbaank.uz/auth,1
https://agrobank.uz/security,0
http://ipakyulibank-2024.ru/tolov,1
http://sqb.uz@malicious008.com/kirish,1
http://payne-t.net/confirm,1
https://www.pypi.org/history,0
https://trastbank.uz/history,0
http://hamkorbank-secure.net/p?redirect=true,1
https://kun.uz/news,0
http://xalqbank-secure.io/payment/confirm,1
https://dunyo.uz/privacy,0
https://paynet.uz/api/v1/health,0
http://ipotkabank.kz/cards/activate,1
http://tbcbank-net.kz/tolov,1
http://verify-sqb.kz/p?redirect=true,1
http://asakabank-pay.co/verify,1
http://6.160.129.217/kapitalbank/kirish,1
https://linkedin.com/ru,0
http://zcard.io/verify,1
https://www.ijro.uz/docs,0
https://www.ipotekabank.uz/analytics,0
https://uza.uz/products,0
http://humo-uz.kz/confirm,1
https://ebay.com/profile,0
https://nature.com/register,0
https://azure.microsoft.com/category/services,0
https://www.click.uz/notifications,0
http://ktthbl9m22e.buzz/p?redirect=true,1
https://www.customs.uz/transfer,0
http://texagr-obank.co/p?redirect=true,1
http://humo-bank.uz/verify,1
http://h-amkorbank.co/login?next=%2Faccount,1
http://184.13.189.168/xalqbank/payment/confirm,1
http://250.98.169.138/paynet/tolov,1
http://ipakulibank.ru/transfer,1
https://infinbank.uz/user/profile,0
https://www.docs.python.org/home,0
https://e-gov.uz/terms,0
http://humo.uz.login-secure.com/auth,1
https://economist.com/api,0
https://kun.uz/products/list,0
https://www.stat.uz/api/v1/health,0
https://wikipedia.org/uploads,0
https://texagrobank.uz/report,0
https://agrobank.uz/privacy,0
https://hub.docker.com/payments,0
http://ipakyulibank-service.ru/secure/login,1
http://ham-korbank.ru/cards/activate,1
http://uzpost-pay.net/login,1
https://mdis.uz/category/news,0
http://official-tbcbank.io/login,1
http://xlqbank.ru/tolov,1
http://ipotekabank-kirish.com/account/verify,1
http://inifnbank.org/cards/activate,1
http://uzcrad.ru/auth,1
https://tma.uz/,0
http://poctabank.org/secure/login,1
https://parlament.uz/ru/about,0
https://kun.uz/user/profile,0
http://ininbank.ru/account/verify,1
https://court.uz/register,0
http://aloqaank.ru/transfer,1
http://trastbnak.co/karta/faollashtirish,1
https://www.samdu.uz/services,0
http://anorbank-2024.com/auth,1
http://trasbank.ru/cards/activate,1
http://xalqbak.org/secure/login,1
http://54.14.123.172:8080/payme/login,1
http://ka-pitalbank.ru/transfer,1
https://twitter.com/uz,0
http://secure-sqb.kz/confirm,1
http://real-humo.org:3000/login,1
https://www.anorbank.uz/uz/hizmatlar,0
https://github.com/uz,0
https://economist.com/mobile,0
https://www.cloud.google.com/download,0
http://ipoetkabank.org/verify,1
https://kommersant.uz/privacy,0
http://new-infinbank.uz/confirm,1
http://best-trastbank.net/login?next=%2Faccount,1
http://my-agrobank.co/p?redirect=true,1
http://secure-trastbank.uz/tolov,1
https://nuu.uz/home,0
http://uzcard-2024.io/tolov,1
http://asaabank.io/karta/faollashtirish,1
http://pay-net.io/banking/login,1
http://pochtaabnk.org/login,1
https://apple.com/category/services,0
http://real-texagrobank.io/confirm,1
http://aloqabank-card.org/karta/faollashtirish,1
https://gazeta.uz/profile,0
http://hamkorbank-card.ru/kirish,1
http://214.224.210.194/uzum/verify,1
http://humo.online/confirm,1
https://sog-liqni-saqlash.uz/wiki,0
https://www.uzb.uz/settings,0
http://ipakuylibank.uz/kirish,1
https://www.ipakyulibank.uz/privacy,0
http://al-oqabank.io/banking/login,1
https://www.stat.uz/main,0
https://dunyo.uz/register,0
http://texagrobank-uz.io/karta/faollashtirish,1
https://www.stat.uz/2024/,0
http://kapitalbank-secure.ru/login,1
http://tratbank.org/account/verify,1
https://www.xalqbank.uz/main,0
http://login-uzpost.uz/payment/confirm,1
http://u-zpost.uz/account/verify,1
https://paynet.uz/privacy,0
http://asakabank-online.net/cards/activate,1
https://www.uzinfocom.uz/2024/,0
http://uzcard.info/login?next=%2Faccount,1
http://kapitalbank-login.org/cards/activate,1
http://best-oson.kz/login,1
https://pypi.org/category/services,0
http://apynet.com/kirish,1
http://payme-net.org/karta/faollashtirish,1
http://hamk-orbank.io/login,1
http://official-apelsin.com/login,1
http://aloqabak.io/account/verify,1
https://dunyo.uz/security,0
http://ag-robank.kz/login,1
http://234.169.64.161:8080/apelsin/karta/faollashtirish,1
https://www.court.uz/docs,0
https://nytimes.com/ru,0
http://login-xalqbank.com/kirish,1
https://zoom.us/,0
http://ifninbank.io/hisob,1
https://science.org/wiki,0
http://t-exagrobank.org/kirish,1
https://sog-liqni-saqlash.uz/api/v1/health,0
http://anorbnak.co/auth,1
http://infinbakn.org/p?redirect=true,1
http://hamkorbank-2024.ru/kirish,1
http://hamkrobank.net/login?next=%2Faccount,1
http://my-apelsin.org/login,1
http://online-aloqabank.org/hisob,1
https://www.kubernetes.io/news,0
http://234.126.39.87/aloqabank/hisob,1
http://te-xagrobank.io/hisob,1
https://click.uz/home,0
http://pchtabank.org/payment/confirm,1
https://www.office.com/cards,0
http://u-zpost.com/verify,1
https://tdiu.uz/contact,0
http://secure-anorbank.uz/kirish,1
https://www.stackoverflow.com/robots.txt,0
http://kapitalbank-net.uz/kirish,1
https://www.xalqbank.uz/sitemap.xml,0
http://ip-akyulibank.ru/verify,1
http://ipotekab-ank.io/transfer,1
https://pochtabank.uz/profile,0
http://aloqabank.uz.account-verify.net/hisob,1
http://hamkorb-ank.co/auth,1
https://kapitalbank.uz/robots.txt,0
https://edu.uz/register,0
http://ipoteka-bank.ru/transfer,1
http://tbcank.uz/transfer,1
https://www.economist.com/uz,0
https://president.uz/login,0
http://tbcbnak.net/secure/login,1
http://click-service.co/hisob,1
https://www.bbc.com/about-us,0
http://apelsin-pay.com/p?redirect=true,1
http://payet.io/verify,1
http://pay-aloqabank.uz/payment/confirm,1
https://soliq.uz/ru,0
http://152.85.157.167:8080/sqb/payment/confirm,1
http://uzpost-service.net/transfer,1
http://234.14.88.217/pochtabank/login?next=%2Faccount,1
http://ayme.uz/account/verify,1
http://ipoetkabank.io/cards/activate,1
https://bloomberg.com/download,0
http://hum.net/kirish,1
http://agrobank.buzz/transfer,1
http://verify-sqb.net/transfer,1
http://verify-agrobank.co/auth,1
https://hub.docker.com/profile,0
https://podrobno.uz/index.html,0
http://anorbank-secure.org/verify,1
https://uzcard.uz/ru/about,0
http://i-pakyulibank.io/login?next=%2Faccount,1
https://e-gov.uz/category/news,0
http://clickk.net/hisob,1
http://sqb.info/p?redirect=true,1
https://www.spot.uz/messages,0
http://aloqabank-secure.com/login,1
http://x41qb4nk.io/cards/activate,1
http://uzpot.kz/tolov,1
https://www.reuters.com/news,0
http://paynt.com/payment/confirm,1
https://www.yahoo.com/news,0
https://kapitalbank.uz/notifications,0
https://www.qalampir.uz/support,0
http://payem.kz/secure/login,1
https://zoom.us/static/css/main.css,0
http://51.134.185.202/paynet/secure/login,1
http://nub.kz/banking/login,1
http://dl4wg5w28uygete7.site/payment/confirm,1
https://google.com/cards,0
http://apelisn.co/auth,1
http://piakyulibank.org/confirm,1
http://trastbank-net.net/account/verify,1
https://tsue.uz/ru/about,0
http://sqb-pay.co/confirm,1
https://www.epay.uz/messages,0
http://ipakyulbank.com/confirm,1
https://kubernetes.io/messages,0
http://pame.io/transfer,1
https://www.mastercard.com/services,0
http://paymexavfsiz.com/account/verify,1
http://pcohtabank.io/cards/activate,1
http://alqbank.org/login?next=%2Faccount,1
http://pochtabank-login.net/auth,1
https://www.nytimes.com/wiki,0
https://president.uz/profile,0
http://kapita-lbank.ru/verify,1
http://login-xalqbank.net/p?redirect=true,1
https://apelsin.uz/main,0
http://agrobank-kirish.com/banking/login,1
http://a-norbank.kz:8080/login,1
http://verify-asakabank.uz/banking/login,1
http://apesin.co/p?redirect=true,1
http://agrbank.kz/tolov,1
http://pochtabank-2024.kz/karta/faollashtirish,1
http://pochtbaank.io/login,1
http://real-asakabank.ru/confirm,1
http://official-hamkorbank.io/secure/login,1
https://www.developer.mozilla.org/faq,0
http://aloabank.kz/confirm,1
http://best-uzum.co/hisob,1
http://anobank.com/auth,1
http://pyanet.com/transfer,1
http://anorban.kz/payment/confirm,1
http://login-anorbank.ru/karta/faollashtirish,1
http://new-agrobank.co/login?next=%2Faccount,1
https://uznet.uz/banking,0
http://pochtabnak.kz/karta/faollashtirish,1
https://court.uz/messages,0
https://ipotekabank.uz/register,0
http://asakabnk.ru/auth,1
http://saakabank.io/confirm,1
http://infibank.ru/payment/confirm,1
http://xal-qbank.uz/hisob,1
https://mf.uz/notifications,0
http://best-humo.kz/login?next=%2Faccount,1
https://azure.microsoft.com/about,0
http://axlqbank.net/account/verify,1
http://ipaykulibank.kz/login,1
https://hub.docker.com/login,0
https://bing.com/support,0
http://178.159.8.65/ipakyulibank/karta/faollashtirish,1
http://payet.uz/kirish,1
https://slack.com/robots.txt,0
https://forbes.com/static/css/main.css,0
http://humo-uz.org/banking/login,1
http://hum-o.kz/account/verify,1
http://sqb-2024.uz/p?redirect=true,1
https://www.yoshlar.uz/api/v1/health,0
http://200.149.118.192:8080/aloqabank/transfer,1
https://theguardian.com/wiki,0
http://real-anorbank.uz/tolov,1
https://pypi.org/services,0
https://daryo.uz/static/css/main.css,0
https://tbcbank.uz/en/services,0
http://tbcbank-net.kz/p?redirect=true,1
https://click.uz/logout,0
http://iapkyulibank.com:8443/login,1
https://daryo.uz/offers,0
https://aloqabank.uz/uz,0
http://kapitalba-nk.io/transfer,1
http://23.253.130.29:8080/oson/confirm,1
http://xalqbank-net.ru/payment/confirm,1
https://tbcbank.uz/home,0
http://159.239.244.153:8080/asakabank/secure/login,1
https://developer.mozilla.org/category/services,0
https://gmail.com/cards,0
https://www.mf.uz/static/css/main.css,0
http://xalqbank-bank.ru/transfer,1
https://microsoft.com/uz,0
http://ag-robank.io/confirm,1
https://ipakyulibank.uz/api/v1/health,0
http://kapitalbank-card.co/karta/faollashtirish,1
http://iptoekabank.io/verify,1
http://umo.io/p?redirect=true,1
http://official-xalqbank.net/verify,1
http://texagorbank.org/banking/login,1
http://hamkorban-k.ru/tolov,1
http://texagrobank-card.net/payment/confirm,1
https://www.oson.uz/dashboard,0
https://president.uz/user/profile,0
https://www.mytaxi.uz/terms,0
https://www.amazon.com/en,0
http://aloqabank-uz.com/confirm,1
https://www.payme.uz/banking,0
http://asak-abank.io/payment/confirm,1
http://inifnbank.com/confirm,1
http://454k4b4nk.ru/kirish,1
http://amkorbank.kz/confirm,1
http://133.91.53.178/payme/tolov,1
http://pochtabank.info/confirm,1
http://paelsin.org/karta/faollashtirish,1
http://xalqbank-2024.ru/cards/activate,1
http://197.21.1.253:8080/oson/login?next=%2Faccount,1
https://click.uz/products,0
http://trastbank-service.org/tolov,1
http://uzpst.io/p?redirect=true,1
http://uzum-login.co/p?redirect=true,1
http://verify-kapitalbank.com/p?redirect=true,1
https://stat.uz/ru/about,0
https://agrobank.uz/api/v1/health,0
http://hamkorbank-secure.uz/secure/login,1
http://real-agrobank.org/banking/login,1
https://pochtabank.uz/api/v1/health,0
http://asakaba-nk.uz/hisob,1
https://wix.com/transfer,0
http://kaiptalbank.io/karta/faollashtirish,1
http://tbbcank.kz/auth,1
https://www.facebook.com/docs,0
http://aoqabank.uz/hisob,1
http://paynett.org/secure/login,1
http://ipakyuli-bank.uz/account/verify,1
http://kap-italbank.co/tolov,1
https://apple.com/cards,0
http://uum.kz/login?next=%2Faccount,1
https://www.tma.uz/en/services,0
http://xalqba-nk.org/cards/activate,1
http://ipotekaank.org/kirish,1
https://www.google.com/notifications,0
https://forbes.com/sitemap.xml,0
https://gov.uz/about,0
http://trastbank-xavfsiz.com/hisob,1
http://verify-uzum.net/payment/confirm,1
http://trastbankk.co/auth,1
http://clickk.uz/tolov,1
https://xalqbank.uz/2024/,0
http://agrobakn.kz/tolov,1
https://mdis.uz/category/services,0
http://uzpost.uz@malicious013.com/kirish,1
http://agrobankk.org/confirm,1
http://infinbank-card.ru/verify,1
http://texagrobank.uz.account-verify.net/auth,1
https://zoom.us/wiki,0
http://ipotekaabnk.org/transfer,1
http://oson-pay.co/karta/faollashtirish,1
http://147.217.77.108:8080/nbu/kirish,1
http://uzum.info/secure/login,1
https://gmail.com/products,0
https://uzb.uz/ru/about,0
http://clik.com/hisob,1
http://texagr-obank.com/auth,1
http://kaitalbank.ru/auth,1
http://login-paynet.io/banking/login,1
http://79.174.79.234:8080/kapitalbank/karta/faollashtirish,1
http://texgarobank.co/account/verify,1
http://anorba-nk.net/confirm,1
https://www.pochtabank.uz/terms,0
http://ipotekabnk.org/login,1
http://uzum-pay.org/verify,1
http://humo-card.io/verify,1
https://linkedin.com/wiki,0
http://apelsni.ru/auth,1
https://zamin.uz/docs,0
http://asaakbank.com/karta/faollashtirish,1
https://hamkorbank.uz/logout,0
http://164.38.92.9/click/hisob,1
https://nuu.uz/help,0
http://yjzevbdsibgwnze9.ga/account/verify,1
https://mastercard.com/analytics,0
http://x-alqbank.net/banking/login,1
http://uzcard-net.io/tolov,1
http://8.164.158.41:8080/oson/transfer,1
https://shopify.com/dashboard,0
http://secure-sqb.uz.phish.xyz/hisob,1
http://xalqban.uz/verify,1
http://103.217.157.103/anorbank/transfer,1
http://xalqbnk.io/login,1
http://aloq-abank.ru/verify,1
http://ipotkeabank.ru/secure/login,1
https://kapitalbank.uz/wiki,0
https://microsoft.com/mobile,0
https://www.visa.com/analytics,0
http://aloqaba-nk.org/account/verify,1
http://uzpsot.kz/login,1
http://trastbnak.kz/payment/confirm,1
http://paynte.ru/p?redirect=true,1
http://online-texagrobank.ru/banking/login,1
https://www.agrobank.uz/cards,0
https://uzcard.uz/faq,0
https://mytaxi.uz/profile,0
https://www.pochtabank.uz/api,0
https://www.podrobno.uz/sitemap.xml,0
https://mastercard.com/faq,0
http://kaptialbank.com/payment/confirm,1
https://mehnat.uz/docs,0
http://texagrobank-login.co/cards/activate,1
https://tma.uz/terms,0
http://uzcard-uz.io/confirm,1
https://office.com/offers,0
http://67.201.198.70/uzcard/karta/faollashtirish,1
http://223.130.244.119:8080/pochtabank/secure/login,1
https://ipakyulibank.uz/login,0
http://uzcard-uz.com/tolov,1
https://www.yoshlar.uz/help,0
http://o-son.ru/verify,1
https://www.epay.uz/2024/,0
https://kubernetes.io/docs,0
http://ipakyuliank.com/kirish,1
http://nbu-login.com/tolov,1
http://infibnank.ru/auth,1
https://www.amazon.com/en/services,0
http://login-tbcbank.org/login,1
http://51.146.26.161/click/payment/confirm,1
https://bing.com/terms,0
http://tbcbank-uz.ru/cards/activate,1
http://agobank.uz/confirm,1
http://official-hamkorbank.org/account/verify,1
https://humans.uz/register,0
http://u-zpost.net/verify,1
http://ipakyulibakn.co/confirm,1
http://pochtbaank.net/transfer,1
http://ipotekabank.cf/confirm,1
http://65.134.118.243:8080/tbcbank/verify,1
https://samdu.uz/uploads,0
http://tbcb-ank.kz/account/verify,1
https://prokuratura.uz/2024/,0
https://sog-liqni-saqlash.uz/report,0
https://mytaxi.uz/ru,0
http://online-ipotekabank.uz/karta/faollashtirish,1
http://login-anorbank.kz/payment/confirm,1
https://microsoft.com/download,0
http://paye.uz/p?redirect=true,1
http://agrobank-2024.kz/banking/login,1
http://74.109.66.84:8080/uzcard/payment/confirm,1
http://new-xalqbank.io/banking/login,1
https://microsoft.com/main,0
https://www.gazeta.uz/en,0
https://www.linkedin.com/analytics,0
http://anorbakn.net/secure/login,1
http://secure-oson.org/hisob,1
http://7004hzczcrov5.top/verify,1
http://aonrbank.org/cards/activate,1
http://51.137.166.113/agrobank/p?redirect=true,1
http://14.76.5.114/xalqbank/account/verify,1
http://xalqbank-login.net/cards/activate,1
http://secure-infinbank.kz/tolov,1
https://asakabank.uz/support,0
http://79.114.112.207:8080/ipotekabank/hisob,1
http://hamkorbank-uz.ru/account/verify,1
http://uzmu.org/karta/faollashtirish,1
https://adobe.com/en/services,0
https://yahoo.com/analytics,0
http://a-grobank.ru/banking/login,1
http://poc-htabank.ru/payment/confirm,1
https://www.nature.com/wiki,0
https://www.mastercard.com/main,0
https://sqb.uz/mobile,0
https://www.paypal.com/banking,0
http://secure-infinbank.ru/karta/faollashtirish,1
https://asakabank.uz/privacy,0
http://verify-asakabank.kz/cards/activate,1
http://pochtabakn.org/auth,1
http://t3x4gr0b4nk.co/account/verify,1
http://login-humo.net/verify,1
http://hakmorbank.kz/login?next=%2Faccount,1
http://my-hamkorbank.com/cards/activate,1
http://184.223.120.178/click/login,1
https://mf.uz/robots.txt,0
https://court.uz/report,0
http://login.apelsin.uz.malicious.top/secure/login,1
http://paye.kz/confirm,1
http://77.151.222.31:8080/nbu/secure/login,1
https://www.asakabank.uz/notifications,0
https://nytimes.com/home,0
http://sqbb.uz/p?redirect=true,1
https://theguardian.com/category/services,0
http://i-nfinbank.org/hisob,1
http://220.1.170.176/xalqbank/tolov,1
http://bcbank.kz/account/verify,1
https://kun.uz/,0
https://www.pypi.org/security,0
https://humans.uz/offers,0
https://docs.python.org/login,0
http://17.214.84.98/ipotekabank/verify,1
http://uzum-net.com:9090/login,1
http://asakaabnk.co/transfer,1
https://www.shopify.com/about-us,0
https://gmail.com/category/services,0
http://paynet.uz@malicious012.com/kirish,1
https://slack.com/dashboard,0
http://kapi-talbank.ru/kirish,1
https://www.asakabank.uz/login,0
https://uznet.uz/uz/hizmatlar,0
http://apels-in.ru/verify,1
https://court.uz/ru,0
https://www.shopify.com/home,0
http://infinbank-bank.net/login,1
http://agrobank-card.io/payment/confirm,1
http://209.243.190.142/oson/auth,1
http://oso-n.net/secure/login,1
http://aloqaank.io/account/verify,1
http://anorbank-card.co/transfer,1
https://twitter.com/user/profile,0
http://tbcbank-secure.net/tolov,1
http://texagrobank-verify.com/karta/faollashtirish,1
https://aloqabank.uz/app,0
http://tbcbankhisob.com/secure/login,1
http://asakaabnk.net/p?redirect=true,1
https://www.yoshlar.uz/about,0
http://agrobankk.com/login?next=%2Faccount,1
https://aloqabank.uz/terms,0
http://ipot-ekabank.io/,1
http://46.102.234.132/texagrobank/karta/faollashtirish,1
https://spot.uz/profile,0
http://secure-agrobank.net/hisob,1
http://140.233.25.93:8080/infinbank/payment/confirm,1
http://uzum.click/kirish,1
https://www.podrobno.uz/products/list,0
http://dndb94ljq22ajxf9.online/tolov,1
http://aloqabnak.ru/p?redirect=true,1
https://pochta.uz/services,0
http://tastbank.co/auth,1
https://president.uz/help,0
http://i-pakyulibank.ru/auth,1
https://stackoverflow.com/about-us,0
http://real-xalqbank.org/tolov,1
http://uzmu.ru/auth,1
http://secure-kapitalbank.io/login,1
http://uzumm.co/auth,1
https://uzinfocom.uz/logout,0
http://best-xalqbank.uz/cards/activate,1
https://visa.com/cards,0
http://aloqabak.ru/cards/activate,1
http://aplsin.net/banking/login,1
https://azure.microsoft.com/logout,0
http://loqabank.ru/banking/login,1
http://hisob-asakabank.uz/login?next=%2Faccount,1
https://spot.uz/register,0
https://aws.amazon.com/api,0
https://cloudflare.com/ru/about,0
https://www.github.com/messages,0
http://infinbank-verify.com/payment/confirm,1
http://oson-service.net/login?next=%2Faccount,1
http://kaitalbank.net/secure/login,1
http://texagrobankk.ru/auth,1
http://infinbank-bank.uz/banking/login,1
http://new-uzcard.com/login,1
https://dunyo.uz/services,0
http://verify-sqb.kz/hisob,1
http://ipakyuli-bank.ru/secure/login,1
http://al-oqabank.uz/p?redirect=true,1
http://99.249.253.82/uzcard/cards/activate,1
https://edu.uz/search,0
https://license.uz/contact,0
http://hamko-rbank.kz/payment/confirm,1
https://dunyo.uz/main,0
https://uzinfocom.uz/cards,0
http://tbcbak.co/kirish,1
https://hub.docker.com/settings,0
https://sputniknews.uz/terms,0
https://www.pharmi.uz/profile,0
http://aloqaban.kz/karta/faollashtirish,1
http://pa-yme.io/account/verify,1
http://secure-ipakyulibank.io/cards/activate,1
http://agrobak.ru/account/verify,1
http://online-paynet.ru/p?redirect=true,1
http://xalqbank-secure.com/transfer,1
http://new-xalqbank.co/tolov,1
https://mf.uz/mobile,0
http://secure-hamkorbank.com/karta/faollashtirish,1
https://www.kapitalbank.uz/main,0
http://kaitalbank.kz/p?redirect=true,1
https://reddit.com/login,0
https://netflix.com/app,0
http://9.125.88.227:8080/texagrobank/auth,1
https://bibim.uz/uz,0
https://court.uz/blog,0
http://h4mk0rb4nk.com/login?next=%2Faccount,1
http://agrob-ank.org/p?redirect=true,1
http://uzc-ard.net/cards/activate,1
http://36.55.44.1:8080/uzum/login?next=%2Faccount,1
https://click.uz/contact,0
http://verify-nbu.org/hisob,1
http://zucard.io/tolov,1
http://pochtabnak.org/cards/activate,1
http://my-hamkorbank.net/tolov,1
https://visa.com/faq,0
https://stripe.com/sitemap.xml,0
https://www.stripe.com/payments,0
http://pochtabakn.ru/cards/activate,1
http://panyet.io/auth,1
http://sqb-secure.co/payment/confirm,1
http://trastbnak.uz/confirm,1
https://anorbank.uz@malicious004.com/login,1
https://asakabank.uz/security,0
https://pochtabank.uz/security,0
https://tdiu.uz/uz,0
http://oson-pay.kz/confirm,1
http://official-agrobank.com/verify,1
http://uz-click.net/account/verify,1
http://ininbank.ru/banking/login,1
https://mehnat.uz/main,0
https://dropbox.com/,0
http://3aotg4in18u.rest/transfer,1
http://52.154.240.35/infinbank/login,1
http://c-lick.uz/tolov,1
http://online-texagrobank.ru/verify,1
https://www.hamkorbank.uz/sitemap.xml,0
https://www.samdu.uz/category/news,0
https://uzb.uz/support,0
https://www.my.gov.uz/login,0
http://ifinbank.co/hisob,1
https://e-gov.uz/login,0
https://hamkorbank.uz/index.html,0
https://mastercard.com/help,0
http://t-exagrobank.net/hisob,1
http://anorabnk.com/account/verify,1
https://yandex.uz/report,0
https://uzcard.uz/transfer,0
http://hamkorbank.uz@malicious011.com/kirish,1
http://sqb-bank.kz/p?redirect=true,1
http://s-qb.co/confirm,1
http://aloqabank-uz.ru/kirish,1
http://ipotekbank.kz/login?next=%2Faccount,1
http://my-xalqbank.io/cards/activate,1
http://nifinbank.com/kirish,1
https://www.uzcard.uz/about-us,0
https://www.tdiu.uz/security,0
http://trastban.uz/banking/login,1
https://mehnat.uz/cards,0
https://xs.uz/settings,0
http://hamkorbank-login.com/transfer,1
https://www.cnn.com/sitemap.xml,0
http://trastbankaccount.com/login,1
http://h-amkorbank.com/payment/confirm,1
http://agrobank.uz.login-secure.com/verify,1
http://trastban.net/confirm,1
https://license.uz/media,0
http://official-uzcard.ru:3000/login,1
http://uzpot.co/login,1
http://aloqaba-nk.net/p?redirect=true,1
http://payem.uz/secure/login,1
http://200.131.8.171/tbcbank/account/verify,1
http://login-oson.com/transfer,1
http://login-ipakyulibank.org/account/verify,1
http://a-norbank.org:8443/login,1
https://www.parlament.uz/banking,0
http://texagrbank.org/karta/faollashtirish,1
http://as-akabank.com/cards/activate,1
http://texagrobank-net.net/kirish,1
https://ijro.uz/products/list,0
http://tbcbank-uz.io/payment/confirm,1
http://pakyulibank.co/hisob,1
https://spot.uz/en/services,0
https://science.org/privacy,0
http://humo-service.com/confirm,1
http://hamkorbank-card.uz/hisob,1
http://kapitalbank-uz.kz/login,1
http://trsatbank.uz/banking/login,1
https://uza.uz/en,0
https://www.xb.uz/index.html,0
http://infi-nbank.com/kirish,1
http://hamkorbank-service.co/hisob,1
http://apelsin-uz.co/secure/login,1
http://tbcbakn.co/cards/activate,1
https://xb.uz/privacy,0
http://verify-kapitalbank.uz/payment/confirm,1
http://my-pochtabank.ru/banking/login,1
https://spot.uz/settings,0
https://uzinfocom.uz/privacy,0
https://www.developer.mozilla.org/media,0
https://www.kubernetes.io/about,0
http://p4ym3.uz/tolov,1
http://clickk.uz/cards/activate,1
https://stat.uz/docs,0
http://100.221.191.74:8080/trastbank/account/verify,1
http://uzpot.co/tolov,1
http://payne-t.uz/verify,1
https://ft.com/blog,0
https://www.anorbank.uz/blog,0
http://askabank.co/login,1
https://president.uz/docs,0
http://aloqabank-card.com/tolov,1
http://aloqabank-net.com/account/verify,1
http://i-nfinbank.kz/tolov,1
http://infinbank-uz.io/secure/login,1
https://theguardian.com/logout,0
https://pypi.org/uz/hizmatlar,0
https://www.science.org/mobile,0
http://a-pelsin.kz/hisob,1
https://www.mastercard.com/offers,0
http://uzcard-online.co/secure/login,1
https://bbc.com/privacy,0
http://official-texagrobank.org/auth,1
http://hisob-sqb.uz/tolov,1
http://real-oson.ru/banking/login,1
https://cloudflare.com/notifications,0
https://click.uz@malicious005.com/login,1
https://www.kapitalbank.uz/payments,0
http://aloqabnak.uz/payment/confirm,1
http://xa-lqbank.kz/p?redirect=true,1
http://pochtaabnk.org/confirm,1
http://asakabanktasdiqlash.com/payment/confirm,1
http://ipakyuliabnk.ru/cards/activate,1
http://nfinbank.net/login,1
https://www.gmail.com/sitemap.xml,0
https://yoshlar.uz/help,0
http://175.86.37.3/humo/account/verify,1
http://aloqabank-secure.org/hisob,1
https://bibim.uz/about-us,0
https://zoom.us/ru/about,0
https://spot.uz/about,0
http://uzca-rd.co/kirish,1
http://kapitalbank-service.com/login?next=%2Faccount,1
https://prokuratura.uz/en,0
https://ipakyulibank.uz/uz,0
https://nytimes.com/contact,0
https://bbc.com/offers,0
http://best-oson.org/confirm,1
http://secure-humo.ru/verify,1
https://pharmi.uz/home,0
http://tbc-bank.kz/account/verify,1
http://141.245.244.93/infinbank/banking/login,1
https://outlook.com/robots.txt,0
http://apelin.uz/kirish,1
https://infinbank.uz/uz/hizmatlar,0
https://www.zamin.uz/search,0
https://www.aloqabank.uz/mobile,0
http://hamkorba-nk.uz/karta/faollashtirish,1
https://wix.com/products/list,0
http://iapkyulibank.co/verify,1
https://paypal.com/media,0
http://click-bank.uz/tolov,1
https://president.uz/media,0
http://t3x4gr0b4nk.com/payment/confirm,1
https://twitter.com/2024/,0
https://netflix.com/api/v1/health,0
http://35.254.180.182/click/payment/confirm,1
https://www.tuit.uz/contact,0
http://hamkorbank-account.com/secure/login,1
https://uzb.uz/help,0
https://xb.uz/uploads,0
http://ipkyulibank.co/payment/confirm,1
http://aloqaabnk.kz/kirish,1
http://asaka-bank.com/auth,1
http://infinbnak.net/login?next=%2Faccount,1
http://k4p1t41b4nk.org/auth,1
https://uzum.uz/,0
http://login.secure.account1.trastbank.uz.phish.com/auth,1
http://uzum-pay.io/cards/activate,1
https://uzum.uz/products,0
https://court.uz/user/profile,0
https://humans.uz/2024/,0
http://ipotekabank-pay.org/secure/login,1
https://www.ijro.uz/,0
https://pypi.org/products/list,0
http://aloqabank.online/cards/activate,1
http://anorank.io/secure/login,1
http://hmo.kz/p?redirect=true,1
https://www.stat.uz/download,0
http://ipakyulibak.uz/secure/login,1
https://xb.uz/messages,0
http://162.100.1.148/texagrobank/cards/activate,1
http://askabank.org/banking/login,1
https://www.tuit.uz/docs,0
http://infinbank-card.org/karta/faollashtirish,1
http://verify-agrobank.com/verify,1
http://hamkorbank-bank.io/kirish,1
http://kapitalbank-pay.com/verify,1
https://pypi.org/static/css/main.css,0
http://uzpots.ru/secure/login,1
https://tsue.uz/about,0
http://official-pochtabank.kz/karta/faollashtirish,1
https://gmail.com/services,0
http://po-chtabank.uz/cards/activate,1
https://www.github.com/2024/,0
http://official-kapitalbank.ru:8443/login,1
http://anrbank.com/kirish,1
http://oso-n.kz/tolov,1
https://sqb.uz/logout,0
http://asakaank.io/hisob,1
https://court.uz/terms,0
https://sog-liqni-saqlash.uz/login,0
https://tsue.uz/report,0
https://tsue.uz/payments,0
http://pochtabakn.net/login?next=%2Faccount,1
http://new-uzpost.org/secure/login,1
http://aloqabank-card.io/login,1
http://123.123.98.85/nbu/login,1
http://aorbank.ru/confirm,1
http://s-qb.ru/auth,1
http://infinbank-bank.kz/hisob,1
http://agr-obank.io/confirm,1
https://yandex.uz/transfer,0
https://xs.uz/uz/hizmatlar,0
https://slack.com/profile,0
https://www.samdu.uz/robots.txt,0
http://paynet-bank.net/transfer,1
https://www.stackoverflow.com/offers,0
http://uz-uzpost.org/banking/login,1
http://infinbank-login.com/payment/confirm,1
https://court.uz/privacy,0
http://agrobnak.io/kirish,1
https://apelsin.uz/sitemap.xml,0
http://oson-service.ru/auth,1
https://cnn.com/ru/about,0
https://www.cnn.com/home,0
https://pochta.uz/terms,0
http://o-son.ru/secure/login,1
http://texagroank.io/transfer,1
http://uzum-net.ru:9090/login,1
http://secure-click.uz/auth,1
http://humo-secure.io/transfer,1
https://theguardian.com/blog,0
https://www.slack.com/app,0
http://payme-login.kz/secure/login,1
http://aplsin.net/karta/faollashtirish,1
https://forbes.com/en/services,0
http://payne.com/tolov,1
https://www.hamkorbank.uz/category/services,0
http://ipotekabakn.uz/kirish,1
http://kapitalank.net/transfer,1
http://payme-card.kz/cards/activate,1
https://license.uz/wiki,0
https://uznet.uz/ru/about,0
http://paym-e.io/cards/activate,1
http://hisob-hamkorbank.uz/confirm,1
http://official-uzcard.kz/payment/confirm,1
https://gmail.com/api/v1/health,0
https://www.gmail.com/download,0
https://youtube.com/api,0
http://clik.com/kirish,1
http://asakaabnk.net/cards/activate,1
https://www.edu.uz/messages,0
http://ipakyuliban.uz/login,1
https://uznet.uz/notifications,0
https://podrobno.uz/user/profile,0
http://hamkorbank.buzz/banking/login,1
http://uzpost-confirm.com/login,1
http://apelsni.io/cards/activate,1
http://aloqabnk.co/verify,1
http://uzcar-d.uz/cards/activate,1
http://172.87.100.252/apelsin/banking/login,1
http://uzum.cf/hisob,1
http://roa5vk1m1f3unhhlv69cv.top/login?next=%2Faccount,1
https://www.tbcbank.uz/payments,0
http://best-ipotekabank.net/account/verify,1
http://infinbankk.uz/secure/login,1
http://best-oson.org/payment/confirm,1
http://244.214.86.57:8080/ipotekabank/payment/confirm,1
http://new-asakabank.uz/verify,1
http://247.198.84.66/payme/confirm,1
https://nytimes.com/register,0
https://zamin.uz/cards,0
https://sog-liqni-saqlash.uz/logout,0
http://payne-t.uz/hisob,1
https://wikipedia.org/terms,0
http://paynt.net/transfer,1
http://oson-pay.io/login,1
http://hmakorbank.kz/account/verify,1
http://39.211.110.106:8080/sqb/login?next=%2Faccount,1
https://paypal.com/index.html,0
http://kapitalbank-card.io/cards/activate,1
https://humans.uz/news,0
http://secure-ipotekabank.com/verify,1
http://infinbank-uz.ru/payment/confirm,1
https://outlook.com/offers,0
http://ipotekabnk.ru/verify,1
https://edu.uz/docs,0
https://www.paypal.com/api,0
https://stat.uz/payments,0
http://kapitalbak.net/transfer,1
http://anor-bank.net/p?redirect=true,1
https://soliq.uz/products,0
https://customs.uz/register,0
https://mytaxi.uz/user/profile,0
https://pharmi.uz/products,0
http://asakabankkirish.com/confirm,1
http://best-agrobank.co/hisob,1
https://tuit.uz/api/v1/health,0
http://osonn.io/verify,1
http://official-click.co/secure/login,1
https://nytimes.com/index.html,0
http://real-trastbank.io/secure/login,1
http://aloqabank-online.ru/confirm,1
https://www.podrobno.uz/category/services,0
http://222.186.121.217:8080/uzum/banking/login,1
https://ems.uz/ru,0
http://230.15.30.49/asakabank/account/verify,1
https://bbc.com/faq,0
http://nbuverify.com/secure/login,1
http://apelsin.gq/tolov,1
http://new-aloqabank.co/confirm,1
https://kubernetes.io/help,0
http://grobank.ru/verify,1
https://google.com/api,0
http://nbu-login.net:3000/login,1
http://amkorbank.io/kirish,1
http://aloqabankk.kz/tolov,1
http://ipotekbank.io/tolov,1
http://sqb-secure.com/account/verify,1
https://nbu.uz/static/css/main.css,0
http://verify-payme.org/banking/login,1
https://amazon.com/,0
http://my-pochtabank.ru/verify,1
https://www.court.uz/home,0
http://hamkorbank-uz.verify-account.net/login,1
http://uzcard-login.kz/confirm,1
http://ipotekabank-service.net/payment/confirm,1
https://amazon.com/contact,0
https://microsoft.com/index.html,0
http://apelsin-uz.ru/cards/activate,1
https://www.hamkorbank.uz/api,0
http://agrob-ank.ru/confirm,1
https://www.instagram.com/security,0
http://new-humo.ru/confirm,1
http://payme.uz@malicious006.com/kirish,1
https://daryo.uz/robots.txt,0
http://click-online.ru/cards/activate,1
https://click.uz@malicious006.com/login,1
https://stackoverflow.com/category/services,0
http://texagrboank.kz/transfer,1
http://yfnce98nfx0nrq2.cf/transfer,1
https://www.microsoft.com/en,0
https://agrobank.uz@malicious003.com/login,1
http://panyet.kz/confirm,1
http://uuzm.org/payment/confirm,1
https://pharmi.uz/index.html,0
https://mehnat.uz/static/css/main.css,0
http://ayme.com/account/verify,1
https://shopify.com/user/profile,0
http://nbu-uz.kz/tolov,1
http://214.156.72.42:8080/click/hisob,1
https://customs.uz/api/v1/health,0
http://hamkorbank-net.co/login?next=%2Faccount,1
https://azure.microsoft.com/docs,0
https://wordpress.com/uploads,0
http://uz-um.org/karta/faollashtirish,1
https://qalampir.uz/mobile,0
http://xa-lqbank.io/payment/confirm,1
https://humo.uz/en,0
http://tbcbakn.uz/account/verify,1
https://www.adobe.com/2024/,0
http://new-oson.co/karta/faollashtirish,1
http://64.130.48.139/hamkorbank/verify,1
https://gmail.com/static/css/main.css,0
http://kapitalbank.uz@malicious010.com/kirish,1
https://www.gov.uz/,0
https://www.kubernetes.io/help,0
http://pelsin.ru/karta/faollashtirish,1
http://clikc.net/p?redirect=true,1
http://asakaank.net/cards/activate,1
http://agrobank-net.io/transfer,1
http://saakabank.uz/cards/activate,1
https://nytimes.com/payments,0
http://real-humo.ru/verify,1
https://www.license.uz/contact,0
https://uza.uz/wiki,0
http://pochtabakn.ru/payment/confirm,1
http://apelsinsecure.com/transfer,1
http://zefzluehookeihqj90z.online/kirish,1
https://www.wikipedia.org/report,0
https://asakabank.uz/cards,0
https://license.uz/news,0
http://asakabank-service.kz/secure/login,1
https://nuu.uz/login,0
http://my-oson.org/payment/confirm,1
http://tratbank.net/auth,1
http://iakyulibank.net/cards/activate,1
http://xalqbankk.net/payment/confirm,1
http://online-hamkorbank.net/tolov,1
http://verify-agrobank.io/confirm,1
https://theguardian.com/help,0
http://87.191.57.7:8080/ipakyulibank/payment/confirm,1
https://ijro.uz/wiki,0
http://hamkorbankkirish.com/confirm,1
http://uuzm.uz/account/verify,1
https://interfax.uz/user/profile,0
http://panyet.uz/verify,1
https://uzinfocom.uz/services,0
http://texargobank.uz/confirm,1
https://kubernetes.io/dashboard,0
https://bibim.uz/register,0
http://click-2024.ru:8080/login,1
https://zoom.us/about-us,0
https://gazeta.uz/banking,0
http://online-aloqabank.kz/transfer,1
http://texagrobank-service.kz/secure/login,1
http://real-trastbank.ru/hisob,1
https://amazon.com/2024/,0
http://infinbank-online.ru/transfer,1
https://cnn.com/security,0
https://www.gazeta.uz/wiki,0
http://aloqabank-pay.com/verify,1
http://uz-apelsin.io/login?next=%2Faccount,1
http://33.16.1.218/hamkorbank/hisob,1
http://verify-pochtabank.uz/login,1
https://mdis.uz/security,0
http://uz-paynet.io/secure/login,1
http://ipkyulibank.com/login,1
http://agrobank-net.org/login?next=%2Faccount,1
http://pamye.ru/kirish,1
http://hamkorbank-card.co/kirish,1
http://227.41.136.129:8080/sqb/login?next=%2Faccount,1
https://parlament.uz/history,0
https://www.pharmi.uz/security,0
https://dunyo.uz/products,0
http://kapitalabnk.kz/tolov,1
https://www.mehnat.uz/contact,0
http://online-uzum.co/banking/login,1
https://asakabank.uz/static/css/main.css,0
http://official-uzcard.uz/secure/login,1
http://kaptialbank.com/account/verify,1
http://soon.com/karta/faollashtirish,1
https://my.gov.uz/help,0
https://edu.uz/user/profile,0
http://139.172.14.220/oson/cards/activate,1
https://texagrobank.uz/search,0
http://ipotekaabnk.uz/payment/confirm,1
http://apelsni.uz/kirish,1
https://oson.uz/search,0
https://www.anorbank.uz/banking,0
http://hamkorbnk.io/cards/activate,1
https://www.outlook.com/app,0
http://trastbank-hisob.com/transfer,1
http://ifninbank.io/cards/activate,1
https://npmjs.com/products/list,0
http://uzcard-login.net/confirm,1
http://ipkyulibank.com/confirm,1
http://iotekabank.kz/tolov,1
https://mastercard.com/contact,0
http://login-texagrobank.co/tolov,1
https://www.twitter.com/banking,0
http://hamkorbank-pay.org/login?next=%2Faccount,1
https://www.linkedin.com/products/list,0
http://hum.org/transfer,1
http://pochabank.co/payment/confirm,1
https://pochtabank.uz/uploads,0
https://www.ipotekabank.uz/en,0
http://my-apelsin.com/karta/faollashtirish,1
http://secure-humo.kz/karta/faollashtirish,1
http://121.4.33.126:8080/trastbank/login,1
http://p4ym3.co/hisob,1
http://anorban.co/login,1
https://www.bloomberg.com/analytics,0
http://verify-tbcbank.io/cards/activate,1
http://uz-ipotekabank.org/confirm,1
http://xalqbank-2024.co/confirm,1
http://ipotekbank.ru/karta/faollashtirish,1
http://official-uzcard.uz/karta/faollashtirish,1
https://www.tma.uz/analytics,0
https://linkedin.com/banking,0
http://inf-inbank.ru/hisob,1
http://e8eft4cj4ty.click/account/verify,1
https://www.nature.com/en/services,0
http://uzcrd.org/banking/login,1
http://apelsi.org/cards/activate,1
http://apelsni.kz/transfer,1
https://humo.uz/terms,0
http://ipakyuliank.ru/cards/activate,1
http://116.177.192.94:8080/uzcard/karta/faollashtirish,1
http://infinbank-service.com/kirish,1
http://anorbank-card.org/login?next=%2Faccount,1
http://hmo.com/confirm,1
https://uzb.uz/2024/,0
https://xb.uz/home,0
http://uzu.com/banking/login,1
http://anobrank.net/tolov,1
http://tbcbank-login.org/cards/activate,1
http://texargobank.io/confirm,1
https://www.cloud.google.com/about-us,0
http://uz-hamkorbank.com/account/verify,1
http://infinbank-online.io/payment/confirm,1
http://nbu-account.com/karta/faollashtirish,1
http://apelin.io/secure/login,1
http://uz-xalqbank.org/secure/login,1
http://real-apelsin.kz/karta/faollashtirish,1
http://uzopst.kz/karta/faollashtirish,1
http://login.secure.account1.payme.uz.phish.com/auth,1
http://payent.uz/payment/confirm,1
http://112.111.4.128/hamkorbank/secure/login,1
https://www.developer.mozilla.org/offers,0
https://texagrobank.uz/home,0
http://infinba-nk.com/karta/faollashtirish,1
https://amazon.com/settings,0
http://login-texagrobank.io/verify,1
http://kapitalbakn.net/account/verify,1
http://xaqbank.com/cards/activate,1
http://uz-card.ru/account/verify,1
http://kapitalbank-uz.uz/banking/login,1
http://uz-pochtabank.ru/account/verify,1
http://official-sqb.kz/login,1
https://google.com/uploads,0
https://president.uz/support,0
http://asakaban-k.kz/hisob,1
http://tbcban-k.net/banking/login,1
https://www.infinbank.uz/history,0
https://www.ems.uz/uploads,0
http://asakaban-k.io/payment/confirm,1
http://official-uzpost.io/p?redirect=true,1
http://uzca-rd.ru/login?next=%2Faccount,1
http://verify-uzum.org/kirish,1
http://online-ipakyulibank.org/transfer,1
https://reddit.com/support,0
https://aloqabank.uz/ru,0
https://sqb.uz/en,0
https://customs.uz/search,0
http://100.16.47.26:8080/uzcard/verify,1
http://aplesin.com/auth,1
https://www.wordpress.com/report,0
https://apple.com/transfer,0
http://uzcar.co/account/verify,1
https://paynet.uz/media,0
http://uz-oson.kz/hisob,1
http://cl-ick.kz/cards/activate,1
http://poctabank.uz/banking/login,1
https://linkedin.com/products,0
http://verify-agrobank.uz/,1
http://uzumm.co/karta/faollashtirish,1
http://ifninbank.com/confirm,1
http://texagrob-ank.org/cards/activate,1
https://xs.uz/profile,0
http://tbcbank-card.org/confirm,1
http://050n.com/auth,1
http://uzum-net.io/cards/activate,1
http://p-ayme.com/transfer,1
http://trastbank-secure.org/p?redirect=true,1
http://humo-secure.uz/hisob,1
http://kirish-uzum.uz/login?next=%2Faccount,1
http://infinbank-login.io/p?redirect=true,1
https://www.ipotekabank.uz/sitemap.xml,0
http://aloaqbank.net/hisob,1
http://paynet-net.uz/banking/login,1
https://www.gmail.com/user/profile,0
http://official-infinbank.ru/cards/activate,1
http://anorbank-uz.com/p?redirect=true,1
https://cnn.com/profile,0
http://online-xalqbank.kz/payment/confirm,1
http://pamye.org:9090/login,1
http://kaptalbank.co/account/verify,1
http://paelsin.com/login,1
http://login-asakabank.uz/hisob,1
http://uzcard-bank.org/kirish,1
http://kap-italbank.org/hisob,1
http://ipotekabank-2024.org/transfer,1
https://uza.uz/download,0
https://click.uz/,0
https://office.com/login,0
http://26.161.180.87/ipakyulibank/auth,1
http://po-chtabank.kz/transfer,1
http://ipotekbank.net/payment/confirm,1
https://ipakyulibank.uz/faq,0
http://texagrobank.uz@malicious005.com/kirish,1
http://a-norbank.io/verify,1
https://ipakyulibank.uz/en/services,0
https://court.uz/download,0
http://official-uzcard.uz/hisob,1
http://payent.org/login,1
http://asakabank-card.ru/verify,1
http://u-zum.io/payment/confirm,1
http://anorbank-bank.ru/payment/confirm,1
http://oson-secure.io/login,1
https://www.click.uz/about-us,0
http://ipotekabank-online.com/verify,1
https://edu.uz/messages,0
http://alqoabank.uz/hisob,1
http://cick.com/kirish,1
http://177.17.147.27/payme/hisob,1
http://iapkyulibank.net:8443/login,1
http://sqb-net.org/payment/confirm,1
https://uznet.uz/logout,0
https://ipakyulibank.uz/analytics,0
http://official-trastbank.kz/login?next=%2Faccount,1
http://uzopst.kz/payment/confirm,1
http://uczard.uz/payment/confirm,1
http://h-umo.com/tolov,1
http://new-uzpost.co/tolov,1
https://stat.uz/en/services,0
http://paynet.site/transfer,1
https://spot.uz/help,0
https://slack.com/logout,0
https://kapitalbank.uz/static/css/main.css,0
http://asakaba-nk.net/banking/login,1
https://kapitalbank.uz/sitemap.xml,0
http://uzca-rd.io/verify,1
http://infinbank.info/cards/activate,1
http://amkorbank.co/confirm,1
https://azure.microsoft.com/offers,0
https://uza.uz/security,0
https://www.humo.uz/uz/hizmatlar,0
http://i-nfinbank.com/auth,1
http://secure-click.uz/kirish,1
https://www.reuters.com/main,0
http://new-pochtabank.net/login,1
http://agrbank.io/auth,1
http://anrbank.uz/login?next=%2Faccount,1
https://wix.com/cards,0
https://wix.com/docs,0
http://texagroank.com/login?next=%2Faccount,1
http://uuzm.net/payment/confirm,1
http://ipakyulibank-net.io/payment/confirm,1
http://84.162.80.34:8080/ipotekabank/payment/confirm,1
https://shopify.com/login,0
http://cdfm3n50bv.tk/p?redirect=true,1
http://click-secure.net/payment/confirm,1
https://wsj.com/settings,0
https://wix.com/history,0
http://online-sqb.co/transfer,1
http://poc-htabank.org/p?redirect=true,1
https://court.uz/category/services,0
http://211.96.100.145/texagrobank/banking/login,1
http://clickk.kz/secure/login,1
http://224.67.222.254:8080/uzcard/payment/confirm,1
http://infinbank-bank.com/transfer,1
https://www.pochta.uz/products,0
http://my-click.ru/confirm,1
http://my-uzpost.net/tolov,1
https://www.paynet.uz/login,0
http://aloqabank-2024.uz/confirm,1
https://www.microsoft.com/main,0
http://107.43.12.132:8080/apelsin/confirm,1
https://infinbank.uz/faq,0
https://mdis.uz/user/profile,0
http://tbcbank-service.com/account/verify,1
http://xlaqbank.com/hisob,1
https://uzcard.uz/app,0
https://www.bloomberg.com/cards,0
http://uz-uzpost.io/kirish,1
http://vkha0t3kxz.top/verify,1
https://trastbank.uz/api/v1/health,0
https://www.visa.com/privacy,0
https://linkedin.com/history,0
https://bloomberg.com/main,0
https://slack.com/register,0
https://yoshlar.uz/media,0
http://10.237.252.7/paynet/payment/confirm,1
http://humo-card.net/transfer,1
http://uz-humo.ru/account/verify,1
http://050n.net/login,1
http://login-payme.com/p?redirect=true,1
http://teaxgrobank.org/kirish,1
http://infinbank-pay.co/tolov,1
http://ipotekabank-verify.com/cards/activate,1
http://click-net.kz/payment/confirm,1
http://dasqtim425vk3zuqe.xyz/banking/login,1
https://www.president.uz/uz/hizmatlar,0
http://kapitlabank.uz/kirish,1
http://son.org/account/verify,1
http://online-tbcbank.net/karta/faollashtirish,1
http://agrobank.online/verify,1
https://reddit.com/search,0
http://uzpost.ml/kirish,1
https://uznet.uz/history,0
http://real-paynet.uz/p?redirect=true,1
http://ipotekabank-online.ru/transfer,1
http://new-sqb.net/confirm,1
https://www.google.com/contact,0
http://h4mk0rb4nk.io/karta/faollashtirish,1
http://new-click.io/p?redirect=true,1
http://texag-robank.kz/secure/login,1
https://www.oson.uz/2024/,0
http://238.6.141.133:8080/kapitalbank/kirish,1
http://click-pay.ru/auth,1
http://o-son.com/auth,1
https://humo.uz/static/css/main.css,0
http://ipotekbank.co/login,1
http://hamkorb-ank.ru/confirm,1
https://ipakyulibank.uz/services,0
https://tma.uz/logout,0
http://osno.uz/cards/activate,1
https://sputniknews.uz/category/news,0
http://hamkorbank-login.kz/transfer,1
https://zoom.us/analytics,0
http://kapitalb-ank.org/payment/confirm,1
https://humans.uz/about,0
http://texagroabnk.uz/payment/confirm,1
https://pochtabank.uz/uz/hizmatlar,0
https://kubernetes.io/static/css/main.css,0
http://exagrobank.ru/banking/login,1
https://youtube.com/privacy,0
http://ipakyulibank-secure.ru/p?redirect=true,1
http://65.118.212.167:8080/oson/karta/faollashtirish,1
http://secure-click.kz/hisob,1
https://www.slack.com/category/news,0
https://science.org/about-us,0
http://uzcard-2024.ru/auth,1
https://yahoo.com/main,0
http://tbcbank-service.net/hisob,1
https://customs.uz/mobile,0
https://www.yandex.uz/products/list,0
http://trastb-ank.kz/login,1
https://www.uzcard.uz/category/services,0
http://pochta-bank.uz/tolov,1
http://aloqab-ank.com/login,1
http://ipotekabank-online.net/auth,1
https://www.customs.uz/2024/,0
http://ipotekaban-k.net/hisob,1
http://my-payme.net/transfer,1
https://google.com/user/profile,0
http://t-exagrobank.uz/transfer,1
https://oson.uz/services,0
https://edu.uz/products/list,0
https://cloudflare.com/search,0
http://tr45tb4nk.uz/secure/login,1
http://uzpost-net.com/karta/faollashtirish,1
https://yandex.uz/en/services,0
http://uzcard-card.uz/banking/login,1
https://uzum.uz@malicious002.com/login,1
https://my.gov.uz/api/v1/health,0
https://kapitalbank.uz/about-us,0
https://pharmi.uz/category/news,0
http://uz-pochtabank.co/tolov,1
http://login-agrobank.org/payment/confirm,1
https://stripe.com/products,0
http://best-payme.org/secure/login,1
http://paynet-net.com/login,1
http://verify-nbu.co/tolov,1
https://paynet.uz/history,0
https://wikipedia.org/settings,0
http://uuzm.io/login,1
https://stat.uz/about,0
http://asakaank.net/transfer,1
http://249.239.148.137/payme/p?redirect=true,1
http://verify-uzcard.kz/transfer,1
http://poctabank.com/login?next=%2Faccount,1
http://ipotek-abank.co/verify,1
http://iptoekabank.com/payment/confirm,1
https://ijro.uz/robots.txt,0
http://infinbank-uz.org/payment/confirm,1
http://uzpost.uz@malicious002.com/kirish,1
https://xb.uz/register,0
https://nytimes.com/dashboard,0
http://infinbankk.io/login?next=%2Faccount,1
http://trastbank-2024.uz/login,1
https://www.gmail.com/app,0
http://asakabank-card.net/login,1
http://best-pochtabank.co/auth,1
https://tuit.uz/uploads,0
http://asak-abank.io/tolov,1
http://ipakyulibank-uz.uz/tolov,1
http://nifinbank.ru/login,1
https://youtube.com/download,0
https://yandex.uz/robots.txt,0
http://zum.net/transfer,1
http://trasbank.com/secure/login,1
http://tbcbank-pay.kz/auth,1
http://click-net.com/login,1
http://xal-qbank.com/karta/faollashtirish,1
https://aws.amazon.com/main,0
http://a-norbank.co/hisob,1
https://netflix.com/support,0
https://humo.uz/docs,0
http://pochtabank-online.co/auth,1
https://cnn.com/banking,0
https://bbc.com/main,0
http://apeslin.org/p?redirect=true,1
https://netflix.com/en/services,0
https://kommersant.uz/robots.txt,0
http://official-humo.ru/payment/confirm,1
https://cloud.google.com/static/css/main.css,0
http://trastban.uz/karta/faollashtirish,1
http://p4yn3t.ru/kirish,1
https://microsoft.com/ru/about,0
http://verify-xalqbank.org/verify,1
http://anorban.uz/transfer,1
http://kapitlabank.net/payment/confirm,1
https://youtube.com/products/list,0
http://apelsin-online.kz/kirish,1
http://huom.co/login?next=%2Faccount,1
http://asakabnak.net/tolov,1
https://bing.com/profile,0
https://anorbank.uz/contact,0
http://amkorbank.org/cards/activate,1
http://aloqbank.kz/secure/login,1
https://yahoo.com/index.html,0
https://science.org/ru/about,0
https://yoshlar.uz/faq,0
http://aaskabank.org/transfer,1
http://10.26.173.4:8080/hamkorbank/payment/confirm,1
https://samdu.uz/2024/,0
http://texagrobank-service.com/cards/activate,1
https://aloqabank.uz@malicious003.com/login,1
http://nbuu.org/login,1
http://ynwzabjkeykug0n8c2we.click/banking/login,1
http://infinbank-online.uz/p?redirect=true,1
http://anorban-k.org/banking/login,1
https://www.nuu.uz/privacy,0
http://uzpsot.uz/payment/confirm,1
http://agrobank-2024.ru/karta/faollashtirish,1
http://login-click.org/tolov,1
http://secure-sqb.io/payment/confirm,1
http://verify-sqb.uz/tolov,1
https://tma.uz/api/v1/health,0
http://uz-trastbank.ru/banking/login,1
https://agrobank.uz/profile,0
http://login-texagrobank.net/login,1
http://infnibank.co/account/verify,1
http://xalqbank-card.kz/secure/login,1
https://parlament.uz/analytics,0
http://oso.co/kirish,1
https://theguardian.com/index.html,0
http://250.217.24.167/oson/karta/faollashtirish,1
http://texagroban.co/karta/faollashtirish,1
http://ipotekabankk.uz/p?redirect=true,1
http://10.145.157.123/trastbank/p?redirect=true,1
http://account-texagrobank.uz/transfer,1
https://samdu.uz/payments,0
https://www.daryo.uz/mobile,0
https://epay.uz/privacy,0
http://verify-texagrobank.io/login?next=%2Faccount,1
https://paynet.uz/analytics,0
http://pochtabak.kz/tolov,1
http://infinbank-card.net/secure/login,1
https://azure.microsoft.com/en,0
https://netflix.com/search,0
https://www.cnn.com/banking,0
http://123.123.98.85:8080/nbu/login,1
http://k-apitalbank.kz/login?next=%2Faccount,1
http://te-xagrobank.uz/tolov,1
https://www.uznet.uz/support,0
https://npmjs.com/payments,0
https://anorbank.uz/history,0
http://jdzcya1jusshu1bac.click/auth,1
https://stat.uz/uz,0
https://cloud.google.com/analytics,0
http://ipakyuliba-nk.co/cards/activate,1
https://yahoo.com/home,0
http://my-ipotekabank.io/account/verify,1
http://trastbank.click/kirish,1
https://theguardian.com/home,0
http://hamkorbankhisob.com/banking/login,1
http://t3x4gr0b4nk.kz/login?next=%2Faccount,1
http://tb-cbank.net/secure/login,1
https://www.outlook.com/user/profile,0
http://upost.net/transfer,1
http://infinbank-service.ru/confirm,1
http://click-login.ru/karta/faollashtirish,1
https://www.e-gov.uz/mobile,0
http://hamkorbankk.kz/account/verify,1
https://www.mf.uz/messages,0
http://uz-kapitalbank.ru/confirm,1
http://uzpo-st.org/secure/login,1
https://uzum.uz/docs,0
http://my-humo.io/login?next=%2Faccount,1
http://login-ipotekabank.uz/banking/login,1
https://pharmi.uz/offers,0
https://infinbank.uz/transfer,0
https://cloudflare.com/main,0
https://trastbank.uz@malicious005.com/login,1
http://nbu-card.kz/secure/login,1
http://pochtab-ank.io/login,1
https://apelsin.uz/api,0
http://iapkyulibank.org/p?redirect=true,1
http://kapital-bank.kz/transfer,1
http://ipotekbank.org/transfer,1
http://login-uzcard.ru/banking/login,1
https://www.parlament.uz/app,0
http://kapitalbank-net.ru/confirm,1
https://spot.uz/en,0
http://181.168.91.197/uzum/cards/activate,1
http://10.64.52.109:8080/nbu/account/verify,1
http://uzpost-pay.net/p?redirect=true,1
http://my-hamkorbank.uz/transfer,1
https://my.gov.uz/mobile,0
http://tbcbank.tk/account/verify,1
https://www.science.org/en,0
https://www.nature.com/home,0
http://potekabank.net/tolov,1
http://clic-k.uz/p?redirect=true,1
https://www.sog-liqni-saqlash.uz/contact,0
http://aloqabank-uz.net/transfer,1
http://paynet-pay.ru/secure/login,1
https://cloudflare.com/about-us,0
https://www.sog-liqni-saqlash.uz/logout,0
http://ipoteka-bank.kz/tolov,1
https://zoom.us/report,0
https://www.tsue.uz/cards,0
http://kapitalbank-service.co/tolov,1
http://nbu-2024.uz/auth,1
https://instagram.com/mobile,0
http://246.165.61.126/ipotekabank/account/verify,1
https://bibim.uz/category/services,0
http://aakabank.uz/auth,1
https://mehnat.uz/search,0
https://pochta.uz/dashboard,0
http://252.203.225.174/ipakyulibank/cards/activate,1
https://trastbank.uz/ru,0
http://asakbank.com/karta/faollashtirish,1
http://ioptekabank.org/kirish,1
https://zoom.us/app,0
http://oson-online.io/verify,1
http://ipakyuli-bank.org/hisob,1
https://npmjs.com/wiki,0
http://real-uzpost.net/login?next=%2Faccount,1
http://c11ck.uz/account/verify,1
http://nbu.uz@malicious001.com/kirish,1
https://paypal.com/category/news,0
http://uzum-2024.io/verify,1
https://amazon.com/uz/hizmatlar,0
http://tratsbank.io/verify,1
http://kapitalba-nk.co/kirish,1
http://aloaqbank.net/confirm,1
https://tsue.uz/transfer,0
https://docs.python.org/products/list,0
http://kirish-oson.uz/login?next=%2Faccount,1
http://piotekabank.com/tolov,1
https://www.office.com/products/list,0
https://www.apple.com/static/css/main.css,0
http://aloqabank-service.io/hisob,1
http://click-2024.org:8080/login,1
http://ioptekabank.uz/confirm,1
http://cl-ick.com/hisob,1
http://127.5.67.2/click/cards/activate,1
https://interfax.uz/media,0
http://teagrobank.io/auth,1
https://uzb.uz/dashboard,0
https://stripe.com/profile,0
http://xalqbank-2024.kz/banking/login,1
http://anorbak.kz/login,1
http://texgrobank.uz:8443/login,1
https://www.ebay.com/banking,0
http://official-anorbank.ru/p?redirect=true,1
https://uznet.uz/services,0
http://online-texagrobank.uz/cards/activate,1
http://texagro-bank.ru/verify,1
http://xalqbank-online.kz/login?next=%2Faccount,1
http://aloqabnak.net/account/verify,1
http://kapital-bank.org/hisob,1
http://sqb-secure.ru/account/verify,1
http://pochtabnk.ru/p?redirect=true,1
http://trastba-nk.io/hisob,1
http://ipakyulbiank.co/auth,1
https://ft.com/terms,0
https://www.github.com/wiki,0
http://22.95.51.218/apelsin/tolov,1
http://secure-paynet.net/transfer,1
http://te-xagrobank.net/auth,1
http://agrobank-bank.io/verify,1
http://ipotek-abank.kz/karta/faollashtirish,1
https://stripe.com/register,0
http://paynet-2024.io/verify,1
https://xb.uz/profile,0
https://ems.uz/terms,0
https://www.humans.uz/news,0
http://tbcbank-pay.uz/tolov,1
https://stackoverflow.com/static/css/main.css,0
https://texagrobank.uz/support,0
http://paynet-secure.co/transfer,1
http://texagrobank-kirish.com/hisob,1
http://ipakyulibnak.org/transfer,1
http://asakabank-2024.ru/secure/login,1
http://aloqaba-nk.kz/account/verify,1
http://oson-online.com/login?next=%2Faccount,1
http://ipotekab-ank.co/tolov,1
https://edu.uz/en,0
https://www.uznet.uz/user/profile,0
http://infinbankverify.com/hisob,1
http://xalqbank-login.io/verify,1
https://bibim.uz/index.html,0
http://uz-anorbank.io/p?redirect=true,1
https://cloud.google.com/media,0
https://www.zoom.us/category/news,0
http://xalqb-ank.org/kirish,1
http://aktbqrze8ra36.top/cards/activate,1
http://official-ipakyulibank.ru/login?next=%2Faccount,1
http://xalqbank-card.org/transfer,1
https://nuu.uz/faq,0
https://developer.mozilla.org/terms,0
http://ipakyluibank.ru/login,1
http://clck.kz/confirm,1
http://paynet-service.net/transfer,1
http://nbu-card.net/p?redirect=true,1
http://xalqbankk.co/transfer,1
http://new-infinbank.io/login,1
http://agrobak.com/p?redirect=true,1
http://kapitalbank-net.co/tolov,1
http://official-uzpost.co/login?next=%2Faccount,1
http://official-sqb.kz/payment/confirm,1
http://sqb-uz.com/confirm,1
https://bibim.uz/report,0
https://parlament.uz/docs,0
http://aloqabak.kz/kirish,1
http://trastbank-pay.io/login?next=%2Faccount,1
https://economist.com/sitemap.xml,0
http://220.84.159.6/pochtabank/karta/faollashtirish,1
http://sqb-service.com/karta/faollashtirish,1
http://hisob-uzpost.uz/login,1
http://real-sqb.io/login?next=%2Faccount,1
http://ipotekab-ank.uz/login?next=%2Faccount,1
https://www.cnn.com/index.html,0
http://tb-cbank.co/transfer,1
http://infinank.co/login,1
http://ipayulibank.uz/login?next=%2Faccount,1
https://asakabank.uz/help,0
https://docs.python.org/faq,0
https://slack.com/uz,0
http://apelsni.io/verify,1
http://ipakyulibank-card.net/payment/confirm,1
http://ba5bu278roxqsch.cf/auth,1
https://e-gov.uz/payments,0
http://100.209.232.119/infinbank/p?redirect=true,1
http://xalqbnk.org/verify,1
https://docs.python.org/uploads,0
https://www.office.com/en,0
http://official-oson.net/auth,1
https://www.payme.uz/user/profile,0
http://asakabnk.org/login,1
http://texagrbank.uz/cards/activate,1
https://www.facebook.com/user/profile,0
https://yoshlar.uz/logout,0
http://infinbnk.org/transfer,1
https://samdu.uz/messages,0
http://pochtabank-uz.co/payment/confirm,1
http://secure-click.uz.phish.xyz/login?next=%2Faccount,1
https://wikipedia.org/,0
https://mytaxi.uz/notifications,0
http://oson-xavfsiz.com/login,1
https://prokuratura.uz/uploads,0
http://uzpst.net/banking/login,1
http://loqabank.uz/login,1
https://economist.com/news,0
http://ipakyulibank-secure.uz/login,1
https://nature.com/products,0
http://nbu-xavfsiz.com/account/verify,1
https://npmjs.com/contact,0
http://login-nbu.ru/tolov,1
https://www.humo.uz/faq,0
https://www.wix.com/ru,0
https://www.apple.com/report,0
https://mf.uz/history,0
http://tarstbank.co/kirish,1
http://online-uzum.ru/kirish,1
http://uzcar-d.ru/p?redirect=true,1
http://aloqab-ank.net/secure/login,1
https://www.ipotekabank.uz/services,0
https://kubernetes.io/products/list,0
http://verify-hamkorbank.uz/hisob,1
http://verify-infinbank.com/auth,1
http://zuum.com/login?next=%2Faccount,1
http://aloqabank-2024.kz/login?next=%2Faccount,1
https://bing.com/2024/,0
http://secure-payme.com/tolov,1
https://aloqabank.uz/media,0
https://netflix.com/about,0
http://149.178.171.220:8080/anorbank/transfer,1
https://bing.com/payments,0
https://youtube.com/wiki,0
http://new-humo.kz/kirish,1
http://real-anorbank.kz/confirm,1
http://ham-korbank.uz/account/verify,1
https://www.paynet.uz/robots.txt,0
https://pharmi.uz/report,0
http://account-hamkorbank.uz/tolov,1
https://wsj.com/login,0
https://www.linkedin.com/media,0
http://ipakyulibakn.io/banking/login,1
https://mytaxi.uz/history,0
http://204.21.109.236:8080/anorbank/banking/login,1
http://hamkorbnak.co/login,1
http://uzpsot.io/confirm,1
https://uznet.uz/category/services,0
http://uzum-card.ru/payment/confirm,1
https://daryo.uz/docs,0
http://aloq-abank.co/p?redirect=true,1
http://uzum-uz.verify-account.net/transfer,1
http://sqb-uz.net/confirm,1
http://ip-otekabank.io/login?next=%2Faccount,1
http://trasbtank.ru/verify,1
http://exagrobank.uz/banking/login,1
https://www.wordpress.com/notifications,0
https://www.texagrobank.uz/products/list,0
http://54.203.137.31:8080/humo/login,1
http://78.140.88.20/ipotekabank/account/verify,1
https://pharmi.uz/privacy,0
https://outlook.com/contact,0
http://official-hamkorbank.co/verify,1
https://www.science.org/app,0
http://tbcbnk.io/tolov,1
https://azure.microsoft.com/dashboard,0
http://107.126.89.164:8080/infinbank/account/verify,1
http://ipotekabank-bank.co/secure/login,1
https://facebook.com/user/profile,0
http://best-anorbank.kz/banking/login,1
http://tbcank.co/kirish,1
http://login-xalqbank.uz/payment/confirm,1
http://h4mk0rb4nk.co/verify,1
https://youtube.com/ru,0
https://uzum.uz/uploads,0
https://npmjs.com/uz/hizmatlar,0
https://ipakyulibank.uz/offers,0
http://tbcbank-online.uz/karta/faollashtirish,1
https://texagrobank.uz@malicious009.com/login,1
http://asa-kabank.com/secure/login,1
http://nbu-secure.uz/login,1
http://clck.net/login?next=%2Faccount,1
http://xalqban-k.io/banking/login,1
https://interfax.uz/uz,0
http://i-potekabank.ru/tolov,1
https://www.apelsin.uz/en,0
http://my-texagrobank.org/account/verify,1
http://secure-ipakyulibank.com/login,1
https://soliq.uz/analytics,0
http://uzum-login.uz/payment/confirm,1
https://www.spot.uz/static/css/main.css,0
https://forbes.com/services,0
https://www.ft.com/support,0
http://pelsin.com/auth,1
http://ioptekabank.uz/login,1
http://anorbank-secure.com/kirish,1
http://oson-service.com/verify,1
https://asakabank.uz/about-us,0
https://court.uz/uz/hizmatlar,0
http://sqbb.kz/verify,1
https://hamkorbank.uz/ru,0
http://uz-agrobank.uz/p?redirect=true,1
http://ipotekabank.tk/verify,1
http://apynet.co/account/verify,1
https://www.youtube.com/register,0
https://hamkorbank.uz@malicious012.com/login,1
http://p4yn3t.com:9090/login,1
https://ipakyulibank.uz/blog,0
https://spot.uz/media,0
https://www.yandex.uz/transfer,0
http://ipa-kyulibank.net/auth,1
https://xb.uz/transfer,0
https://wix.com/ru,0
https://linkedin.com/terms,0
https://license.uz/transfer,0
https://anorbank.uz/messages,0
http://nbu-login.co/transfer,1
https://president.uz/api,0
https://uznet.uz/wiki,0
https://www.nbu.uz/contact,0
https://podrobno.uz/sitemap.xml,0
https://parlament.uz/privacy,0
https://sputniknews.uz/analytics,0
https://visa.com/dashboard,0
https://stripe.com/uploads,0
https://netflix.com/history,0
https://wsj.com/uz/hizmatlar,0
http://uz-asakabank.uz/login?next=%2Faccount,1
http://c11ck.com/account/verify,1
https://www.outlook.com/robots.txt,0
https://prokuratura.uz/payments,0
http://39.246.171.211:8080/uzum/tolov,1
https://www.twitter.com/faq,0
http://uzcard-2024.com/account/verify,1
http://texagrobank-bank.org/payment/confirm,1
https://ipotekabank.uz/uploads,0
https://wsj.com/cards,0
http://199.227.172.229:8080/humo/karta/faollashtirish,1
https://ebay.com/messages,0
http://norbank.org/kirish,1
http://147.20.7.247:8080/uzcard/account/verify,1
https://click.uz/transfer,0
http://tbcbank-card.com/hisob,1
http://192.62.114.65/pochtabank/secure/login,1
http://ipakyuilbank.net/transfer,1
http://teaxgrobank.com/cards/activate,1
https://ijro.uz/dashboard,0
http://225.207.248.89:8080/tbcbank/login?next=%2Faccount,1
http://ipotekabank.ga/auth,1
http://huom.uz/transfer,1
http://ipakyulibank-bank.io/karta/faollashtirish,1
https://kun.uz/help,0
http://anorbak.uz/tolov,1
http://sq-b.uz/kirish,1
http://new-anorbank.org/login,1
http://akpitalbank.io/login?next=%2Faccount,1
https://reuters.com/static/css/main.css,0
http://kapitlabank.uz/karta/faollashtirish,1
http://real-kapitalbank.net/verify,1
http://hamkrbank.com/hisob,1
https://hamkorbank.uz@malicious000.com/login,1
https://dunyo.uz/blog,0
http://nbu-net.uz/p?redirect=true,1
https://epay.uz/support,0
http://ipotekabank-service.net/cards/activate,1
https://aloqabank.uz/uploads,0
https://www.nbu.uz/app,0
http://uzum-service.co/login?next=%2Faccount,1
https://tuit.uz/wiki,0
http://uzpost.uz.payment-confirm.ru/cards/activate,1
http://uzumm.ru/auth,1
http://6.219.215.176:8080/infinbank/account/verify,1
http://login-asakabank.co/karta/faollashtirish,1
http://verify-texagrobank.kz/login,1
http://pochtabank-online.com/banking/login,1
http://hamkorb-ank.org/p?redirect=true,1
https://wsj.com/category/services,0
http://clikc.com/p?redirect=true,1
https://customs.uz/sitemap.xml,0
http://trastbank-pay.io/hisob,1
http://uz-tbcbank.co/login?next=%2Faccount,1
https://www.xalqbank.uz/uploads,0
https://www.forbes.com/terms,0
http://secure-kapitalbank.uz/tolov,1
https://www.infinbank.uz/transfer,0
https://gov.uz/offers,0
http://hamkorbank-pay.net/verify,1
http://trastbank-online.com/tolov,1
https://www.mytaxi.uz/history,0
http://new-xalqbank.io/verify,1
https://ems.uz/static/css/main.css,0
http://my-uzcard.uz/login?next=%2Faccount,1
https://www.sputniknews.uz/robots.txt,0
http://hum-o.io/cards/activate,1
http://aloqabnak.com/payment/confirm,1
https://apple.com/en,0
https://forbes.com/analytics,0
http://official-pochtabank.io/hisob,1
http://kapit-albank.com/confirm,1
http://hamkorbnk.co/hisob,1
http://asakabak.co/payment/confirm,1
http://trastbank-pay.ru/payment/confirm,1
https://paypal.com/uz,0
http://online-agrobank.co/banking/login,1
http://155.115.133.51:8080/click/verify,1
https://agrobank.uz/uploads,0
http://tbcbankk.org/secure/login,1
https://economist.com/services,0
https://www.xalqbank.uz/register,0
http://ipotekabank-uz.org/karta/faollashtirish,1
http://aloqabankaccount.com/cards/activate,1
https://www.wix.com/about,0
https://nbu.uz/dashboard,0
http://paynet-verify.com/banking/login,1
http://ipotekabank-bank.ru/login,1
http://official-payme.uz/tolov,1
https://www.youtube.com/user/profile,0
https://wix.com/ru/about,0
http://zupost.kz/kirish,1
http://anorbak.com/secure/login,1
http://texa-grobank.org/confirm,1
http://1p4kyu11b4nk.ru/login,1
https://hamkorbank.uz/messages,0
http://best-humo.net/transfer,1
https://soliq.uz/faq,0
http://uzpost-uz.ru/transfer,1
http://ipakyuliabnk.org/tolov,1
http://official-anorbank.io/secure/login,1
https://sqb.uz/ru/about,0
http://56.15.34.176:8080/uzcard/confirm,1
https://adobe.com/notifications,0
http://infinbank-2024.co/p?redirect=true,1
https://slack.com/banking,0
http://secure-ipotekabank.io/verify,1
https://nytimes.com/cards,0
https://epay.uz/notifications,0
https://nuu.uz/en/services,0
http://texagrobankk.co/login?next=%2Faccount,1
http://alqabank.org/account/verify,1
http://44.46.80.103/nbu/kirish,1
https://ijro.uz/analytics,0
https://paynet.uz/settings,0
http://trastbank-login.org/login,1
http://trastabnk.ru/transfer,1
http://grobank.org/confirm,1
http://oson-xavfsiz.com/login?next=%2Faccount,1
http://uzcard-uz.uz/hisob,1
http://uzpost-pay.co/banking/login,1
http://new-uzcard.io/banking/login,1
http://hamkorbank-service.uz/confirm,1
http://aloqabank-online.org/login?next=%2Faccount,1
https://www.prokuratura.uz/category/services,0
http://ipotekabakn.co/payment/confirm,1
http://sqb-service.co/account/verify,1
https://www.twitter.com/logout,0
http://ininbank.uz/login?next=%2Faccount,1
http://anorbank.ml/verify,1
http://xalqbank.tk/auth,1
https://gazeta.uz/about,0
http://pochtbaank.uz/login?next=%2Faccount,1
http://asakabak.kz/verify,1
http://apelsin-service.co/banking/login,1
https://daryo.uz/products/list,0
http://verify-texagrobank.org/account/verify,1
https://anorbank.uz/register,0
http://oson.uz.payment-confirm.ru/secure/login,1
http://uhmo.net/login?next=%2Faccount,1
https://www.stackoverflow.com/register,0
http://trastbank-uz.io/cards/activate,1
https://wordpress.com/profile,0
http://kapitalbank-net.net/account/verify,1
https://apelsin.uz/login,0
https://wsj.com/banking,0
http://secure-paynet.net/p?redirect=true,1
http://official-humo.kz/kirish,1
http://uzcard-verify.com/login,1
http://1p0t3k4b4nk.ru/banking/login,1
http://x-alqbank.com/banking/login,1
http://ipakyulbank.co/login,1
http://secure-trastbank.ru/auth,1
http://oon.io/auth,1
http://online-texagrobank.io/p?redirect=true,1
http://humo-hisob.com/login?next=%2Faccount,1
https://sputniknews.uz/banking,0
https://science.org/mobile,0
http://tbc-bank.kz/secure/login,1
https://sqb.uz/app,0
https://www.nuu.uz/static/css/main.css,0
https://docs.python.org/media,0
http://57.130.181.201/oson/p?redirect=true,1
http://kapitalb-ank.co/transfer,1
http://verify-payme.io/transfer,1
http://upost.com/login,1
https://netflix.com/login,0
https://www.asakabank.uz/user/profile,0
http://pochtabankk.com/auth,1
http://p4yn3t.com/account/verify,1
http://paynet-card.ru/banking/login,1
http://verify-nbu.ru/login?next=%2Faccount,1
https://daryo.uz/main,0
http://oson-login.kz/kirish,1
https://mytaxi.uz/products,0
http://apelsi-n.org/login?next=%2Faccount,1
http://hamokrbank.uz/auth,1
https://www.gmail.com/support,0
https://paypal.com/download,0
https://tsue.uz/uploads,0
https://www.agrobank.uz/media,0
http://uzum-online.co/transfer,1
http://real-texagrobank.net/account/verify,1
http://secure-hamkorbank.net/confirm,1
http://ipotekabank-bank.com/p?redirect=true,1
https://www.linkedin.com/history,0
http://7.99.218.184:8080/infinbank/payment/confirm,1
http://uzacrd.org/auth,1
https://texagrobank.uz/register,0
https://court.uz/sitemap.xml,0
http://apelsin-2024.net/login,1
https://tuit.uz/main,0
http://ipotekabank-pay.kz/hisob,1
http://online-asakabank.com/login,1
http://new-apelsin.ru/login?next=%2Faccount,1
https://www.oson.uz/messages,0
https://ipotekabank.uz/analytics,0
https://www.amazon.com/privacy,0
https://parlament.uz/register,0
https://gov.uz/app,0
http://payme-card.org/cards/activate,1
http://aorbank.kz/cards/activate,1
http://asaakbank.co/transfer,1
http://click-pay.io/auth,1
http://online-sqb.org/cards/activate,1
http://official-nbu.net/cards/activate,1
https://nbu.uz/products/list,0
http://new-aloqabank.kz/account/verify,1
http://sqb-pay.uz/banking/login,1
http://new-humo.com/payment/confirm,1
http://best-ipakyulibank.com/payment/confirm,1
https://hamkorbank.uz/offers,0
http://uz-paynet.org/account/verify,1
http://226.189.223.108/trastbank/p?redirect=true,1
http://asakaba-nk.io/tolov,1
http://ipotekabank-service.ru/hisob,1
https://www.xb.uz/category/services,0
https://microsoft.com/payments,0
https://www.developer.mozilla.org/support,0
http://login-texagrobank.net/transfer,1
https://facebook.com/ru,0
http://nbu-service.co/verify,1
https://pypi.org/profile,0
http://asaakbank.com/kirish,1
http://infinbank.site/banking/login,1
https://www.dropbox.com/search,0
http://uz-infinbank.com/confirm,1
http://44.85.231.13:8080/tbcbank/banking/login,1
http://new-xalqbank.net/karta/faollashtirish,1
http://infinban.kz/login?next=%2Faccount,1
http://ipakylibank.org/cards/activate,1
https://wsj.com/security,0
https://www.nature.com/api/v1/health,0
http://texagr-obank.kz/payment/confirm,1
https://tbcbank.uz/docs,0
https://www.nuu.uz/about,0
https://www.uzcard.uz/transfer,0
https://twitter.com/services,0
http://panyet.com/karta/faollashtirish,1
http://official-uzcard.com:3000/login,1
https://aloqabank.uz/products,0
http://47.146.58.234:8080/texagrobank/login?next=%2Faccount,1
http://pay-net.ru/banking/login,1
http://official-texagrobank.kz/tolov,1
http://ipakyuliban-k.kz/hisob,1
http://uzpot.kz/transfer,1
https://epay.uz/contact,0
https://www.soliq.uz/history,0
https://uzinfocom.uz/news,0
http://uzu-m.uz/kirish,1
https://www.bbc.com/profile,0
http://xalqabnk.io/banking/login,1
https://netflix.com/banking,0
http://secure-infinbank.com/p?redirect=true,1
https://xs.uz/robots.txt,0
http://kapitalbank-online.co/cards/activate,1
http://ipoteabank.co/login?next=%2Faccount,1
http://texagrbank.ru/confirm,1
http://nbu-secure.co/verify,1
https://gazeta.uz/blog,0
http://real-kapitalbank.net/payment/confirm,1
http://sqb.rest/payment/confirm,1
http://nbu-bank.org/transfer,1
http://6z98bwwpaojud15cohi.cf/payment/confirm,1
http://uzum-secure.uz/karta/faollashtirish,1
http://pochtabank-uz.co/confirm,1
http://pyame.com/verify,1
http://apelsin.uz.login-secure.com/kirish,1
http://secure-uzcard.com/p?redirect=true,1
http://ipakyulibank-online.net/verify,1
https://wsj.com/,0
https://www.prokuratura.uz/home,0
https://zamin.uz/ru/about,0
https://kubernetes.io/banking,0
http://kaitalbank.co/kirish,1
http://uzc4rd.uz/kirish,1
http://asakab-ank.kz/confirm,1
http://xalqbak.org/payment/confirm,1
http://yerxth6x287ygb316u.ga/transfer,1
https://reuters.com/sitemap.xml,0
https://www.epay.uz/api/v1/health,0
https://www.asakabank.uz/uz/hizmatlar,0
http://real-ipakyulibank.com/cards/activate,1
http://asakabank.uz@malicious003.com/kirish,1
https://nature.com/home,0
https://tuit.uz/offers,0
http://kapitablank.org/p?redirect=true,1
http://uz-infinbank.com/verify,1
https://economist.com/uploads,0
http://uzum-net.ru/p?redirect=true,1
https://www.soliq.uz/mobile,0
http://agrbank.kz/confirm,1
https://trastbank.uz/uploads,0
http://clickk.org/auth,1
https://www.sog-liqni-saqlash.uz/security,0
http://click-2024.uz:9090/login,1
http://187.187.195.64/xalqbank/secure/login,1
https://bibim.uz/robots.txt,0
http://oson-pay.org:9090/login,1
http://aloqabank-card.ru/p?redirect=true,1
http://t-bcbank.uz/confirm,1
http://nbu-net.net/auth,1
http://ipakyulibnk.com/transfer,1
http://165.42.5.22:8080/ipotekabank/auth,1
https://qalampir.uz/download,0
https://www.customs.uz/services,0
https://ipotekabank.uz/products/list,0
http://login-tbcbank.net/login?next=%2Faccount,1
http://tbcba-nk.org/p?redirect=true,1
http://221.215.145.203/anorbank/kirish,1
http://uhmo.net/transfer,1
http://uz-xalqbank.uz/kirish,1
http://oson-service.kz/payment/confirm,1
http://infinbankkirish.com/verify,1
https://click.uz@malicious013.com/login,1
https://www.nature.com/payments,0
https://tuit.uz/uz/hizmatlar,0
https://gmail.com/faq,0
https://www.zamin.uz/mobile,0
http://login-aloqabank.net/confirm,1
http://payent.com/transfer,1
https://nytimes.com/en/services,0
http://uzcard-2024.io/confirm,1
http://ano-rbank.io/kirish,1
http://uz-asakabank.ru/login?next=%2Faccount,1
http://asakabanksecure.com/p?redirect=true,1
https://mehnat.uz/report,0
http://ipakyulibakn.net/kirish,1
https://netflix.com/payments,0
http://asaakbank.io/banking/login,1
https://stat.uz/login,0
http://clickhisob.com/verify,1
http://tbcbank-pay.ru/tolov,1
http://tbcbnak.io/hisob,1
https://uzum.uz@malicious000.com/login,1
http://uzcardd.org/verify,1
http://aloqaabnk.org/account/verify,1
https://pypi.org/settings,0
http://uz-payme.kz/hisob,1
http://new-humo.ru/transfer,1
http://opchtabank.org/karta/faollashtirish,1
http://aloqbaank.io/verify,1
https://github.com/dashboard,0
http://apelsin-service.ru/tolov,1
http://huo.org/secure/login,1
https://visa.com/about-us,0
http://anrobank.com/auth,1
http://arobank.co/verify,1
http://uzpost-net.ru/tolov,1
https://www.npmjs.com/ru/about,0
http://trastank.uz/auth,1
https://mytaxi.uz/support,0
http://asakabank-pay.org/kirish,1
http://x41qb4nk.org/secure/login,1
https://www.mdis.uz/settings,0
http://48.243.82.90:8080/uzcard/confirm,1
https://zoom.us/products/list,0
http://agrobank-secure.uz/auth,1
http://official-hamkorbank.uz/secure/login,1
https://aloqabank.uz/faq,0
http://ka-pitalbank.com/verify,1
https://www.nuu.uz/en/services,0
http://jgyfjyycgwdl2kove.tk/karta/faollashtirish,1
http://apynet.co/p?redirect=true,1
http://aynet.com/transfer,1
http://paynet-net.ru/p?redirect=true,1
https://www.click.uz/blog,0
http://verify-anorbank.kz/kirish,1
https://my.gov.uz/ru/about,0
http://asa-kabank.co/verify,1
http://apynet.kz/account/verify,1
http://uzcardd.ru/p?redirect=true,1
http://trastban-k.org/p?redirect=true,1
http://my-sqb.io/login?next=%2Faccount,1
http://tbcank.net/karta/faollashtirish,1
http://texagrob-ank.ru/login,1
http://30.58.140.171/humo/confirm,1
http://best-asakabank.io/p?redirect=true,1
http://secure-agrobank.kz/login?next=%2Faccount,1
https://aloqabank.uz/news,0
https://www.my.gov.uz/profile,0
http://4n0rb4nk.ru/hisob,1
http://login-tbcbank.ru/verify,1
http://ipotekaank.ru/transfer,1
http://login-sqb.uz/payment/confirm,1
https://bloomberg.com/search,0
http://17.190.126.55:8080/xalqbank/karta/faollashtirish,1
http://texagrobak.io/cards/activate,1
http://login-infinbank.org/tolov,1
http://tbcbankverify.com/banking/login,1
http://zcard.io/auth,1
https://podrobno.uz/home,0
http://ip-otekabank.io/banking/login,1
https://mdis.uz/search,0
http://ipakyulibank-card.org/karta/faollashtirish,1
https://payme.uz/messages,0
http://hakmorbank.org/verify,1
http://zupost.kz/karta/faollashtirish,1
https://hub.docker.com/sitemap.xml,0
http://clic.com/transfer,1
https://yandex.uz/2024/,0
https://www.cloudflare.com/app,0
http://real-paynet.io/login,1
https://texagrobank.uz@malicious011.com/login,1
http://hum-o.net/kirish,1
https://pochta.uz/uz,0
http://xalqbank-uz.ru/tolov,1
http://oson-pay.net/kirish,1
http://trastban-k.ru/auth,1
http://oson-login.uz/payment/confirm,1
http://100.209.232.119:8080/infinbank/p?redirect=true,1
http://tbcbank-secure.net/hisob,1
http://uzcar-d.kz/secure/login,1
http://infinbank-net.net/payment/confirm,1
https://www.bing.com/login,0
https://www.humo.uz/user/profile,0
https://www.uzcard.uz/services,0
http://asakabank-bank.ru/secure/login,1
https://pochta.uz/login,0
http://real-agrobank.co/verify,1
https://epay.uz/about,0
https://edu.uz/api/v1/health,0
http://uzcrad.io/verify,1
https://visa.com/history,0
https://www.adobe.com/en/services,0
https://google.com/logout,0
http://best-apelsin.uz/tolov,1
http://181.39.134.86/asakabank/banking/login,1
http://account-hamkorbank.uz/banking/login,1
http://aloqa-bank.kz/hisob,1
https://theguardian.com/uploads,0
http://verify-payme.com/kirish,1
http://pohctabank.kz/login?next=%2Faccount,1
http://kapita-lbank.net/kirish,1
https://oson.uz/media,0
https://kubernetes.io/support,0
https://www.license.uz/index.html,0
http://best-apelsin.kz/p?redirect=true,1
https://stat.uz/profile,0
http://real-tbcbank.co/secure/login,1
http://my-nbu.com/secure/login,1
http://kapitalbank-bank.co/payment/confirm,1
http://othcw1kazv6wna30k.gq/verify,1
http://pochtabnak.ru/transfer,1
http://197.127.239.183:8080/ipakyulibank/account/verify,1
http://lt2n6slkrrmie2kqkng.site/transfer,1
http://texagrobankk.uz/confirm,1
http://kapitalbank-card.kz/p?redirect=true,1
https://twitter.com/index.html,0
http://paym-e.co/karta/faollashtirish,1
http://59l81t02tneqc4e4x.ml/hisob,1
https://ijro.uz/report,0
https://prokuratura.uz/register,0
http://nub.io/karta/faollashtirish,1
https://court.uz/analytics,0
https://humo.uz/transfer,0
https://instagram.com/ru,0
http://asakabank.uz@malicious011.com/kirish,1
http://tbbcank.kz/confirm,1
http://x41qb4nk.org/auth,1
http://uzpst.net/auth,1
https://nature.com/banking,0
http://ipakyulibank-2024.io/transfer,1
http://anorbank.ml/login?next=%2Faccount,1
https://ems.uz/download,0
https://www.google.com/about,0
http://kapitalbank.uz@malicious003.com/kirish,1
http://trastbakn.org/cards/activate,1
https://developer.mozilla.org/api/v1/health,0
https://paypal.com/uz/hizmatlar,0
https://uzinfocom.uz/,0
https://www.xs.uz/profile,0
http://infinbank-online.net/hisob,1
http://infinbank-uz.net/transfer,1
http://1p4kyu11b4nk.org/account/verify,1
http://c11ck.net/login,1
http://askaabank.org/secure/login,1
https://license.uz/about,0
http://official-asakabank.uz/tolov,1
https://humo.uz/banking,0
https://www.asakabank.uz/app,0
http://hamkorbank-card.ru/auth,1
https://qalampir.uz/blog,0
http://aloqabank-pay.kz/confirm,1
http://uzcard-login.uz/cards/activate,1
https://wikipedia.org/ru,0
http://tbbank.io/login?next=%2Faccount,1
https://reddit.com/docs,0
http://c-lick.ru/payment/confirm,1
http://ape-lsin.uz/account/verify,1
https://tdiu.uz/uploads,0
https://www.slack.com/support,0
http://aloqabank-2024.org/banking/login,1
http://ipakyulibank-secure.co/hisob,1
http://nbu-online.ru/login?next=%2Faccount,1
http://kaptialbank.ru/transfer,1
https://president.uz/news,0
http://new-payme.uz/payment/confirm,1
http://payme.online/karta/faollashtirish,1
http://uzpost-net.co/payment/confirm,1
https://ipakyulibank.uz/app,0
https://stat.uz/transfer,0
http://arobank.uz/secure/login,1
http://uczard.com/cards/activate,1
https://ft.com/en/services,0
https://uzcard.uz/security,0
http://241.108.90.115:8080/anorbank/secure/login,1
http://pochtabank-card.co/karta/faollashtirish,1
http://trastbank-bank.uz/karta/faollashtirish,1
http://tratbank.io/transfer,1
http://hamkorbank-uz.co/banking/login,1
http://uzcrad.ru/transfer,1
https://trastbank.uz/products/list,0
http://nbu-service.com/verify,1
http://4p3151n.uz/cards/activate,1
http://tbcbank-online.uz/verify,1
http://tbcbankaccount.com/confirm,1
https://google.com/main,0
https://instagram.com/analytics,0
http://ipotek-abank.org/secure/login,1
http://ipotekabak.ru/payment/confirm,1
http://humo.gq/tolov,1
https://slack.com/analytics,0
http://kapiatlbank.io/kirish,1
http://trast-bank.uz/secure/login,1
http://my-anorbank.uz/account/verify,1
http://humo-service.org/kirish,1
http://infnibank.kz/p?redirect=true,1
https://stripe.com/,0
https://www.tbcbank.uz/news,0
https://www.court.uz/banking,0
http://ipotekaban.kz/verify,1
http://hamkorbank-service.org/confirm,1
http://ipa-kyulibank.uz/login?next=%2Faccount,1
http://agroba-nk.co/confirm,1
http://asakabank-service.io/secure/login,1
http://infinbakn.io/payment/confirm,1
http://my-uzcard.co/login?next=%2Faccount,1
https://www.sputniknews.uz/,0
http://online-texagrobank.com/transfer,1
https://customs.uz/category/services,0
http://secure-oson.kz/login,1
https://www.prokuratura.uz/faq,0
http://h9fe36epcew8.ga/secure/login,1
https://license.uz/register,0
https://www.bibim.uz/banking,0
http://kapi-talbank.uz/hisob,1
http://online-trastbank.net/cards/activate,1
http://norbank.ru/kirish,1
http://tratbank.co/cards/activate,1
http://42.135.165.18:8080/kapitalbank/payment/confirm,1
http://texagro-bank.net/secure/login,1
https://stat.uz/static/css/main.css,0
http://uzcar.io/tolov,1
https://hamkorbank.uz/products/list,0
http://10.14.25.122:8080/anorbank/banking/login,1
https://bloomberg.com/static/css/main.css,0
http://piotekabank.uz/tolov,1
https://stackoverflow.com/banking,0
http://soon.uz/p?redirect=true,1
http://uzpot.kz/cards/activate,1
http://nbu-uz.net/payment/confirm,1
http://54.160.140.196/agrobank/p?redirect=true,1
https://www.asakabank.uz/about,0
http://nbu-pay.kz/confirm,1
https://ems.uz/transfer,0
http://verify-anorbank.org/tolov,1
http://anorbank-card.kz/hisob,1
http://uz-sqb.org/payment/confirm,1
http://a-pelsin.org/kirish,1
https://dropbox.com/contact,0
http://ipkyulibank.com/kirish,1
http://hmuo.kz/payment/confirm,1
http://aloqabank-bank.kz/karta/faollashtirish,1
http://agr-obank.co/auth,1
http://uz-ipotekabank.kz/tolov,1
https://economist.com/register,0
https://daryo.uz/security,0
https://www.bing.com/home,0
https://hub.docker.com/news,0
https://www.kommersant.uz/docs,0
http://payme-login.co/login?next=%2Faccount,1
http://verify-uzpost.ru/account/verify,1
https://uzb.uz/download,0
http://texagroban-k.io/hisob,1
http://rastbank.uz/confirm,1
http://148.100.101.134/ipakyulibank/account/verify,1
https://nature.com/api,0
http://alqoabank.io/p?redirect=true,1
http://uz-uzum.org/hisob,1
http://texagrobankxavfsiz.com/payment/confirm,1
https://bing.com/en,0
https://npmjs.com/docs,0
http://apelsn.org/karta/faollashtirish,1
https://ijro.uz/category/news,0
http://ipotkeabank.uz/verify,1
http://osonn.kz/login?next=%2Faccount,1
http://ipotekabakn.net/confirm,1
http://ipakulibank.com/confirm,1
http://kapitalbank-pay.kz/confirm,1
https://tdiu.uz/dashboard,0
https://www.visa.com/cards,0
https://www.yoshlar.uz/ru,0
http://uzcard.uz.account-verify.net/tolov,1
http://best-tbcbank.io/karta/faollashtirish,1
http://ipakyulibank-service.com/kirish,1
http://agroank.net/confirm,1
http://pochtabank-net.kz/account/verify,1
http://real-ipotekabank.org/login,1
http://uzpost-login.kz/transfer,1
http://tr45tb4nk.com/transfer,1
https://uzinfocom.uz/offers,0
https://stat.uz/api/v1/health,0
http://uz-agrobank.org/login,1
http://osn.net/secure/login,1
http://ipotekabank-pay.io/cards/activate,1
http://xalqbank-2024.kz/tolov,1
http://official-texagrobank.net/payment/confirm,1
https://dropbox.com/logout,0
http://xalqbankk.net/verify,1
https://wordpress.com/blog,0
https://wikipedia.org/en,0
https://gov.uz/category/services,0
https://uzinfocom.uz/analytics,0
https://www.infinbank.uz/,0
https://www.parlament.uz/ru,0
http://payme-pay.ru/secure/login,1
https://reddit.com/download,0
http://oson-login.com/secure/login,1
http://u-zcard.org/p?redirect=true,1
http://osonn.io/login?next=%2Faccount,1
http://zucard.org/payment/confirm,1
http://clikc.kz/karta/faollashtirish,1
https://tsue.uz/messages,0
http://official-uzcard.org:3000/login,1
https://mdis.uz/static/css/main.css,0
http://t-exagrobank.ru/account/verify,1
https://www.kubernetes.io/search,0
http://kapitalbak.net/hisob,1
http://asakbank.co/karta/faollashtirish,1
https://ft.com/media,0
https://www.theguardian.com/transfer,0
http://uzcard-login.com/hisob,1
http://20.190.99.157:8080/pochtabank/kirish,1
http://click-kirish.com/banking/login,1
http://ipakyuliba-nk.net/transfer,1
http://asakabank-uz.org/confirm,1
http://trastbank-uz.uz/tolov,1
http://kapitabank.net/auth,1
https://kapitalbank.uz/,0
http://t-bcbank.co/secure/login,1
https://www.hamkorbank.uz/home,0
http://trasbtank.kz/login,1
http://c-lick.net/secure/login,1
http://texagrobank-tasdiqlash.com/confirm,1
https://economist.com/static/css/main.css,0
http://ochtabank.uz/hisob,1
http://trastba-nk.io/verify,1
https://www.npmjs.com/products,0
https://theguardian.com/category/news,0
http://agorbank.com/hisob,1
http://paymepay.com/login?next=%2Faccount,1
https://sputniknews.uz/login,0
http://secure-sqb.uz/verify,1
https://wsj.com/search,0
http://224.9.90.189:8080/trastbank/kirish,1
http://ipakyulibakn.co/login?next=%2Faccount,1
https://www.asakabank.uz/home,0
https://docs.python.org/help,0
https://pypi.org/about,0
https://e-gov.uz/home,0
https://azure.microsoft.com/cards,0
http://upost.co/account/verify,1
http://real-xalqbank.com/auth,1
http://nbu.tk/cards/activate,1
https://pharmi.uz/api,0
http://ag-robank.ru/p?redirect=true,1
http://ipakyuliba-nk.uz/kirish,1
http://my-hamkorbank.io/payment/confirm,1
https://www.amazon.com/docs,0
https://paypal.com/profile,0
https://zamin.uz/transfer,0
https://sputniknews.uz/en/services,0
https://yoshlar.uz/report,0
https://www.microsoft.com/sitemap.xml,0
http://uz-aloqabank.co/verify,1
http://236.253.210.218/payme/confirm,1
https://pharmi.uz/dashboard,0
https://kommersant.uz/contact,0
https://docs.python.org/wiki,0
https://kubernetes.io/ru,0
http://uz-humo.com/p?redirect=true,1
http://100.16.47.26/uzcard/verify,1
https://twitter.com/faq,0
http://infinbank-2024.co/payment/confirm,1
https://www.ipakyulibank.uz/about,0
http://iptoekabank.kz/cards/activate,1
http://grobank.kz/p?redirect=true,1
http://uz-tbcbank.ru/payment/confirm,1
http://anorba-nk.net/transfer,1
https://cloud.google.com/home,0
http://tcbbank.com/cards/activate,1
http://ipotekabank-service.co/account/verify,1
https://uzb.uz/about,0
https://www.forbes.com/dashboard,0
http://ifinbank.uz/cards/activate,1
https://shopify.com/ru,0
https://www.oson.uz/uploads,0
http://208.14.59.144:8080/anorbank/cards/activate,1
https://sputniknews.uz/docs,0
https://agrobank.uz/about,0
http://humo-pay.com/hisob,1
https://license.uz/login,0
http://agrobank.info/login,1
http://ipakyulibak.ru/karta/faollashtirish,1
https://aloqabank.uz/register,0
https://www.prokuratura.uz/cards,0
http://hamkorbank-login.io/payment/confirm,1
https://anorbank.uz/app,0
https://www.azure.microsoft.com/api,0
https://wix.com/en/services,0
http://0ryqpfqqb5.site/p?redirect=true,1
http://asaka-bank.com/p?redirect=true,1
http://uzpost-net.co/verify,1
http://129.18.136.69:8080/ipotekabank/auth,1
http://tastbank.io/login,1
http://oson.top/login?next=%2Faccount,1
http://official-oson.org/secure/login,1
http://apelsin-2024.ru/confirm,1
http://uzpostt.kz/verify,1
http://online-ipakyulibank.net/transfer,1
http://agrobank-login.com/tolov,1
http://uzpost-secure.org/login,1
https://spot.uz/main,0
http://login-sqb.io/payment/confirm,1
https://developer.mozilla.org/contact,0
http://texagrbank.com/banking/login,1
http://new-kapitalbank.co/confirm,1
http://hamkorbank-pay.kz/login?next=%2Faccount,1
http://poc-htabank.kz/banking/login,1
https://azure.microsoft.com/about-us,0
https://infinbank.uz/about-us,0
http://pochtabank-login.com/account/verify,1
http://argobank.co/cards/activate,1
http://tbcban.org/confirm,1
http://a-norbank.io/transfer,1
http://verify-ipotekabank.co/transfer,1
https://mehnat.uz/transfer,0
http://tbcbank-net.com/payment/confirm,1
http://official-nbu.io/karta/faollashtirish,1
http://texa-grobank.org/tolov,1
http://bnu.net/p?redirect=true,1
https://www.bloomberg.com/services,0
https://yahoo.com/offers,0
https://kubernetes.io/uz/hizmatlar,0
http://uzpos-t.net/banking/login,1
http://kapitlabank.kz/login?next=%2Faccount,1
http://new-texagrobank.kz/login,1
http://uzpost-net.kz/kirish,1
http://apelsin-secure.org/login,1
http://199.136.107.59/uzcard/secure/login,1
https://court.uz/search,0
http://anorbankk.ru/kirish,1
http://uzum-net.kz/account/verify,1
http://xalqbankconfirm.com/login,1
https://stripe.com/news,0
https://oson.uz/ru,0
http://agrobank-2024.net/transfer,1
https://microsoft.com/ru,0
http://asa-kabank.kz/cards/activate,1
https://instagram.com/2024/,0
http://real-click.kz/confirm,1
https://prokuratura.uz/static/css/main.css,0
http://best-oson.ru/kirish,1
http://aloaqbank.org/transfer,1
http://real-trastbank.org/account/verify,1
http://asakabank.cf/cards/activate,1
http://pochtbank.co/secure/login,1
http://xalqbank-uz.co/hisob,1
http://anorbank-uz.io/kirish,1
https://www.uznet.uz/transfer,0
http://aloqabnk.com/cards/activate,1
https://pharmi.uz/products/list,0
https://www.uzcard.uz/banking,0
http://real-click.org/login,1
http://verify-uzpost.uz/auth,1
http://oson-2024.uz/login,1
http://teaxgrobank.io/login,1
http://hmakorbank.uz/kirish,1
http://new-oson.ru/karta/faollashtirish,1
https://apple.com/security,0
http://ininbank.net/hisob,1
http://nbu-net.com/banking/login,1
http://hamkobrank.ru/p?redirect=true,1
http://asakabak.net/login,1
http://cli-ck.org/p?redirect=true,1
https://xs.uz/security,0
http://aloqabank-service.com/account/verify,1
http://kapit-albank.co/kirish,1
https://www.reuters.com/products/list,0
http://verify-texagrobank.com/payment/confirm,1
https://bbc.com/media,0
http://official-uzcard.ru:9090/login,1
http://payn-et.ru/login,1
http://my-tbcbank.com/tolov,1
http://tbcbank-uz.verify-account.net/cards/activate,1
http://pochtabank-service.kz/login?next=%2Faccount,1
http://pyme.kz/confirm,1
https://economist.com/offers,0
http://asakabnak.io/secure/login,1
http://clik.ru/account/verify,1
http://new-tbcbank.kz/kirish,1
http://tb-cbank.net/login,1
https://spot.uz/terms,0
http://my-hamkorbank.org/login?next=%2Faccount,1
https://nytimes.com/login,0
http://pamye.kz:9090/login,1
http://lick.ru/auth,1
https://www.stripe.com/en,0
https://reuters.com/help,0
http://secure-hamkorbank.com/login,1
http://a-sakabank.ru/karta/faollashtirish,1
https://epay.uz/about-us,0
http://kapita-lbank.co/auth,1
http://anorbank-bank.co/login,1
https://tsue.uz/logout,0
https://microsoft.com/faq,0
http://pm6h3edx1ht.click/payment/confirm,1
https://xalqbank.uz/en,0
http://online-trastbank.co/login,1
http://pyanet.org/secure/login,1
https://ijro.uz/logout,0
http://aloqabank-net.net/transfer,1
http://texagrobak.org/karta/faollashtirish,1
http://tbcbank.click/kirish,1
https://prokuratura.uz/app,0
http://piotekabank.co/banking/login,1
http://pochatbank.com/confirm,1
http://login-oson.uz/p?redirect=true,1
http://85.203.221.123:8080/xalqbank/verify,1
http://117.45.157.46/hamkorbank/kirish,1
http://best-asakabank.com/p?redirect=true,1
http://real-aloqabank.io/tolov,1
http://asakabank-login.com/karta/faollashtirish,1
http://ipotekabnk.uz/cards/activate,1
http://piotekabank.uz/banking/login,1
https://forbes.com/profile,0
http://nb-u.com/confirm,1
https://apple.com/history,0
http://trastbnk.com/kirish,1
https://infinbank.uz/category/services,0
https://oson.uz/login,0
http://sqb-pay.com/verify,1
https://agrobank.uz/uz,0
https://customs.uz/services,0
https://infinbank.uz/cards,0
http://exagrobank.io/hisob,1
https://ebay.com/history,0
http://kap-italbank.co/confirm,1
http://texagrobakn.uz/secure/login,1
http://kapitalbank-login.ru/verify,1
https://www.sqb.uz/api,0
https://shopify.com/uz/hizmatlar,0
http://pochtabank-secure.net/confirm,1
https://court.uz/dashboard,0
http://t-rastbank.net/hisob,1
https://www.mytaxi.uz/blog,0
http://potekabank.net/banking/login,1
https://instagram.com/docs,0
https://aws.amazon.com/faq,0
https://www.facebook.com/en,0
https://wikipedia.org/sitemap.xml,0
http://kapitalbank-card.uz/account/verify,1
http://payme-online.com/confirm,1
https://wordpress.com/news,0
http://ipotekaban.kz/karta/faollashtirish,1
http://verify-agrobank.kz/karta/faollashtirish,1
https://developer.mozilla.org/offers,0
http://ipakyulibakn.ru/transfer,1
http://pochtabankk.org/verify,1
http://askabank.uz/payment/confirm,1
https://pochta.uz/robots.txt,0
http://s-qb.kz/secure/login,1
http://best-infinbank.io/account/verify,1
https://facebook.com/en,0
http://ipakyuliabnk.org/confirm,1
https://aloqabank.uz/support,0
http://uzum-pay.kz/payment/confirm,1
http://new-uzum.net/login,1
http://click-pay.com/payment/confirm,1
http://zupost.co/login?next=%2Faccount,1
http://50.245.81.39:8080/ipakyulibank/kirish,1
https://payme.uz/uploads,0
http://tbcbank-secure.kz/login?next=%2Faccount,1
http://70.69.26.240/apelsin/tolov,1
https://stat.uz/blog,0
http://uz-uzcard.org/verify,1
http://o5o30mdinis3.cf/payment/confirm,1
http://ipote-kabank.io/payment/confirm,1
http://anorbank-pay.uz/verify,1
http://hamkorbak.co/tolov,1
https://court.uz/cards,0
https://www.gov.uz/index.html,0
https://ipotekabank.uz/support,0
https://customs.uz/index.html,0
http://argobank.net/secure/login,1
http://ipakyulibank-secure.com/tolov,1
http://uzost.uz/cards/activate,1
https://kun.uz/payments,0
https://wikipedia.org/home,0
http://uz-click.net/secure/login,1
http://real-agrobank.com/cards/activate,1
https://cloud.google.com/help,0
https://mf.uz/privacy,0
https://stackoverflow.com/services,0
https://sputniknews.uz/index.html,0
http://verify-uzcard.net/transfer,1
https://www.humo.uz/services,0
https://wsj.com/offers,0
http://hum0.co/tolov,1
http://aloqabakn.uz/payment/confirm,1
http://humo-login.co/tolov,1
http://x1pajehxrwjk9qz6.top/auth,1
http://anorbank.uz.payment-confirm.ru/auth,1
http://new-paynet.com/auth,1
https://nature.com/,0
http://pochtabanklogin.com/auth,1
https://www.paypal.com/static/css/main.css,0
http://hisob-apelsin.uz/verify,1
https://www.google.com/support,0
http://apelsn.net/p?redirect=true,1
http://139.75.49.21:8080/ipakyulibank/hisob,1
https://click.uz/category/services,0
http://217.91.116.219/humo/hisob,1
http://kapitalbank-service.io/auth,1
https://google.com/settings,0
http://103.161.119.223:8080/pochtabank/transfer,1
http://paynet.uz.account-verify.net/payment/confirm,1
http://n-bu.uz/login?next=%2Faccount,1
http://pay-apelsin.uz/kirish,1
http://kapitalba-nk.com/banking/login,1
http://uzcard-service.uz/p?redirect=true,1
http://pocthabank.uz/tolov,1
https://azure.microsoft.com/user/profile,0
http://secure-uzpost.net/tolov,1
https://ijro.uz/notifications,0
http://ayme.org/karta/faollashtirish,1
https://kapitalbank.uz/api,0
http://aloqabank-confirm.com/tolov,1
http://oson-uz.net/banking/login,1
http://verify-payme.co/secure/login,1
https://uza.uz/uz,0
http://secure-aloqabank.ru/banking/login,1
http://agrobank-2024.net/secure/login,1
http://hamkorbnak.ru/cards/activate,1
https://slack.com/privacy,0
http://n-bu.org/login?next=%2Faccount,1
http://asakab-ank.com/kirish,1
http://pochtabank-login.org/banking/login,1
https://apple.com/profile,0
http://144.143.212.202:8080/uzum/login?next=%2Faccount,1
https://nbu.uz/wiki,0
https://www.epay.uz/support,0
http://online-xalqbank.ru/banking/login,1
http://tbbcank.uz/cards/activate,1
https://www.pypi.org/docs,0
http://uzpost-secure.com/login,1
https://customs.uz/support,0
https://wikipedia.org/mobile,0
https://www.asakabank.uz/category/news,0
https://stripe.com/wiki,0
http://login-ipakyulibank.ru/confirm,1
https://www.linkedin.com/download,0
http://hamkorbank.ga/hisob,1
http://ipotekabank-secure.com/payment/confirm,1
https://office.com/user/profile,0
http://147.217.77.108/nbu/kirish,1
http://tbcbankaccount.com/secure/login,1
https://uzinfocom.uz/ru/about,0
http://infnibank.io/secure/login,1
https://cnn.com/ru,0
https://slack.com/products/list,0
http://paynethisob.com/p?redirect=true,1
https://shopify.com/security,0
http://agrobank-card.ru/cards/activate,1
http://kapitalbank-service.io/tolov,1
http://118.181.72.76/trastbank/cards/activate,1
http://uzpost-net.co/auth,1
http://hamkorb-ank.kz/cards/activate,1
http://ipotekabank-pay.ru/transfer,1
https://www.reddit.com/transfer,0
https://apelsin.uz/faq,0
https://gazeta.uz/docs,0
http://online-agrobank.com/secure/login,1
http://verify-asakabank.ru/banking/login,1
http://ipakyu-libank.io/tolov,1
https://www.kapitalbank.uz/search,0
https://docs.python.org/contact,0
https://asakabank.uz/en/services,0
http://zucard.uz/karta/faollashtirish,1
https://www.twitter.com/news,0
https://uzb.uz/sitemap.xml,0
http://uzcard-login.ru/login,1
http://hamkorbank-pay.com/confirm,1
http://best-hamkorbank.kz/payment/confirm,1
http://paynet-service.org/payment/confirm,1
http://online-agrobank.io/hisob,1
https://economist.com/notifications,0
https://www.sqb.uz/en,0
http://ioptekabank.co/banking/login,1
http://official-hamkorbank.uz/banking/login,1
https://www.asakabank.uz/privacy,0
http://kapitalbank-online.ru/tolov,1
http://tras-tbank.net/p?redirect=true,1
http://texagrobank-online.com/karta/faollashtirish,1
http://uzc-ard.io/p?redirect=true,1
http://hamkorbank-login.co/cards/activate,1
https://e-gov.uz/ru/about,0
https://office.com/home,0
http://cilck.kz/payment/confirm,1
http://paynet-net.io/account/verify,1
http://86.174.216.240:8080/kapitalbank/payment/confirm,1
http://157.15.222.43/oson/secure/login,1
http://verify-ipakyulibank.com/login,1
http://best-texagrobank.io/p?redirect=true,1
https://netflix.com/ru/about,0
http://tbcbakn.kz/transfer,1
http://btcbank.com/transfer,1
http://ipotekabank-bank.net/verify,1
http://ipakyulibank-uz.kz/hisob,1
https://www.gazeta.uz/2024/,0
http://uz-anorbank.co/account/verify,1
https://pochtabank.uz/main,0
http://rtastbank.com/karta/faollashtirish,1
http://infi-nbank.uz/auth,1
https://forbes.com/news,0
https://www.npmjs.com/help,0
https://bloomberg.com/products/list,0
https://nuu.uz/cards,0
http://149.151.172.155/agrobank/tolov,1
https://nbu.uz/faq,0
https://www.shopify.com/category/services,0
http://85.4.217.126:8080/uzum/tolov,1
https://www.zamin.uz/static/css/main.css,0
http://asakabank-card.uz/hisob,1
http://uzcar-d.co/cards/activate,1
https://adobe.com/messages,0
http://paynte.co/confirm,1
http://kapital-bank.kz/cards/activate,1
https://www.mdis.uz/en/services,0
http://3v2e5nb7udbujhbqi.info/login,1
http://uz-uzpost.co/hisob,1
https://azure.microsoft.com/register,0
http://asaakbank.net/transfer,1
https://cloud.google.com/category/services,0
http://trasbank.io/auth,1
https://www.kommersant.uz/security,0
http://kapitalba-nk.uz/karta/faollashtirish,1
https://sqb.uz/products,0
http://aloqaban-k.org/confirm,1
http://humo.xyz/p?redirect=true,1
http://tbcbank-card.co/kirish,1
https://epay.uz/sitemap.xml,0
http://246.165.61.126:8080/ipotekabank/account/verify,1
http://ayme.co/banking/login,1
http://aloqabank.info/p?redirect=true,1
http://anrbank.org/verify,1
http://184.113.166.57:8080/sqb/tolov,1
http://my-ipotekabank.org/login,1
http://nb-u.kz/banking/login,1
http://tbcbnak.uz/payment/confirm,1
http://online-asakabank.uz/p?redirect=true,1
https://parlament.uz/terms,0
http://cilck.co/karta/faollashtirish,1
https://epay.uz/uz,0
http://ipakyulibnak.co/login?next=%2Faccount,1
http://237.224.192.50:8080/xalqbank/kirish,1
https://my.gov.uz/docs,0
http://tbcbank-uz.uz/account/verify,1
https://www.xb.uz/products,0
https://www.cnn.com/dashboard,0
https://www.yahoo.com/services,0
http://a-sakabank.uz/auth,1
https://humans.uz/products,0
http://ipakyuliba-nk.co/karta/faollashtirish,1
http://osn.kz/login,1
http://real-paynet.co/hisob,1
http://clikc.org/account/verify,1
https://nature.com/download,0
https://www.xs.uz/en,0
https://pharmi.uz/cards,0
http://opchtabank.org/banking/login,1
http://asaabank.com/secure/login,1
https://prokuratura.uz/profile,0
https://www.mehnat.uz/ru,0
https://kommersant.uz/media,0
https://bibim.uz/transfer,0
https://gmail.com/payments,0
http://aorbank.uz/p?redirect=true,1
http://secure-uzum.co/karta/faollashtirish,1
https://qalampir.uz/transfer,0
https://visa.com/login,0
http://best-sqb.io/hisob,1
http://anobank.com/verify,1
https://trastbank.uz/contact,0
https://npmjs.com/logout,0
https://www.click.uz/logout,0
https://www.stat.uz/support,0
http://sqb-bank.com/payment/confirm,1
http://tbcbnk.uz/auth,1
http://son.ru/kirish,1
https://apelsin.uz/uz/hizmatlar,0
https://xb.uz/contact,0
https://www.visa.com/services,0
http://ip-akyulibank.co/hisob,1
http://uz-payme.com/hisob,1
https://ebay.com/wiki,0
http://online-tbcbank.co/secure/login,1
http://xlaqbank.com/,1
https://soliq.uz/media,0
http://ipakuylibank.com/account/verify,1
https://tbcbank.uz@malicious008.com/login,1
http://agrobank-service.uz/secure/login,1
http://new-asakabank.net/login?next=%2Faccount,1
https://bibim.uz/products,0
https://docs.python.org/cards,0
https://forbes.com/support,0
https://tuit.uz/products/list,0
http://tcbbank.com/confirm,1
http://asakabakn.ru/confirm,1
https://www.stat.uz/terms,0
http://anorbank-service.net/auth,1
http://kapitalbank.tk/login?next=%2Faccount,1
https://pochtabank.uz/report,0
http://official-apelsin.kz/tolov,1
http://best-pochtabank.io/account/verify,1
http://pochatbank.ru/transfer,1
https://www.nature.com/register,0
http://pochtabank-pay.uz/auth,1
https://www.azure.microsoft.com/contact,0
http://anorbank-card.kz/login,1
http://verify-kapitalbank.kz/login?next=%2Faccount,1
http://ipotekabank-service.org/login?next=%2Faccount,1
https://www.forbes.com/,0
http://nfinbank.kz/verify,1
http://tbcb-ank.org/account/verify,1
https://reuters.com/en/services,0
https://science.org/payments,0
http://i-pakyulibank.co/verify,1
http://best-sqb.ru/tolov,1
http://uzumm.net/verify,1
https://uzb.uz/user/profile,0
https://apelsin.uz/logout,0
http://apelsin-secure.kz/verify,1
http://h-umo.net/kirish,1
http://tbcbank.ml/hisob,1
https://google.com/about-us,0
http://texagrobank-net.net/transfer,1
http://pocht-abank.net/login?next=%2Faccount,1
http://164.235.224.201:8080/apelsin/banking/login,1
http://ipotekabank-net.net/kirish,1
http://hmuo.kz/verify,1
https://economist.com/media,0
http://anorbank-uz.uz/account/verify,1
http://xalqbankxavfsiz.com/account/verify,1
https://trastbank.uz/notifications,0
http://real-xalqbank.co/tolov,1
http://tbcbank-service.co/secure/login,1
http://uzum-secure.ru/banking/login,1
http://hamkorb-ank.ru/login,1
http://saakabank.ru/verify,1
http://official-click.com/hisob,1
https://bbc.com/blog,0
http://nbu-login.ru/p?redirect=true,1
https://zamin.uz/security,0
https://www.my.gov.uz/support,0
http://sqb-pay.io/tolov,1
https://kun.uz/main,0
http://official-ipotekabank.io/account/verify,1
https://stat.uz/media,0
https://cloud.google.com/en/services,0
https://forbes.com/,0
http://xlqbank.kz/karta/faollashtirish,1
http://sqbb.co/secure/login,1
https://uzb.uz/offers,0
https://twitter.com/offers,0
https://www.stackoverflow.com/static/css/main.css,0
https://www.soliq.uz/transfer,0
http://real-asakabank.kz/account/verify,1
http://real-ipakyulibank.org/p?redirect=true,1
http://my-kapitalbank.ru/karta/faollashtirish,1
http://secure-agrobank.uz.phish.xyz/verify,1
http://payn-et.net/login?next=%2Faccount,1
https://www.ijro.uz/messages,0
http://best-kapitalbank.net/cards/activate,1
http://pochtabank-verify.com/hisob,1
https://mastercard.com/support,0
http://aelsin.ru/kirish,1
http://xalqbank-uz.io/payment/confirm,1
http://0k2ks8u3jjw26znl.top/secure/login,1
http://ifninbank.kz/hisob,1
http://infinbankk.uz/login?next=%2Faccount,1
https://zoom.us/history,0
http://real-oson.net/karta/faollashtirish,1
http://p-ayme.ru/transfer,1
http://texgrobank.net:3000/login,1
https://outlook.com/products,0
https://www.uzb.uz/uz/hizmatlar,0
http://official-pochtabank.uz/verify,1
https://amazon.com/wiki,0
http://tbcba-nk.co/kirish,1
http://real-uzcard.kz/hisob,1
https://ijro.uz/payments,0
http://uzcard-login.io/payment/confirm,1
http://paynet-bank.uz/karta/faollashtirish,1
http://best-humo.net/payment/confirm,1
http://as-akabank.io/kirish,1
https://zamin.uz/api/v1/health,0
http://tarstbank.com/payment/confirm,1
http://xalqabnk.com/secure/login,1
https://google.com/robots.txt,0
http://verify-apelsin.co/transfer,1
https://cnn.com/search,0
http://xavfsiz-paynet.uz/p?redirect=true,1
http://194.176.4.243/infinbank/kirish,1
http://ipotkeabank.net/secure/login,1
https://www.license.uz/report,0
http://31.120.232.60:8080/trastbank/payment/confirm,1
http://tasdiqlash-anorbank.uz/payment/confirm,1
http://login-texagrobank.kz/account/verify,1
http://login-ipakyulibank.org/hisob,1
https://bing.com/services,0
http://uz-xalqbank.uz/tolov,1
https://www.click.uz/privacy,0
https://sputniknews.uz/app,0
https://nature.com/analytics,0
http://hisob-xalqbank.uz/hisob,1
http://login-texagrobank.net/banking/login,1
http://best-oson.uz/payment/confirm,1
https://tbcbank.uz/api,0
http://pochtabank-card.kz/confirm,1
http://sqb-secure.co/tolov,1
http://secure-pochtabank.ru/auth,1
http://93.97.154.86/trastbank/hisob,1
http://uzum-pay.uz/secure/login,1
http://iakyulibank.org/hisob,1
http://pay-net.com/banking/login,1
http://u-zpost.co/confirm,1
http://teaxgrobank.com/auth,1
https://www.gov.uz/uploads,0
http://new-xalqbank.org/p?redirect=true,1
https://linkedin.com/uz/hizmatlar,0
https://kommersant.uz/support,0
http://qurmhnaj1l9mvf5ihh.top/p?redirect=true,1
http://humo-net.ru/kirish,1
http://hamkorbank-card.net/verify,1
http://online-uzcard.ru/hisob,1
https://bbc.com/2024/,0
https://ems.uz/messages,0
http://infinbnk.io/payment/confirm,1
http://tbcbank-uz.ru/secure/login,1
https://uzinfocom.uz/report,0
https://podrobno.uz/services,0
http://infinbank-uz.org/cards/activate,1
https://yandex.uz/app,0
http://xalqbank-uz.kz/karta/faollashtirish,1
http://humo-secure.org/confirm,1
https://www.slack.com/cards,0
http://204.252.213.248/hamkorbank/auth,1
http://best-sqb.kz/tolov,1
http://login-ipakyulibank.uz/account/verify,1
http://uzcard-2024.kz/hisob,1
https://www.samdu.uz/category/services,0
http://infibnank.ru/login?next=%2Faccount,1
http://my-asakabank.uz/cards/activate,1
http://hamkorbank-online.net/p?redirect=true,1
http://infinbank-2024.io/verify,1
http://agroban.uz/p?redirect=true,1
http://login-uzpost.co/secure/login,1
http://anorbank-login.ru/kirish,1
https://tsue.uz/history,0
http://verify-click.co/auth,1
http://verify-uzum.kz/secure/login,1
http://sqbhisob.com/karta/faollashtirish,1
http://secure-apelsin.net/auth,1
http://ifninbank.io/tolov,1
https://www.science.org/products,0
https://soliq.uz/home,0
http://official-hamkorbank.net:3000/login,1
http://sqb-bank.co/login?next=%2Faccount,1
https://slack.com/download,0
http://login-kapitalbank.net/login,1
https://uzb.uz/home,0
http://texagrobank-bank.uz/transfer,1
http://c11ck.io/verify,1
https://www.linkedin.com/settings,0
https://yandex.uz/about-us,0
http://verify-tbcbank.co/payment/confirm,1
http://170.179.252.251/infinbank/cards/activate,1
http://ipakyulibank-uz.net/kirish,1
http://anorb-ank.net/payment/confirm,1
http://secure-paynet.net/login?next=%2Faccount,1
https://www.apple.com/uploads,0
https://gov.uz/about-us,0
http://tbbank.net/tolov,1
https://interfax.uz/main,0
https://sputniknews.uz/user/profile,0
http://i-potekabank.net/verify,1
http://xalqbank-login.co/transfer,1
http://trasbtank.ru/login,1
https://ft.com/ru,0
https://ijro.uz/contact,0
http://agrobank-online.co/confirm,1
http://paynet-online.ru/auth,1
https://www.nature.com/messages,0
http://infinbank-secure.kz/payment/confirm,1
http://secure-tbcbank.io/account/verify,1
http://kapitalbank.uz@malicious005.com/kirish,1
http://hamkorbank-uz.io/cards/activate,1
https://tdiu.uz/login,0
http://uzcardaccount.com/p?redirect=true,1
http://tbcbank-pay.net/confirm,1
http://apelsinn.org/verify,1
https://stripe.com/notifications,0
https://hub.docker.com/security,0
http://verify-paynet.io/kirish,1
http://kapitlbank.kz/account/verify,1
http://humoo.ru/cards/activate,1
http://cick.com/hisob,1
https://texagrobank.uz/privacy,0
http://official-asakabank.ru/account/verify,1
http://real-anorbank.org/auth,1
https://epay.uz/terms,0
https://google.com/notifications,0
http://new-sqb.ru/banking/login,1
http://uzum-online.io/hisob,1
https://yandex.uz/download,0
https://linkedin.com/dashboard,0
https://nytimes.com/sitemap.xml,0
https://wikipedia.org/register,0
https://stackoverflow.com/profile,0
https://nbu.uz/news,0
http://best-payme.kz/kirish,1
http://payent.net/cards/activate,1
https://www.youtube.com/uploads,0
https://www.bbc.com/register,0
https://google.com/contact,0
http://uzpot.io/login,1
https://docs.python.org/ru,0
https://docs.python.org/notifications,0
http://aloqabnk.io/verify,1
http://my-paynet.net/cards/activate,1
http://official-humo.com/transfer,1
http://apelsin-2024.uz/kirish,1
https://www.tuit.uz/home,0
http://ipotekabank.click/verify,1
https://paypal.com/wiki,0
https://www.developer.mozilla.org/register,0
https://github.com/mobile,0
http://tbcbank-service.io/login?next=%2Faccount,1
http://real-click.uz/p?redirect=true,1
http://pcohtabank.net/banking/login,1
http://uzcard-online.co/kirish,1
http://jrg1m69p2v8vze.top/auth,1
http://asakabank-online.com/auth,1
https://www.uza.uz/home,0
https://www.zamin.uz/app,0
https://www.yahoo.com/about,0
https://www.xs.uz/sitemap.xml,0
https://daryo.uz/transfer,0
http://official-pochtabank.ru/secure/login,1
https://mf.uz/en/services,0
https://aws.amazon.com/about,0
http://my-kapitalbank.io/login?next=%2Faccount,1
https://www.microsoft.com/logout,0
http://nbuu.co/tolov,1
https://netflix.com/user/profile,0
http://online-ipakyulibank.co/p?redirect=true,1
http://ifinbank.com/payment/confirm,1
https://tma.uz/index.html,0
https://tma.uz/mobile,0
https://tuit.uz/faq,0
https://office.com/media,0
http://infin-bank.kz/kirish,1
http://pochta-bank.net/kirish,1
http://tbcban-k.uz/confirm,1
http://asakabankk.ru/login,1
http://payet.co/login?next=%2Faccount,1
http://uzpost-online.co/login,1
https://asakabank.uz/logout,0
http://226.175.144.235/kapitalbank/hisob,1
http://p-ayme.ru/login?next=%2Faccount,1
http://agorbank.org/kirish,1
http://216.112.229.72:8080/tbcbank/verify,1
http://texagroank.com/account/verify,1
http://207.141.242.234/click/login?next=%2Faccount,1
http://login-oson.net/karta/faollashtirish,1
https://uzum.uz/category/services,0
https://linkedin.com/main,0
http://ipakyuliba-nk.io/login,1
https://pochta.uz/search,0
https://click.uz/history,0
https://payme.uz/media,0
http://anorbank-bank.com/secure/login,1
http://secure-texagrobank.kz/payment/confirm,1
http://161.253.100.167:8080/ipotekabank/payment/confirm,1
http://hamkorb-ank.kz/auth,1
http://trastbakn.co/login,1
http://27.136.184.56:8080/trastbank/banking/login,1
http://ipaky-ulibank.co/account/verify,1
http://pochtabank-service.ru/karta/faollashtirish,1
https://yoshlar.uz/category/services,0
https://kommersant.uz/en,0
http://best-sqb.com/tolov,1
http://i-pakyulibank.kz/auth,1
http://sqb-2024.net/secure/login,1
http://ipotekaban.org/banking/login,1
https://wsj.com/docs,0
http://pocht-abank.co/account/verify,1
http://xalqabnk.uz/login,1
http://click-2024.ru/verify,1
http://trstbank.uz/transfer,1
http://umo.org/banking/login,1
http://infinbankk.io/transfer,1
http://sqb-net.io/p?redirect=true,1
https://xs.uz/index.html,0
http://best-uzcard.co/login,1
https://kun.uz/uploads,0
http://xalqbakn.org/cards/activate,1
http://apelsn.io/cards/activate,1
http://trast-bank.com:3000/login,1
http://paym-e.kz/account/verify,1
http://asakabank.info/karta/faollashtirish,1
http://grobank.net/verify,1
https://sqb.uz/login,0
https://license.uz/logout,0
https://www.paypal.com/app,0
https://www.kubernetes.io/security,0
http://payme-net.co/cards/activate,1
https://aloqabank.uz/main,0
https://my.gov.uz/static/css/main.css,0
https://president.uz/wiki,0
http://agrobank-secure.ru/verify,1
http://login.secure.account0.nbu.uz.phish.com/auth,1
https://hub.docker.com/index.html,0
https://cloudflare.com/news,0
http://tbcbankk.uz/login?next=%2Faccount,1
http://13.38.161.159/click/hisob,1
https://aws.amazon.com/terms,0
https://ems.uz/dashboard,0
https://www.cloudflare.com/help,0
http://real-kapitalbank.ru/transfer,1
http://pa-yme.io/login?next=%2Faccount,1
http://tbcba-nk.kz/hisob,1
http://uz-trastbank.io/kirish,1
https://xs.uz/dashboard,0
https://adobe.com/blog,0
https://uzinfocom.uz/app,0
http://pchtabank.ru/auth,1
https://pochta.uz/settings,0
https://wsj.com/main,0
http://ipotkeabank.uz/karta/faollashtirish,1
http://124.47.186.223/anorbank/payment/confirm,1
http://pochtaban-k.uz/p?redirect=true,1
https://anorbank.uz/uploads,0
http://aoqabank.io/login?next=%2Faccount,1
http://hum0.net/payment/confirm,1
https://docs.python.org/services,0
http://asa-kabank.ru/kirish,1
https://my.gov.uz/about-us,0
http://hamkorbank-uz.com/transfer,1
https://developer.mozilla.org/about-us,0
http://official-click.uz/secure/login,1
http://gvyj2jzo764u.ga/auth,1
https://www.ebay.com/logout,0
https://sog-liqni-saqlash.uz/privacy,0
https://reddit.com/api/v1/health,0
http://paynet-online.co/tolov,1
https://tma.uz/notifications,0
http://po-chtabank.co/account/verify,1
http://agroank.com/transfer,1
https://youtube.com/transfer,0
https://asakabank.uz/uz,0
http://agroabnk.net/secure/login,1
http://hamkorbank-2024.io/payment/confirm,1
http://agrobank-login.uz/banking/login,1
http://kapiatlbank.org/account/verify,1
https://www.outlook.com/transfer,0
http://aloqabakn.co/cards/activate,1
https://yoshlar.uz/2024/,0
https://www.google.com/app,0
http://ipakyuliban-k.uz/karta/faollashtirish,1
https://www.apple.com/history,0
http://official-sqb.co/auth,1
http://payme-pay.co/cards/activate,1
https://trastbank.uz@malicious012.com/login,1
http://real-kapitalbank.kz/kirish,1
https://infinbank.uz/help,0
http://secure-tbcbank.co/account/verify,1
https://wikipedia.org/services,0
https://wikipedia.org/wiki,0
https://netflix.com/api,0
https://epay.uz/media,0
http://98.152.108.73:8080/agrobank/account/verify,1
http://online-nbu.io/p?redirect=true,1
http://paynet-card.io/transfer,1
http://976f7p9jp50eozo.buzz/cards/activate,1
https://facebook.com/products,0
https://forbes.com/ru/about,0
http://aloqabank-net.com/login?next=%2Faccount,1
https://wix.com/security,0
https://sog-liqni-saqlash.uz/category/services,0
http://ipakyulbank.com/hisob,1
http://oso-n.co/banking/login,1
https://xb.uz/index.html,0
https://yoshlar.uz/api/v1/health,0
https://xb.uz/ru,0
http://garobank.net/auth,1
http://trstbank.kz/auth,1
http://pochtabank-uz.io/p?redirect=true,1
http://pochtaban.ru/verify,1
https://pochta.uz/about-us,0
http://secure-ipakyulibank.net/login,1
https://youtube.com/messages,0
http://official-click.net/transfer,1
https://www.podrobno.uz/blog,0
https://kun.uz/sitemap.xml,0
http://k4p1t41b4nk.net/account/verify,1
http://tasdiqlash-anorbank.uz/secure/login,1
http://tbbank.kz/secure/login,1
http://login-pochtabank.uz/p?redirect=true,1
http://poctabank.ru/banking/login,1
https://nytimes.com/logout,0
http://cl-ick.kz/login?next=%2Faccount,1
https://stackoverflow.com/en,0
http://ipotekabak.co/payment/confirm,1
https://www.oson.uz/index.html,0
http://aonrbank.co/verify,1
https://www.sog-liqni-saqlash.uz/products,0
http://texagrobank.ml/account/verify,1
http://185.249.86.109:8080/infinbank/account/verify,1
https://mehnat.uz/support,0
http://tbcban-k.kz/login?next=%2Faccount,1
http://pyame.net/p?redirect=true,1
http://secure-anorbank.org/account/verify,1
http://new-uzpost.net/account/verify,1
http://infinbak.uz/transfer,1
http://son.net/cards/activate,1
https://agrobank.uz/terms,0
https://www.bibim.uz/products,0
http://infinbank-login.io/cards/activate,1
http://ipotkeabank.uz/kirish,1
http://agroank.co/transfer,1
http://uczard.ru/kirish,1
http://hamkorbank-secure.ru/verify,1
https://zoom.us/payments,0
http://infinbankk.co/p?redirect=true,1
https://adobe.com/login,0
http://aloqabank.gq/login,1
http://pohtabank.net/cards/activate,1
http://anorb-ank.com/karta/faollashtirish,1
https://sputniknews.uz/faq,0
http://pochtabank-login.kz/account/verify,1
http://secure-paynet.org/cards/activate,1
https://reddit.com/cards,0
http://58.253.228.233/payme/transfer,1
http://aloaqbank.kz/hisob,1
http://login-aloqabank.uz/account/verify,1
http://axlqbank.uz/karta/faollashtirish,1
https://reddit.com/terms,0
http://anorbank-card.com/banking/login,1
https://infinbank.uz/profile,0
https://e-gov.uz/services,0
http://nbu-online.org/karta/faollashtirish,1
http://agrobank-bank.ru/cards/activate,1
http://169.48.253.6:8080/payme/login,1
https://hamkorbank.uz/services,0
https://bing.com/en/services,0
https://texagrobank.uz/login,0
http://account-uzcard.uz/login?next=%2Faccount,1
http://infinbank-online.ru:8443/login,1
http://payne.kz/karta/faollashtirish,1
https://prokuratura.uz/download,0
https://facebook.com/uploads,0
https://developer.mozilla.org/2024/,0
http://uz-aloqabank.io/payment/confirm,1
http://trastbak.org/banking/login,1
http://agrobank-card.org/auth,1
http://son.net/secure/login,1
https://uznet.uz/home,0
http://real-anorbank.ru/auth,1
http://uz-asakabank.com/auth,1
http://245.58.176.64:8080/click/kirish,1
http://aloqabank-bank.net/banking/login,1
http://best-agrobank.org/transfer,1
http://uum.ru/p?redirect=true,1
http://c-lick.kz/kirish,1
https://visa.com/products/list,0
http://ipote-kabank.ru/transfer,1
https://ft.com/news,0
http://real-humo.org/cards/activate,1
http://trastbank-net.net/cards/activate,1
https://aloqabank.uz/about-us,0
http://xalbqank.org/cards/activate,1
https://dunyo.uz/category/services,0
http://click-net.kz/transfer,1
https://www.edu.uz/cards,0
http://new-apelsin.kz/kirish,1
http://tcbank.ru/auth,1
http://sq-b.kz/auth,1
http://123.127.49.158/oson/kirish,1
https://mdis.uz/,0
https://trastbank.uz/category/services,0
http://login-nbu.net/p?redirect=true,1
https://www.payme.uz/services,0
http://xalqbank-net.com/payment/confirm,1
http://anorban.net/auth,1
http://paynet-uz.ru/kirish,1
https://github.com/app,0
https://azure.microsoft.com/media,0
https://azure.microsoft.com/terms,0
https://www.nbu.uz/,0
https://github.com/help,0
http://sqb-card.org/transfer,1
http://agrobanksecure.com/transfer,1
https://infinbank.uz/index.html,0
https://visa.com/blog,0
http://ipotekbaank.com/verify,1
http://apelsn.co/banking/login,1
https://pochtabank.uz/payments,0
http://paynet-uz.com/login?next=%2Faccount,1
http://my-apelsin.net/karta/faollashtirish,1
https://pochtabank.uz/privacy,0
https://www.ft.com/offers,0
https://www.payme.uz/en/services,0
http://uzcrd.kz/secure/login,1
http://230.135.174.148:8080/uzum/account/verify,1
http://87.12.245.107:8080/apelsin/verify,1
http://193.233.17.222/uzum/karta/faollashtirish,1
https://anorbank.uz/offers,0
http://pelsin.com/karta/faollashtirish,1
https://court.uz/help,0
https://github.com/security,0
https://www.stackoverflow.com/services,0
http://payme-secure.ru/banking/login,1
https://www.tuit.uz/profile,0
http://pyame.com/karta/faollashtirish,1
http://aloqabank-online.com/transfer,1
https://edu.uz/static/css/main.css,0
https://humo.uz/sitemap.xml,0
https://linkedin.com/support,0
http://best-payme.io/verify,1
http://4p3151n.net/banking/login,1
https://pharmi.uz/app,0
http://228.210.211.134/texagrobank/tolov,1
http://ipotekabank-secure.uz/transfer,1
http://etxagrobank.org/transfer,1
http://asakaba-nk.org/cards/activate,1
http://nbu-pay.com/p?redirect=true,1
https://tuit.uz/static/css/main.css,0
http://83.70.146.10:8080/ipotekabank/tolov,1
http://xalqbank-online.kz/payment/confirm,1
http://kapitalbank-card.co/cards/activate,1
https://www.hamkorbank.uz/news,0
https://tbcbank.uz/messages,0
https://www.azure.microsoft.com/category/news,0
http://74.132.212.84/trastbank/tolov,1
https://trastbank.uz/api,0
http://p-ayme.io/kirish,1
http://paynet.online/auth,1
https://license.uz/en/services,0
http://uz-card.ru/karta/faollashtirish,1
http://uzp-ost.com/login,1
http://oson-2024.io/kirish,1
http://nsqi1v2uxs.site/transfer,1
https://oson.uz/blog,0
http://asakabank-2024.co/p?redirect=true,1
http://zuum.uz/login,1
http://dh6w3qbp9mwgjwch1.info/secure/login,1
https://netflix.com/main,0
https://netflix.com/notifications,0
http://verify-paynet.org/verify,1
https://www.forbes.com/uz,0
http://sqb-online.kz/cards/activate,1
https://www.npmjs.com/category/news,0
https://www.court.uz/search,0
http://pochtabank.click/cards/activate,1
https://office.com/,0
http://pochtabank.site/transfer,1
https://www.facebook.com/messages,0
https://court.uz/support,0
https://yahoo.com/banking,0
https://bing.com/contact,0
http://infinbank-2024.ru/hisob,1
http://oson-bank.ru/login?next=%2Faccount,1
http://tbcbank-2024.kz/login,1
http://anobrank.io/payment/confirm,1
http://asaabank.net/payment/confirm,1
http://ipot-ekabank.com/kirish,1
http://aloqabank-login.io/verify,1
http://pochtbank.net/auth,1
https://uzinfocom.uz/profile,0
http://my-sqb.com/karta/faollashtirish,1
http://ipakyulibakn.io/confirm,1
http://new-kapitalbank.ru/login,1
https://uzcard.uz/notifications,0
http://bcbank.ru/banking/login,1
http://hamkorbank-online.kz/cards/activate,1
https://nytimes.com/category/services,0
https://nuu.uz/products/list,0
https://uznet.uz/static/css/main.css,0
http://verify-pochtabank.net/payment/confirm,1
http://aloqab-ank.kz/karta/faollashtirish,1
http://ochtabank.kz/secure/login,1
http://nbu-uz.uz/payment/confirm,1
https://www.cloud.google.com/register,0
http://apelsi.co/login?next=%2Faccount,1
http://uzcard-pay.co/login?next=%2Faccount,1
http://xaqlbank.uz/hisob,1
http://confirm-tbcbank.uz/kirish,1
http://anorbank-bank.ru/transfer,1
http://my-tbcbank.ru/confirm,1
https://trastbank.uz/banking,0
http://infinbank-card.io/kirish,1
https://www.cloudflare.com/category/news,0
http://trastbank-pay.org/login?next=%2Faccount,1
http://asakaban-k.uz/transfer,1
http://aloqabank-online.org/payment/confirm,1
http://uzcrd.org/account/verify,1
https://www.ems.uz/logout,0
http://best-nbu.net/account/verify,1
https://apelsin.uz/support,0
http://texagrbank.io/cards/activate,1
http://pochtaba-nk.kz/hisob,1
http://ipot-ekabank.co/login,1
http://verify-trastbank.uz/payment/confirm,1
https://www.e-gov.uz/static/css/main.css,0
https://edu.uz/media,0
https://my.gov.uz/report,0
http://ipot-ekabank.org/payment/confirm,1
https://click.uz/ru/about,0
http://pochtabank-2024.com/confirm,1
http://login-pochtabank.uz/payment/confirm,1
https://uzcard.uz/home,0
https://apelsin.uz/category/services,0
https://www.texagrobank.uz/dashboard,0
http://u-zcard.uz/banking/login,1
http://hamk-orbank.ru/banking/login,1
http://57.195.195.139:8080/nbu/hisob,1
http://sqbaccount.com/login?next=%2Faccount,1
https://pochta.uz/,0
https://nbu.uz@malicious000.com/login,1
http://login-trastbank.io/auth,1
http://trastbank-card.io/tolov,1
http://login-payme.co/login,1
http://click-net.uz/banking/login,1
http://secure-sqb.uz/auth,1
http://uz-agrobank.co/verify,1
https://bbc.com/app,0
https://cnn.com/api,0
http://my-ipotekabank.io/karta/faollashtirish,1
http://texagroank.com/confirm,1
http://secure-tbcbank.kz/login?next=%2Faccount,1
https://economist.com/payments,0
https://economist.com/download,0
http://real-payme.org/hisob,1
http://zuum.ru/payment/confirm,1
http://uzcar-d.com/karta/faollashtirish,1
http://trastbank-card.co/login?next=%2Faccount,1
https://www.adobe.com/category/services,0
https://my.gov.uz/register,0
http://13.66.252.2/hamkorbank/secure/login,1
http://ipak-yulibank.uz/cards/activate,1
http://pochtabank-net.uz/cards/activate,1
http://uzum-online.com/login?next=%2Faccount,1
http://payme-uz.io/cards/activate,1
http://uz-ipotekabank.co/account/verify,1
http://uz-trastbank.kz/account/verify,1
http://ipotkeabank.ru/hisob,1
http://apelsni.ru/tolov,1
http://online-ipakyulibank.co/tolov,1
https://yandex.uz/products/list,0
http://ipakyulibakn.net/payment/confirm,1
http://verify-uzcard.net/tolov,1
http://secure-apelsin.uz/banking/login,1
http://new-nbu.co/secure/login,1
https://www.apelsin.uz/uploads,0
http://114.236.193.125:8080/aloqabank/karta/faollashtirish,1
http://trastbank-net.io/hisob,1
http://new-hamkorbank.uz/transfer,1
http://account-uzum.uz/secure/login,1
http://pochtabank.uz.payment-confirm.ru/payment/confirm,1
http://uzumm.com/login,1
http://kapitalbanksecure.com/verify,1
https://gmail.com/history,0
http://sqb-card.net/hisob,1
http://ipakyuliank.ru/verify,1
http://kapitalbnak.ru/payment/confirm,1
https://yahoo.com/download,0
http://infinban-k.io/payment/confirm,1
https://edu.uz/about-us,0
https://www.bloomberg.com/news,0
https://daryo.uz/help,0
https://visa.com/profile,0
https://adobe.com/banking,0
https://www.bloomberg.com/products/list,0
https://trastbank.uz/news,0
https://mf.uz/category/news,0
http://aaskabank.com/tolov,1
https://humans.uz/main,0
http://opchtabank.uz/banking/login,1
http://uzpost-online.kz/kirish,1
http://ipa-kyulibank.uz/auth,1
https://uzinfocom.uz/main,0
http://55.20.137.79:8080/paynet/karta/faollashtirish,1
http://zupost.co/verify,1
http://cli-ck.ru/transfer,1
http://xalqbank.uz.login-secure.com/banking/login,1
https://www.my.gov.uz/blog,0
https://oson.uz/analytics,0
http://exagrobank.uz/transfer,1
http://texgrobank.net:8080/login,1
https://cnn.com/transfer,0
http://tbcbank-login.co/hisob,1
https://license.uz/profile,0
http://uzpost-login.net/banking/login,1
http://pochtabak.ru/hisob,1
https://www.stat.uz/uploads,0
https://gov.uz/home,0
https://aws.amazon.com/media,0
https://stackoverflow.com/support,0
http://login-trastbank.net/login,1
https://www.court.uz/about-us,0
http://24.227.159.174:8080/uzcard/secure/login,1
http://1nf1nb4nk.io/secure/login,1
http://ipotekabnak.kz/confirm,1
https://bbc.com/support,0
https://ipotekabank.uz/dashboard,0
http://ipotekabakn.org/cards/activate,1
https://aloqabank.uz/logout,0
http://204.149.142.223/payme/auth,1
http://3.244.163.152/apelsin/confirm,1
http://asakaba-nk.com/tolov,1
http://payne-t.uz/confirm,1
http://best-tbcbank.kz/secure/login,1
http://a-sakabank.ru/payment/confirm,1
https://xalqbank.uz/uz/hizmatlar,0
http://official-tbcbank.net/karta/faollashtirish,1
https://azure.microsoft.com/services,0
https://www.e-gov.uz/sitemap.xml,0
https://www.bbc.com/wiki,0
https://www.apelsin.uz/2024/,0
https://uza.uz/home,0
http://secure-infinbank.co/login?next=%2Faccount,1
http://asa-kabank.ru/karta/faollashtirish,1
https://gmail.com/blog,0
http://245.213.119.234/nbu/kirish,1
http://login-nbu.net/payment/confirm,1
https://ebay.com/uz,0
http://ipakyulibnk.io/hisob,1
https://theguardian.com/search,0
https://anorbank.uz/services,0
http://asakabank-login.io/kirish,1
https://www.xalqbank.uz/transfer,0
http://ipakyulibank-service.io/auth,1
https://paypal.com/terms,0
https://e-gov.uz/en/services,0
https://yandex.uz/search,0
http://agrobakn.org/cards/activate,1
https://hub.docker.com/search,0
http://tbcbankhisob.com/kirish,1
http://3.47.103.78/apelsin/secure/login,1
https://nytimes.com/blog,0
https://www.google.com/products/list,0
https://wordpress.com/help,0
https://www.customs.uz/report,0
https://www.xs.uz/messages,0
https://www.bbc.com/api/v1/health,0
http://uz-uzum.uz/transfer,1
http://ipakyuliabnk.co/login?next=%2Faccount,1
http://48.131.230.198:8080/paynet/verify,1
http://login.secure.account2.payme.uz.phish.com/auth,1
https://www.prokuratura.uz/banking,0
http://apelsi.net/banking/login,1
https://bing.com/app,0
http://uz-nbu.com/kirish,1
http://166.41.170.38/texagrobank/cards/activate,1
http://secure-payme.net/verify,1
https://yandex.uz/privacy,0
http://oson-service.co/login?next=%2Faccount,1
https://www.pochta.uz/products/list,0
https://www.e-gov.uz/contact,0
http://infinbak.net/login,1
http://h-amkorbank.ru/cards/activate,1
http://ipakyulibank-net.io/secure/login,1
https://www.google.com/help,0
http://texagrobank-online.kz/verify,1
https://ipakyulibank.uz/category/services,0
http://212.60.145.209:8080/pochtabank/kirish,1
http://anorban.org/tolov,1
https://sqb.uz/index.html,0
https://www.prokuratura.uz/main,0
https://www.qalampir.uz/blog,0
https://sputniknews.uz/settings,0
https://instagram.com/uz/hizmatlar,0
http://uz-hamkorbank.net/account/verify,1
http://best-hamkorbank.co/kirish,1
https://uznet.uz/news,0
https://www.yandex.uz/sitemap.xml,0
http://texagrobank-bank.com/secure/login,1
http://kapi-talbank.ru/banking/login,1
https://www.sputniknews.uz/index.html,0
https://kapitalbank.uz/cards,0
http://uzum-service.io/tolov,1
http://official-xalqbank.uz/kirish,1
http://official-sqb.co/login?next=%2Faccount,1
http://p-aynet.net/banking/login,1
https://www.sputniknews.uz/notifications,0
https://podrobno.uz/uz/hizmatlar,0
http://xaqbank.ru/karta/faollashtirish,1
http://login-infinbank.io/verify,1
https://azure.microsoft.com/messages,0
http://click-secure.co/payment/confirm,1
https://paypal.com/history,0
https://reddit.com/about,0
https://ems.uz/user/profile,0
https://www.stackoverflow.com/profile,0
http://best-anorbank.com/hisob,1
http://oon.co/secure/login,1
http://infinbank-net.uz/secure/login,1
http://ipotekabank-service.co/karta/faollashtirish,1
http://uzpost-uz.com/transfer,1
https://zoom.us/support,0
http://secure-trastbank.org/tolov,1
http://anorabnk.io/cards/activate,1
http://apelsin-secure.com/secure/login,1
http://hamkorbank-uz.ru/p?redirect=true,1
https://bbc.com/terms,0
http://agrobankk.ru/cards/activate,1
http://login-payme.io/cards/activate,1
http://ipayulibank.co/tolov,1
https://instagram.com/register,0
https://asakabank.uz/user/profile,0
https://youtube.com/api/v1/health,0
https://ipotekabank.uz@malicious009.com/login,1
http://kapitalbnk.io/karta/faollashtirish,1
https://forbes.com/products/list,0
https://google.com/payments,0
https://www.uzinfocom.uz/index.html,0
https://dunyo.uz/category/news,0
https://tma.uz/banking,0
http://7.74.163.91/xalqbank/hisob,1
http://41.172.82.174:8080/pochtabank/login?next=%2Faccount,1
http://my-humo.org/tolov,1
https://developer.mozilla.org/search,0
http://as-akabank.kz/verify,1
http://txagrobank.co/cards/activate,1
https://xalqbank.uz/about,0
https://tsue.uz/robots.txt,0
https://payme.uz/faq,0
http://hu-mo.kz/verify,1
https://podrobno.uz/,0
http://secure-uzum.uz/confirm,1
http://pocht-abank.kz/account/verify,1
http://new-asakabank.ru/cards/activate,1
http://agrobank-uz.co/account/verify,1
http://xalqban-k.net/secure/login,1
http://ipotekabank-login.ru/banking/login,1
http://best-texagrobank.uz/verify,1
https://pochta.uz/en,0
https://www.hamkorbank.uz/robots.txt,0
http://xalqbank-pay.kz/hisob,1
http://login.secure.account1.paynet.uz.phish.com/auth,1
https://asakabank.uz/,0
https://humo.uz/wiki,0
http://tbcbnak.io/account/verify,1
https://www.kommersant.uz/uz/hizmatlar,0
http://confirm-xalqbank.uz/login,1
http://xalbqank.ru/banking/login,1
http://pochtabank-kirish.com/cards/activate,1
http://online-aloqabank.io/p?redirect=true,1
http://official-kapitalbank.co/karta/faollashtirish,1
http://norbank.io/transfer,1
http://uz-texagrobank.net/transfer,1
http://login-sqb.kz/kirish,1
http://official-kapitalbank.uz/tolov,1
http://clic.kz/kirish,1
http://jw44qdznx80.ga/karta/faollashtirish,1
https://uzum.uz/register,0
https://tbcbank.uz/app,0
http://uz-click.net/transfer,1
https://www.twitter.com/2024/,0
http://123.226.237.101:8080/oson/verify,1
https://yandex.uz/cards,0
https://mastercard.com/uz/hizmatlar,0
https://interfax.uz/index.html,0
https://www.mytaxi.uz/api/v1/health,0
https://gazeta.uz/uz/hizmatlar,0
http://login-texagrobank.co/transfer,1
https://www.uzinfocom.uz/search,0
http://payme.ml/verify,1
http://uzum-pay.com/p?redirect=true,1
http://uzcrd.uz/secure/login,1
http://online-pochtabank.org/cards/activate,1
http://nbutasdiqlash.com/account/verify,1
https://texagrobank.uz/help,0
http://asakaabnk.io/login?next=%2Faccount,1
https://reddit.com/category/news,0
https://reddit.com/transfer,0
https://texagrobank.uz/settings,0
http://sqbkirish.com/secure/login,1
http://new-agrobank.uz/auth,1
http://paynet.info/kirish,1
http://laoqabank.kz/secure/login,1
https://samdu.uz/about-us,0
http://login-asakabank.kz/transfer,1
http://nbu-online.org/verify,1
http://c11ck.com/login,1
https://ebay.com/contact,0
https://mehnat.uz/offers,0
http://secure-sqb.com/account/verify,1
http://txagrobank.ru/banking/login,1
http://36.36.25.124:8080/uzcard/auth,1
http://aloqabank-uz.com/login,1
https://cloudflare.com/cards,0
https://www.azure.microsoft.com/app,0
http://ipakyu-libank.kz/p?redirect=true,1
https://azure.microsoft.com/notifications,0
http://login-ipotekabank.com/account/verify,1
http://203.148.227.111:8080/asakabank/hisob,1
http://secure-aloqabank.kz/confirm,1
https://mytaxi.uz/payments,0
https://apple.com/uz,0
https://www.microsoft.com/robots.txt,0
https://qalampir.uz/notifications,0
http://login-ipakyulibank.kz/banking/login,1
http://ipakyuli-bank.net/banking/login,1
http://login.secure.account0.xalqbank.uz.phish.com/auth,1
http://texarobank.kz/payment/confirm,1
https://anorbank.uz/payments,0
https://economist.com/2024/,0
http://uzpost-secure.uz/login?next=%2Faccount,1
https://mf.uz/logout,0
https://court.uz/main,0
http://my-apelsin.org/kirish,1
http://apelsin-service.io/login?next=%2Faccount,1
http://pochtabak.ru/tolov,1
http://my-hamkorbank.co/confirm,1
http://90.252.250.247/agrobank/hisob,1
http://190.95.68.51/aloqabank/banking/login,1
http://8.142.19.154:8080/aloqabank/login,1
https://pochtabank.uz/en,0
http://uzcard-uz.com/confirm,1
http://ap-elsin.org/login?next=%2Faccount,1
http://poch-tabank.io/secure/login,1
https://pochta.uz/support,0
http://anorba-nk.io/hisob,1
https://infinbank.uz/offers,0
http://a-pelsin.ru/login?next=%2Faccount,1
https://uzinfocom.uz/transfer,0
http://tbcb-ank.io/login?next=%2Faccount,1
https://interfax.uz/products/list,0
http://anorbank-2024.net/auth,1
http://hu-mo.com/banking/login,1
http://agrbank.io/login?next=%2Faccount,1
http://infinbank-kirish.com/transfer,1
http://texagrobank-online.kz/p?redirect=true,1
https://www.podrobno.uz/payments,0
http://oso.ru/kirish,1
https://gov.uz/main,0
http://my-anorbank.io/tolov,1
https://pochta.uz/profile,0
http://trastbank-net.co/transfer,1
https://texagrobank.uz/products,0
http://5qb.net/karta/faollashtirish,1
http://osonn.ru/karta/faollashtirish,1
http://verify-trastbank.io/auth,1
http://33.6.248.183:8080/click/karta/faollashtirish,1
http://ahmkorbank.co/verify,1
https://microsoft.com/login,0
https://www.bibim.uz/security,0
https://www.parlament.uz/en,0
https://www.e-gov.uz/download,0
http://a-loqabank.co/tolov,1
https://ems.uz/2024/,0
http://ipakyuibank.com/tolov,1
https://hub.docker.com/api,0
https://zamin.uz/uz,0
http://my-sqb.org/account/verify,1
https://epay.uz/api/v1/health,0
http://osonpay.com/banking/login,1
http://login-oson.io/confirm,1
https://linkedin.com/contact,0
https://edu.uz/terms,0
http://anorbank-pay.ru/auth,1
http://best-click.io/banking/login,1
https://parlament.uz/index.html,0
https://bing.com/index.html,0
https://google.com/en,0
http://aloqabank-card.org/p?redirect=true,1
http://sqb-net.net/confirm,1
https://science.org/terms,0
https://pharmi.uz/payments,0
http://click-pay.com/tolov,1
http://uzcard-login.io/login?next=%2Faccount,1
http://ipotekaban-k.com/auth,1
https://paypal.com/logout,0
https://gmail.com/ru,0
http://paynett.io/login?next=%2Faccount,1
https://visa.com/main,0
https://stackoverflow.com/offers,0
http://trastban.kz/kirish,1
http://ucard.io/kirish,1
http://login-tbcbank.kz/transfer,1
https://adobe.com/api,0
https://texagrobank.uz/about,0
http://aloqabnk.uz/p?redirect=true,1
https://payme.uz/index.html,0
http://account-sqb.uz/transfer,1
http://as-akabank.uz/transfer,1
http://real-click.net/kirish,1
http://czovfv7hwuwosylroiaw9u.buzz/confirm,1
http://kapitalbank-uz.kz/tolov,1
http://new-payme.co/login?next=%2Faccount,1
http://pochatbank.io/login,1
http://new-sqb.uz/login,1
http://aloqabak.org/login,1
https://ft.com/category/news,0
http://u-zcard.org/auth,1
https://www.license.uz/api/v1/health,0
https://www.gmail.com/wiki,0
https://www.bbc.com/main,0
https://theguardian.com/static/css/main.css,0
http://osonn.io/secure/login,1
http://txagrobank.uz/kirish,1
http://134.113.192.47/hamkorbank/secure/login,1
https://instagram.com/notifications,0
http://pochtaban.co/kirish,1
http://c-lick.org/auth,1
https://microsoft.com/sitemap.xml,0
http://infin-bank.net/transfer,1
https://uzb.uz/contact,0
http://nbu-online.kz/secure/login,1
https://www.uza.uz/uploads,0
http://pochtbaank.kz/login?next=%2Faccount,1
https://ipotekabank.uz/,0
http://tras-tbank.uz/karta/faollashtirish,1
http://ipotkabank.kz/hisob,1
https://sog-liqni-saqlash.uz/en/services,0
https://www.tdiu.uz/uz/hizmatlar,0
http://pyanet.uz/tolov,1
http://btcbank.co/account/verify,1
http://ipakyulibakn.net/p?redirect=true,1
https://kapitalbank.uz/terms,0
https://zamin.uz/faq,0
http://new-trastbank.org/kirish,1
http://click-card.net/karta/faollashtirish,1
https://www.tbcbank.uz/api,0
https://asakabank.uz/settings,0
https://www.pharmi.uz/uploads,0
http://oson-bank.net/transfer,1
https://forbes.com/media,0
https://www.podrobno.uz/report,0
http://222.181.161.251/paynet/account/verify,1
https://www.apelsin.uz/blog,0
http://real-oson.io/hisob,1
https://www.shopify.com/ru/about,0
http://xal-qbank.ru/auth,1
https://humans.uz/report,0
http://real-trastbank.ru/payment/confirm,1
http://ipotekabank-pay.com/secure/login,1
https://stat.uz/api,0
https://oson.uz/support,0
http://uzc4rd.kz/auth,1
http://online-infinbank.co/p?redirect=true,1
https://ipakyulibank.uz/download,0
https://shopify.com/services,0
http://login-uzcard.uz/p?redirect=true,1
https://adobe.com/payments,0
http://sqb-uz.ru/auth,1
http://arobank.org/auth,1
http://kapitalbank-pay.co/kirish,1
https://humans.uz/payments,0
https://www.uzb.uz/category/news,0
https://instagram.com/profile,0
http://xalqba-nk.kz/payment/confirm,1
http://btcbank.ru/secure/login,1
http://pcohtabank.co/login,1
http://online-ipakyulibank.net/tolov,1
http://hmo.kz/login,1
http://u-zpost.ru/auth,1
http://pochtab-ank.org/auth,1
https://adobe.com/products,0
http://ipakyuliabnk.uz/secure/login,1
https://gazeta.uz/ru,0
http://pcohtabank.kz/login,1
http://ag-robank.uz/kirish,1
http://pochtabnak.ru/kirish,1
http://t-bcbank.net/karta/faollashtirish,1
http://ipotekabank.rest/confirm,1
http://trastbank-secure.com/payment/confirm,1
https://pharmi.uz/ru/about,0
https://parlament.uz/faq,0
https://court.uz/en,0
https://tma.uz/products,0
http://online-humo.net/payment/confirm,1
http://ipkayulibank.kz/transfer,1
http://hamkorbakn.net/kirish,1
http://agrob-ank.kz/cards/activate,1
http://tbcbankxavfsiz.com/login,1
http://aloqabnak.com/p?redirect=true,1
http://infinbakn.com/transfer,1
http://real-nbu.co/hisob,1
http://opv3ce60jldblmc.click/auth,1
https://mehnat.uz/banking,0
http://uzum-2024.uz/transfer,1
http://k-apitalbank.com/cards/activate,1
http://poc-htabank.kz/kirish,1
http://infinbak.uz/verify,1
http://asakabank-verify.com/hisob,1
http://online-click.net/secure/login,1
http://infinbank-login.io/verify,1
https://ipotekabank.uz/news,0
http://txeagrobank.uz/confirm,1
http://my-texagrobank.io/banking/login,1
https://wix.com/category/news,0
http://a-sakabank.com/cards/activate,1
http://clik.net/auth,1
http://ipotekabank-service.uz/,1
http://best-trastbank.co/secure/login,1
http://uzcard-login.ru/account/verify,1
https://humans.uz/blog,0
http://u-zcard.kz/verify,1
http://my-pochtabank.uz/p?redirect=true,1
https://apple.com/ru/about,0
https://anorbank.uz/blog,0
https://samdu.uz/en/services,0
http://hamkorbank-bank.ru/cards/activate,1
https://uzcard.uz/terms,0
http://pochtabank-login.uz/banking/login,1
http://texagrobakn.org/auth,1
http://texagroban.net/secure/login,1
http://p4ym3.com/login?next=%2Faccount,1
https://aloqabank.uz/privacy,0
http://xalqbank-online.uz/cards/activate,1
https://xalqbank.uz/category/news,0
http://aolqabank.ru/karta/faollashtirish,1
https://gmail.com/app,0
http://xaqlbank.ru/hisob,1
http://ipakyulib-ank.io/banking/login,1
https://www.interfax.uz/ru,0
http://ipakyulibank-net.co/transfer,1
http://confirm-agrobank.uz/login,1
https://npmjs.com/about,0
http://a-pelsin.co/secure/login,1
http://inifnbank.kz/tolov,1
https://ems.uz/uz/hizmatlar,0
https://www.google.com/terms,0
http://aloqabank-secure.co/verify,1
http://verify-hamkorbank.io/cards/activate,1
http://online-payme.uz/cards/activate,1
https://www.mehnat.uz/ru/about,0
http://nfinbank.uz/verify,1
http://real-ipotekabank.kz/tolov,1
http://asaabank.ru/confirm,1
https://stat.uz/2024/,0
https://yandex.uz/mobile,0
http://login-apelsin.uz/auth,1
http://210.53.211.246/trastbank/karta/faollashtirish,1
http://uzpost-uz.net/tolov,1
http://t-bcbank.io/login?next=%2Faccount,1
http://a-loqabank.ru/auth,1
https://bing.com/home,0
http://kapitalbank-online.net/karta/faollashtirish,1
http://uzcardverify.com/auth,1
https://www.zamin.uz/settings,0
http://payme-net.io/confirm,1
https://anorbank.uz/2024/,0
https://nbu.uz/category/services,0
http://pyme.uz/karta/faollashtirish,1
http://tb-cbank.uz/secure/login,1
http://217.39.165.148/xalqbank/login?next=%2Faccount,1
https://kommersant.uz/products/list,0
http://infinb-ank.co/p?redirect=true,1
https://outlook.com/banking,0
http://secure-oson.uz/banking/login,1
http://sqb-2024.com/payment/confirm,1
https://youtube.com/about-us,0
http://best-pochtabank.net/kirish,1
http://uzopst.uz/karta/faollashtirish,1
https://kapitalbank.uz/ru,0
https://samdu.uz/products,0
http://apesin.org/karta/faollashtirish,1
http://uzpost-bank.io/tolov,1
https://visa.com/api,0
https://google.com/uz/hizmatlar,0
http://uzpots.com/karta/faollashtirish,1
http://online-uzpost.co/kirish,1
http://kapitablank.ru/secure/login,1
https://gazeta.uz/contact,0
http://paynet-2024.uz/kirish,1
http://login-click.io/transfer,1
http://66.138.202.47:8080/paynet/payment/confirm,1
http://ham-korbank.org/account/verify,1
http://4n0rb4nk.ru/account/verify,1
https://wordpress.com/en,0
https://www.uza.uz/uz/hizmatlar,0
http://nbu.rest/secure/login,1
https://infinbank.uz/notifications,0
http://asakaabnk.uz/kirish,1
https://ipotekabank.uz/notifications,0
https://texagrobank.uz/security,0
http://hamkobrank.kz/login?next=%2Faccount,1
https://spot.uz/notifications,0
http://payme-card.net/login?next=%2Faccount,1
http://infinbank-pay.net/cards/activate,1
http://p4ym3.co/kirish,1
http://uzcard-service.uz/payment/confirm,1
https://xalqbank.uz/payments,0
http://new-tbcbank.io/secure/login,1
http://secure-sqb.uz/p?redirect=true,1
http://ipakyulibank-pay.uz/verify,1
https://www.hamkorbank.uz/index.html,0
http://alqbank.com/transfer,1
https://infinbank.uz/products/list,0
https://xs.uz/login,0
http://son.net/kirish,1
http://my-trastbank.ru/tolov,1
http://texagroabnk.org/login,1
http://tbcbank.tk/p?redirect=true,1
https://npmjs.com/api,0
http://nbu-uz.ru/tolov,1
http://uzpostverify.com/secure/login,1
http://huo.uz/auth,1
https://www.reuters.com/logout,0
http://asakabank-uz.net/confirm,1
http://hamkorbakn.org/account/verify,1
http://best-payme.net/cards/activate,1
http://uzpos.com/p?redirect=true,1
http://tbc-bank.net/cards/activate,1
https://www.paypal.com/transfer,0
http://ipot-ekabank.ru/cards/activate,1
http://ipotekabnk.org/karta/faollashtirish,1
http://108.252.58.241:8080/sqb/tolov,1
http://oosn.net/confirm,1
http://ipoekabank.net/cards/activate,1
https://yandex.uz/support,0
https://mehnat.uz/en,0
https://cnn.com/mobile,0
http://paynet-online.org/secure/login,1
http://pochtaban-k.ru/kirish,1
https://shopify.com/privacy,0
https://yandex.uz/uz,0
http://real-uzum.com/login?next=%2Faccount,1
http://clickk.kz/login?next=%2Faccount,1
https://ijro.uz/profile,0
https://www.docs.python.org/ru,0
https://www.docs.python.org/settings,0
http://trastbank-pay.kz/cards/activate,1
http://humo-net.com/tolov,1
http://224.9.90.189/trastbank/kirish,1
http://uz-trastbank.com/login?next=%2Faccount,1
http://online-infinbank.net/kirish,1
http://ipotekabank.uz@malicious003.com/kirish,1
http://hamkorbank-service.com/tolov,1
http://142.3.94.149:8080/tbcbank/login,1
http://amkorbank.net/kirish,1
https://hub.docker.com/download,0
https://kapitalbank.uz/docs,0
https://www.uzcard.uz/news,0
http://ipakyuliban.co/auth,1
http://verify-apelsin.uz/login?next=%2Faccount,1
https://outlook.com/services,0
https://npmjs.com/support,0
http://ipotekabank-online.io/login,1
https://www.pharmi.uz/help,0
https://oson.uz/app,0
https://www.uzb.uz/main,0
http://ipotekaba-nk.co/kirish,1
http://click-service.ru/payment/confirm,1
http://222.20.89.170:8080/uzcard/login,1
https://forbes.com/category/news,0
http://online-uzum.ru/banking/login,1
https://yoshlar.uz/security,0
http://clic.org/confirm,1
http://infinban.net/verify,1
http://uzumm.ru/payment/confirm,1
http://infinbank-pay.net/verify,1
https://wsj.com/2024/,0
https://www.hub.docker.com/api,0
https://cnn.com/media,0
https://qalampir.uz/register,0
http://etxagrobank.com/auth,1
http://apyme.co/verify,1
http://oosn.ru/cards/activate,1
http://197.38.192.104:8080/infinbank/login,1
http://pakyulibank.io/tolov,1
https://www.visa.com/products/list,0
http://real-apelsin.com/payment/confirm,1
http://ap-elsin.ru/p?redirect=true,1
https://daryo.uz/settings,0
http://online-uzum.org/tolov,1
https://ebay.com/privacy,0
http://hamorbank.io/confirm,1
http://177.83.66.173:8080/click/kirish,1
http://my-ipotekabank.uz/login,1
http://k4p1t41b4nk.com/login,1
http://verify-asakabank.io/confirm,1
https://zamin.uz/download,0
https://outlook.com/report,0
http://123.19.89.39/aloqabank/banking/login,1
https://xb.uz/uz,0
https://tsue.uz/,0
https://uzum.uz/search,0
https://e-gov.uz/about,0
https://e-gov.uz/privacy,0
https://www.humans.uz/index.html,0
https://yahoo.com/register,0
https://stat.uz/,0
http://tbcbank-bank.com/hisob,1
https://instagram.com/home,0
http://asakbank.kz/payment/confirm,1
http://tbc-bank.kz/cards/activate,1
https://tbcbank.uz/terms,0
https://edu.uz/settings,0
http://230.4.74.253/agrobank/auth,1
http://official-texagrobank.ru/p?redirect=true,1
http://online-sqb.io/kirish,1
https://wordpress.com/uz/hizmatlar,0
http://opchtabank.ru/banking/login,1
http://payme-secure.io/verify,1
http://apelsin-uz.io/account/verify,1
http://xalqbank-service.com/hisob,1
https://trastbank.uz/products,0
https://spot.uz/logout,0
http://real-trastbank.uz/kirish,1
http://ipotekaank.co/hisob,1
http://online-uzcard.ru/account/verify,1
http://xalqbank-net.uz/hisob,1
http://hum0.co/p?redirect=true,1
http://uzm.uz/hisob,1
https://paynet.uz/uz/hizmatlar,0
http://tbcb-ank.kz/cards/activate,1
https://paypal.com/register,0
http://216.126.133.193:8080/uzum/payment/confirm,1
https://visa.com/report,0
http://paynett.co/auth,1
http://alqbank.net/karta/faollashtirish,1
http://agorbank.co/verify,1
http://loqabank.uz/hisob,1
https://qalampir.uz/en/services,0
http://verify-asakabank.ru/auth,1
https://cloud.google.com/history,0
https://office.com/contact,0
http://confirm-apelsin.uz/hisob,1
http://texagrobakn.kz/login,1
https://www.github.com/sitemap.xml,0
https://ebay.com/ru,0
http://best-infinbank.uz/account/verify,1
https://paynet.uz/faq,0
https://paynet.uz/category/news,0
https://www.nuu.uz/settings,0
http://36.113.123.232:8080/uzcard/payment/confirm,1
http://ipotekaank.uz/verify,1
https://aloqabank.uz/transfer,0
http://uzum.buzz/tolov,1
http://ipakuylibank.kz/verify,1
https://www.soliq.uz/products/list,0
https://zamin.uz/privacy,0
http://paynet-uz.ru/login,1
https://paynet.uz/ru/about,0
http://hamkorban.org/p?redirect=true,1
https://www.nature.com/about,0
http://ipotekabank-uz.org/tolov,1
http://agrobank.online/banking/login,1
http://aloqaabnk.net/payment/confirm,1
https://www.uzb.uz/ru,0
http://login-infinbank.com/karta/faollashtirish,1
http://alo-qabank.io/hisob,1
http://kapitalbankaccount.com/p?redirect=true,1
https://www.pochta.uz/banking,0
http://trastbanktasdiqlash.com/payment/confirm,1
http://anorbank-bank.uz/transfer,1
http://real-aloqabank.io/banking/login,1
http://texagro-bank.uz/banking/login,1
http://apelsni.kz/karta/faollashtirish,1
http://apelin.com/secure/login,1
http://55.119.15.165/payme/karta/faollashtirish,1
https://sog-liqni-saqlash.uz/category/news,0
https://shopify.com/sitemap.xml,0
https://www.parlament.uz/media,0
http://verify-click.kz/transfer,1
http://ipotekabank-bank.co/karta/faollashtirish,1
https://aws.amazon.com/en/services,0
http://secure-agrobank.com/karta/faollashtirish,1
https://npmjs.com/robots.txt,0
https://uzcard.uz/register,0
http://amkorbank.co/cards/activate,1
http://secure-kapitalbank.net/hisob,1
http://sqb-2024.co/account/verify,1
http://ipakyulibank-card.org/payment/confirm,1
https://www.mastercard.com/cards,0
https://www.uzb.uz/user/profile,0
https://www.facebook.com/ru/about,0
https://infinbank.uz/contact,0
https://ipakyulibank.uz/logout,0
https://www.theguardian.com/help,0
http://ipotekbank.com/login?next=%2Faccount,1
http://official-apelsin.com/hisob,1
http://humo-login.kz/hisob,1
https://xalqbank.uz/uz,0
https://www.twitter.com/history,0
https://mf.uz/transfer,0
http://click-login.com/auth,1
https://mehnat.uz/security,0
http://son.kz/auth,1
http://uzpostkirish.com/confirm,1
http://uzpost-online.co/transfer,1
https://reuters.com/en,0
https://stat.uz/logout,0
https://bing.com/notifications,0
https://gmail.com/about-us,0
http://online-sqb.org/login?next=%2Faccount,1
http://uzum-online.kz/p?redirect=true,1
http://ipot-ekabank.kz/login?next=%2Faccount,1
http://4n0rb4nk.com/transfer,1
http://tbcbankk.ru/account/verify,1
http://trastbank-secure.io/login?next=%2Faccount,1
https://cloudflare.com/security,0
http://real-aloqabank.net/payment/confirm,1
http://aloabank.co/auth,1
http://humo-card.kz/kirish,1
https://github.com/logout,0
https://www.nytimes.com/2024/,0
https://mytaxi.uz/dashboard,0
http://uzca-rd.co/auth,1
http://sqbxavfsiz.com/banking/login,1
http://asaka-bank.com/transfer,1
https://nuu.uz/blog,0
https://gazeta.uz/main,0
https://outlook.com/index.html,0
http://8fbi8nbb2gfwvworl.ga/payment/confirm,1
https://pochta.uz/blog,0
http://77.69.247.245/humo/banking/login,1
https://trastbank.uz/terms,0
http://i-potekabank.uz/account/verify,1
https://ijro.uz/about-us,0
http://official-nbu.org/secure/login,1
https://aloqabank.uz/banking,0
http://xalqbak.io/payment/confirm,1
http://kapitalban.kz/cards/activate,1
http://teagrobank.ru/cards/activate,1
http://account-oson.uz/kirish,1
http://hamkobank.net/hisob,1
https://yahoo.com/history,0
https://hamkorbank.uz/category/news,0
https://gov.uz/transfer,0
https://science.org/docs,0
http://online-humo.net/cards/activate,1
https://aws.amazon.com/analytics,0
https://bbc.com/services,0
http://uz-pochtabank.net/hisob,1
http://oson-login.com/confirm,1
http://oson-card.net/auth,1
https://xs.uz/about-us,0
http://payme-login.co/confirm,1
http://secure-sqb.net/login,1
http://hum.ru/confirm,1
https://sputniknews.uz/home,0
https://ipotekabank.uz/banking,0
http://new-pochtabank.uz/kirish,1
http://texagobank.org/confirm,1
http://texagrobank-service.ru/kirish,1
https://sog-liqni-saqlash.uz/dashboard,0
https://apple.com/category/news,0
http://uz-sqb.ru/verify,1
http://hamkorbank-2024.kz/banking/login,1
http://uzpost-2024.ru/karta/faollashtirish,1
http://login-paynet.ru/verify,1
http://98.89.34.222:8080/ipotekabank/account/verify,1
http://aloqabank-login.io/secure/login,1
http://new-uzum.org/verify,1
https://wsj.com/terms,0
http://ipakyulibankxavfsiz.com/confirm,1
http://p4qy4p3dbvlhv46wf6n.rest/payment/confirm,1
https://nuu.uz/index.html,0
http://new-uzcard.co/hisob,1
https://kubernetes.io/security,0
http://login-pochtabank.io/verify,1
http://infin-bank.io/transfer,1
http://verify-xalqbank.kz/tolov,1
https://www.e-gov.uz/index.html,0
https://kubernetes.io/mobile,0
http://infinbank-uz.com/verify,1
https://www.wikipedia.org/terms,0
https://court.uz/notifications,0
https://cloud.google.com/offers,0
http://uz-tbcbank.com/auth,1
https://www.microsoft.com/user/profile,0
http://170.85.42.180/trastbank/secure/login,1
http://apelsin.uz.login-secure.com/p?redirect=true,1
https://humo.uz/category/services,0
http://2osj4kt8kx7g9s0gd5n0g.site/login?next=%2Faccount,1
http://ipaky-ulibank.ru/hisob,1
https://infinbank.uz/login,0
http://pochtabankk.net/banking/login,1
http://payme-login.kz/hisob,1
http://ipoteakbank.com/karta/faollashtirish,1
http://asakabakn.co/p?redirect=true,1
http://pyme.org/secure/login,1
http://new-hamkorbank.net/login,1
https://cloudflare.com/2024/,0
http://kapitalb-ank.co/secure/login,1
https://wordpress.com/,0
http://nbu-account.com/auth,1
https://prokuratura.uz/faq,0
https://www.wsj.com/api/v1/health,0
https://oson.uz/news,0
http://xalqbank-pay.net/cards/activate,1
http://kapitalban.com/hisob,1
https://docs.python.org/en/services,0
https://president.uz/security,0
https://payme.uz/news,0
http://uzum-login.kz/kirish,1
http://trastbank-secure.net/banking/login,1
https://www.facebook.com/uz,0
http://best-trastbank.io/tolov,1
http://best-paynet.kz/banking/login,1
https://www.sog-liqni-saqlash.uz/payments,0
http://kpitalbank.io/banking/login,1
http://tbcbank-pay.co/hisob,1
http://agrobank-net.ru/account/verify,1
http://uuzm.ru/confirm,1
http://aloqaba-nk.uz/confirm,1
https://asakabank.uz/dashboard,0
http://ipkyulibank.ru/banking/login,1
http://texag-robank.uz/account/verify,1
http://xalqbank-bank.com/cards/activate,1
http://pochtaba-nk.uz/verify,1
https://outlook.com/transfer,0
http://aloqabank-service.ru/login,1
https://www.slack.com/transfer,0
http://asak-abank.org/confirm,1
http://new-payme.org/tolov,1
http://clik.ru/confirm,1
https://shopify.com/en,0
http://humo-service.org/payment/confirm,1
https://gov.uz/wiki,0
http://122.94.217.163/oson/secure/login,1
http://tbcbankk.net/auth,1
https://www.mdis.uz/transfer,0
https://gov.uz/user/profile,0
https://www.netflix.com/static/css/main.css,0
http://aloqa-bank.net/auth,1
http://anorbakn.kz/login,1
http://login-click.org/account/verify,1
http://kpaitalbank.net/kirish,1
https://tma.uz/download,0
http://116.34.5.123:8080/agrobank/confirm,1
http://agrobank-bank.kz/account/verify,1
http://payme-uz.org/tolov,1
http://click.uz.login-secure.com/cards/activate,1
http://1p0t3k4b4nk.io/tolov,1
http://pame.uz/account/verify,1
https://qalampir.uz/static/css/main.css,0
https://apelsin.uz/uploads,0
http://paymepay.com/confirm,1
https://nuu.uz/sitemap.xml,0
http://asakaban.io/transfer,1
http://hamkorabnk.org/hisob,1
https://google.com/services,0
https://tbcbank.uz/help,0
https://www.tma.uz/en,0
http://ipakyulibank-login.org/hisob,1
https://microsoft.com/analytics,0
http://verify-pochtabank.ru/cards/activate,1
https://uzinfocom.uz/category/services,0
http://online-texagrobank.kz/p?redirect=true,1
http://xalqbakn.ru/verify,1
https://wix.com/api/v1/health,0
http://210.53.211.246:8080/trastbank/karta/faollashtirish,1
http://uzcard-online.uz/login?next=%2Faccount,1
http://ipotekabank-secure.net/banking/login,1
http://click-secure.ru/verify,1
http://asakaban-k.co/karta/faollashtirish,1
http://sqb-2024.io/payment/confirm,1
https://wix.com/logout,0
https://soliq.uz/register,0
https://science.org/news,0
http://tb-cbank.co/banking/login,1
http://alqbank.ru/hisob,1
http://humo-login.net/secure/login,1
http://zuum.org/banking/login,1
http://oson-secure.net/cards/activate,1
http://uz-trastbank.kz/karta/faollashtirish,1
http://official-paynet.ru/cards/activate,1
https://ipakyulibank.uz/security,0
http://oson-secure.kz/login?next=%2Faccount,1
https://xs.uz/report,0
https://bing.com/uploads,0
https://mf.uz/blog,0
http://click-pay.kz/karta/faollashtirish,1
https://qalampir.uz/services,0
https://ijro.uz/download,0
https://www.theguardian.com/en,0
http://texagrobank-secure.org/cards/activate,1
https://gmail.com/security,0
http://203.132.174.170/anorbank/auth,1
http://208.157.139.8:8080/trastbank/account/verify,1
http://kapiatlbank.net/p?redirect=true,1
https://bibim.uz/en/services,0
https://click.uz@malicious003.com/login,1
http://anorbnk.com/tolov,1
https://prokuratura.uz/dashboard,0
https://xalqbank.uz/faq,0
https://www.e-gov.uz/payments,0
http://login-sqb.com/account/verify,1
http://infinbank-secure.io/kirish,1
https://my.gov.uz/uz,0
http://kapitalbankk.uz/tolov,1
http://asaka-bank.net/account/verify,1
https://texagrobank.uz/messages,0
http://uz-post.uz/transfer,1
https://ipotekabank.uz/payments,0
https://www.texagrobank.uz/main,0
http://clik.com/banking/login,1
https://instagram.com/user/profile,0
https://ipakyulibank.uz/privacy,0
http://secure-ipotekabank.org/login,1
https://stackoverflow.com/docs,0
http://txagrobank.co/login,1
https://www.twitter.com/profile,0
https://parlament.uz/user/profile,0
http://kapita-lbank.uz/transfer,1
https://outlook.com/blog,0
http://ipotekabnak.kz/kirish,1
https://tma.uz/messages,0
https://theguardian.com/uz,0
https://netflix.com/home,0
https://adobe.com/faq,0
http://kpitalbank.kz/login?next=%2Faccount,1
http://paynet-service.net/kirish,1
https://www.hamkorbank.uz/analytics,0
http://click-online.net/karta/faollashtirish,1
http://kapitalbank-bank.co/login,1
http://rtastbank.org/hisob,1
https://apelsin.uz/media,0
https://outlook.com/mobile,0
https://court.uz/login,0
https://www.facebook.com/uz/hizmatlar,0
https://yoshlar.uz/offers,0
http://best-hamkorbank.ru/login?next=%2Faccount,1
http://38.54.120.127:8080/asakabank/kirish,1
http://asakabank-card.io/auth,1
https://www.cloud.google.com/search,0
http://xalqbank-2024.ru/login,1
http://anorbank-bank.com/cards/activate,1
http://ipak-yulibank.org/auth,1
http://verify.click-uz.com/tolov,1
http://209.23.225.132:8080/oson/hisob,1
https://facebook.com/ru/about,0
https://reuters.com/user/profile,0
http://apelsin.ml/confirm,1
http://trastbank-2024.io/p?redirect=true,1
http://infinbank.info/login?next=%2Faccount,1
http://ochtabank.net/payment/confirm,1
http://new-texagrobank.io/auth,1
http://agrobak.kz/p?redirect=true,1
http://humo-uz.co/tolov,1
http://hamkorb-ank.uz/payment/confirm,1
http://zupost.com/p?redirect=true,1
https://hub.docker.com/,0
https://wsj.com/notifications,0
https://www.forbes.com/analytics,0
http://verify-xalqbank.ru/login,1
https://tuit.uz/profile,0
https://www.kun.uz/support,0
https://nature.com/contact,0
http://pohctabank.net/kirish,1
https://pochtabank.uz/messages,0
https://visa.com/transfer,0
https://www.economist.com/security,0
http://uz-agrobank.io/tolov,1
http://196.59.13.207/uzum/login?next=%2Faccount,1
https://www.sog-liqni-saqlash.uz/help,0
http://aloqabank-login.ru/confirm,1
http://106.41.20.212:8080/tbcbank/account/verify,1
https://apple.com/api/v1/health,0
https://e-gov.uz/history,0
http://ipakyu-libank.com/transfer,1
https://www.texagrobank.uz/notifications,0
http://uzcadr.ru/verify,1
http://tbcbank-pay.kz/login,1
http://aloqabnak.kz/banking/login,1
https://wix.com/offers,0
https://mdis.uz/news,0
https://humo.uz/history,0
http://ipotekabank-net.ru/tolov,1
https://zoom.us/about,0
https://kapitalbank.uz@malicious007.com/login,1
https://zamin.uz/main,0
http://login-apelsin.kz/payment/confirm,1
http://pochtabank-2024.uz/p?redirect=true,1
https://my.gov.uz/wiki,0
http://apelsin-secure.co/login?next=%2Faccount,1
https://nytimes.com/help,0
https://oson.uz/2024/,0
http://apelisn.ru/karta/faollashtirish,1
http://nbu-login.org:3000/login,1
http://secure-xalqbank.ru/tolov,1
http://nbu-uz.ru/kirish,1
http://hamkorbank-net.net/auth,1
https://podrobno.uz/messages,0
http://sqb-service.net/login,1
https://www.my.gov.uz/payments,0
https://apple.com/about-us,0
https://forbes.com/dashboard,0
http://c11ck.kz/account/verify,1
http://online-xalqbank.org/transfer,1
http://asakabakn.com/auth,1
http://xalqbank-bank.co/login,1
http://payme-2024.io/login?next=%2Faccount,1
https://bbc.com/search,0
http://aloqa-bank.kz/login,1
http://login-asakabank.com/verify,1
http://ahmkorbank.uz/login,1
https://pypi.org/logout,0
http://payme-login.kz/karta/faollashtirish,1
https://www.outlook.com/en/services,0
https://yoshlar.uz/messages,0
http://secure-uzpost.co/login?next=%2Faccount,1
http://alqabank.ru/payment/confirm,1
http://tbcbnak.uz/kirish,1
https://gazeta.uz/login,0
http://secure-hamkorbank.ru/auth,1
http://official-hamkorbank.co/confirm,1
https://prokuratura.uz/history,0
https://www.yandex.uz/,0
http://tarstbank.net/account/verify,1
https://president.uz/history,0
http://verify-infinbank.org/cards/activate,1
http://click-service.net/karta/faollashtirish,1
http://kapita-lbank.co/p?redirect=true,1
http://ipakyulibank-uz.org/auth,1
http://panet.io/banking/login,1
http://hakmorbank.co/account/verify,1
https://bibim.uz/about,0
https://tdiu.uz/blog,0
http://tbcban.ru/hisob,1
http://sqb.cf/p?redirect=true,1
http://oson-secure.io/banking/login,1
http://payn-et.kz/login?next=%2Faccount,1
http://uzpos.co/secure/login,1
http://texgarobank.io/tolov,1
http://xlqbank.kz/account/verify,1
https://www.bibim.uz/analytics,0
http://paynet.click/p?redirect=true,1
http://aloqabank-net.net/account/verify,1
http://payem.co/hisob,1
http://uzum-net.io/tolov,1
http://verify-click.uz/secure/login,1
https://www.apelsin.uz/main,0
http://uzum-net.org/account/verify,1
http://osn.io/payment/confirm,1
https://linkedin.com/report,0
http://bnu.ru/secure/login,1
http://207.190.99.225/xalqbank/banking/login,1
http://hamkorba-nk.io/secure/login,1
http://online-nbu.org/karta/faollashtirish,1
https://www.court.uz/uploads,0
https://www.xs.uz/services,0
https://instagram.com/settings,0
https://azure.microsoft.com/products/list,0
https://github.com/index.html,0
https://mytaxi.uz/download,0
https://shopify.com/main,0
http://tbcbank-service.ru/karta/faollashtirish,1
https://www.bbc.com/blog,0
https://cloud.google.com/,0
https://bbc.com/mobile,0
https://www.kapitalbank.uz/cards,0
http://paynet-login.co/login?next=%2Faccount,1
https://pharmi.uz/about,0
https://economist.com/index.html,0
http://h-umo.uz/banking/login,1
https://dunyo.uz/uploads,0
https://nature.com/privacy,0
https://www.asakabank.uz/wiki,0
http://upzost.kz/cards/activate,1
http://apelsi-n.uz/transfer,1
http://click-2024.ru/login?next=%2Faccount,1
https://www.paynet.uz/offers,0
https://www.cloudflare.com/history,0
https://www.developer.mozilla.org/uploads,0
https://www.ebay.com/home,0
https://github.com/robots.txt,0
http://apelsin-online.com/banking/login,1
http://uzum-login.net/cards/activate,1
http://best-uzum.com/banking/login,1
http://online-uzpost.io/cards/activate,1
https://adobe.com/uz/hizmatlar,0
http://sqb-bank.kz/login?next=%2Faccount,1
http://trastbak.net/transfer,1
http://official-uzpost.net/secure/login,1
http://txagrobank.io/transfer,1
https://pypi.org/messages,0
https://facebook.com/profile,0
http://o-son.net/banking/login,1
http://kapiatlbank.ru/login,1
http://uzpsot.net/hisob,1
http://61.103.125.117/infinbank/login?next=%2Faccount,1
http://asakbaank.co/login,1
https://kapitalbank.uz/logout,0
https://visa.com/sitemap.xml,0
https://uznet.uz/ru,0
https://nbu.uz/main,0
http://uz-trastbank.ru/verify,1
http://verify-oson.ru/banking/login,1
https://www.mf.uz/en/services,0
http://best-xalqbank.net/login,1
http://official-texagrobank.kz/kirish,1
http://texgrobank.uz/confirm,1
https://www.zoom.us/help,0
https://www.docs.python.org/offers,0
http://uz-card.com/confirm,1
http://ipotekabank-pay.uz/kirish,1
https://www.gmail.com/security,0
https://www.reuters.com/uz/hizmatlar,0
http://uz-anorbank.uz/verify,1
https://uzum.uz/about-us,0
https://bloomberg.com/about,0
http://uzacrd.io/tolov,1
http://sqb-online.com/login,1
http://56.145.106.130:8080/click/kirish,1
https://interfax.uz/en/services,0
http://uzpost-secure.ru/cards/activate,1
http://149.144.11.12/agrobank/p?redirect=true,1
http://hamkorank.kz/transfer,1
http://tastbank.io/hisob,1
https://texagrobank.uz/cards,0
https://www.npmjs.com/uploads,0
https://reuters.com/register,0
https://interfax.uz/history,0
http://cli-ck.io/tolov,1
https://kun.uz/media,0
http://trastbank-card.kz/karta/faollashtirish,1
https://ipakyulibank.uz/history,0
http://poch-tabank.uz/hisob,1
https://www.sputniknews.uz/category/news,0
https://www.xalqbank.uz/services,0
https://paypal.com/privacy,0
http://real-oson.io/payment/confirm,1
http://my-hamkorbank.com/login,1
http://aplesin.net/transfer,1
https://yahoo.com/app,0
https://ipakyulibank.uz@malicious000.com/login,1
https://kubernetes.io/search,0
http://ipakylibank.uz/auth,1
http://uzpost-login.ru/account/verify,1
http://online-tbcbank.com/confirm,1
http://aloqbaank.org/secure/login,1
https://pypi.org/faq,0
https://nature.com/en/services,0
http://15.231.197.138:8080/uzpost/tolov,1
https://wikipedia.org/banking,0
https://shopify.com/category/news,0
http://tbcbank-secure.com/kirish,1
http://online-tbcbank.co/payment/confirm,1
http://cilck.ru/payment/confirm,1
http://kirish-humo.uz/banking/login,1
https://humo.uz/security,0
http://infinbak.com/cards/activate,1
https://facebook.com/offers,0
http://1nf1nb4nk.ru/hisob,1
https://podrobno.uz/products,0
https://www.epay.uz/sitemap.xml,0
https://ems.uz/about,0
http://texagrobank-service.co/verify,1
https://gov.uz/help,0
http://anorbakn.io/kirish,1
https://www.edu.uz/en,0
http://my-click.io/confirm,1
http://pochtabank-service.ru/cards/activate,1
https://ebay.com/docs,0
http://new-asakabank.uz/hisob,1
http://qsb.kz/auth,1
http://agrobank-card.co/login,1
http://oson-login.ru/hisob,1
https://visa.com/contact,0
http://apeslin.net:8080/login,1
http://real-humo.net/cards/activate,1
https://www.parlament.uz/uz,0
https://yahoo.com/en/services,0
http://hamkorban.com/transfer,1
http://txagrobank.kz/account/verify,1
http://ipotekabank-pay.com/login,1
http://uzard.com/verify,1
http://hmkorbank.co/verify,1
https://tuit.uz/index.html,0
https://bloomberg.com/support,0
http://official-xalqbank.io/transfer,1
http://official-hamkorbank.kz/p?redirect=true,1
https://www.ebay.com/main,0
http://online-apelsin.io/banking/login,1
https://gazeta.uz/media,0
http://asakbaank.ru/hisob,1
https://pharmi.uz/logout,0
https://soliq.uz/main,0
http://real-ipakyulibank.ru/login,1
http://trastbank-login.co/verify,1
http://hamkorbank-net.com/hisob,1
http://zupost.kz:3000/login,1
https://texagrobank.uz/profile,0
http://pohctabank.org/kirish,1
https://aws.amazon.com/category/news,0
http://ipakyuibank.org/transfer,1
http://asakabakn.uz/auth,1
http://uzpost-card.net/karta/faollashtirish,1
http://tbcabnk.co/hisob,1
http://online-sqb.com/hisob,1
http://login-uzcard.net/confirm,1
http://nbu-pay.co/kirish,1
http://trastba-nk.ru/verify,1
http://t-bcbank.org/kirish,1
https://slack.com/settings,0
https://www.mdis.uz/docs,0
http://new-uzum.ru/payment/confirm,1
http://payme-service.net/karta/faollashtirish,1
http://texagobank.co/login,1
https://bloomberg.com/analytics,0
http://pochtabank-service.net:9090/login,1
https://xb.uz/category/services,0
http://humo-card.org/secure/login,1
http://huo.net/banking/login,1
https://hamkorbank.uz/help,0
https://aws.amazon.com/logout,0
http://new-payme.io/transfer,1
http://my-payme.co/karta/faollashtirish,1
https://www.cloud.google.com/app,0
https://president.uz/about,0
https://www.podrobno.uz/banking,0
https://cnn.com/en,0
http://texagrobank-2024.co/kirish,1
http://aloqabank-pay.uz/hisob,1
https://www.ems.uz/home,0
http://xalqbank-bank.com/karta/faollashtirish,1
https://www.apelsin.uz/report,0
http://uz-paynet.kz/payment/confirm,1
https://www.cnn.com/privacy,0
https://samdu.uz/products/list,0
http://paynet-service.ru/p?redirect=true,1
http://t3x4gr0b4nk.ru/cards/activate,1
http://real-ipakyulibank.com/hisob,1
http://humo.ml/tolov,1
http://hamkorbak.net/auth,1
http://xalqbnak.kz/kirish,1
https://sqb.uz/services,0
https://npmjs.com/register,0
http://ipakyuliba-nk.io/karta/faollashtirish,1
http://ipotekabnk.kz/verify,1
https://oson.uz/history,0
http://17tgnqrbeiia7g8u3.gq/tolov,1
http://real-tbcbank.kz/banking/login,1
http://new-trastbank.org/verify,1
https://adobe.com/services,0
http://pakyulibank.ru/confirm,1
http://my-anorbank.uz/confirm,1
http://47.68.29.62:8080/trastbank/login,1
http://xalbqank.kz/banking/login,1
https://www.prokuratura.uz/docs,0
https://azure.microsoft.com/products,0
http://verify-ipotekabank.io/verify,1
http://xal-qbank.net/payment/confirm,1
http://hamkorban.uz/transfer,1
https://wordpress.com/services,0
https://www.science.org/2024/,0
http://my-ipotekabank.com/account/verify,1
http://teagrobank.io/hisob,1
http://tasdiqlash-apelsin.uz/secure/login,1
http://hamkrbank.io/cards/activate,1
https://reuters.com/uploads,0
https://tdiu.uz/history,0
http://online-asakabank.com/confirm,1
http://askaabank.org/cards/activate,1
https://ft.com/sitemap.xml,0
http://108.206.66.219/hamkorbank/karta/faollashtirish,1
https://shopify.com/terms,0
http://tratbank.org/cards/activate,1
http://anorbank-bank.com/login?next=%2Faccount,1
http://infinbank-secure.io/verify,1
http://uzpost-bank.ru/karta/faollashtirish,1
http://etxagrobank.co/verify,1
https://www.uznet.uz/blog,0
http://p-ayme.kz/kirish,1
https://linkedin.com/search,0
http://official-hamkorbank.ru/account/verify,1
http://uzum-login.net/login,1
http://ipotekabanksecure.com/kirish,1
http://uzcard.online/login,1
https://bing.com/docs,0
https://www.paynet.uz/report,0
http://hakmorbank.uz/payment/confirm,1
http://trastbank-card.uz/verify,1
http://iptekabank.io/verify,1
http://pochtabank-uz.co/account/verify,1
http://k-apitalbank.com/auth,1
http://225.49.210.198:8080/uzum/kirish,1
http://infinbank-uz.com/hisob,1
http://texagrobank-pay.uz/login?next=%2Faccount,1
http://kapitalbankk.kz/secure/login,1
https://nytimes.com/faq,0
http://agrobank-2024.kz/payment/confirm,1
https://reuters.com/ru/about,0
http://ipakyulibank-service.io/hisob,1
https://www.stripe.com/uz/hizmatlar,0
http://7.208.153.157:8080/texagrobank/confirm,1
https://paynet.uz/payments,0
http://uzpost-pay.com/cards/activate,1
http://nbu-login.io/,1
http://humoo.com/account/verify,1
http://tbcbank.uz@malicious009.com/kirish,1
http://oson-login.com/account/verify,1
https://www.agrobank.uz/ru,0
https://www.pochtabank.uz/notifications,0
http://account-xalqbank.uz/kirish,1
https://www.reuters.com/banking,0
http://trastbank-bank.uz/tolov,1
https://www.uzinfocom.uz/blog,0
http://hamkorban-k.co/kirish,1
http://131.232.71.166/anorbank/account/verify,1
http://secure-apelsin.io/payment/confirm,1
http://real-trastbank.io/confirm,1
http://x9ccv23jyzml5mn.tk/verify,1
https://www.edu.uz/app,0
https://apelsin.uz/banking,0
https://customs.uz/analytics,0
http://tarstbank.io/login?next=%2Faccount,1
http://agorbank.kz/auth,1
https://www.mastercard.com/help,0
http://real-oson.ru/hisob,1
https://bloomberg.com/category/services,0
https://ems.uz/api,0
https://sputniknews.uz/register,0
https://podrobno.uz/search,0
https://epay.uz/app,0
https://agrobank.uz/banking,0
http://confirm-infinbank.uz/verify,1
http://101.51.105.174/pochtabank/kirish,1
http://payem.com/verify,1
https://uzinfocom.uz/messages,0
http://uz-uzcard.io/kirish,1
https://ems.uz/,0
https://www.mastercard.com/messages,0
http://ha-mkorbank.net/tolov,1
http://payme-uz.co/verify,1
https://gmail.com/profile,0
http://anorban-k.co/auth,1
https://www.qalampir.uz/en,0
https://reuters.com/history,0
https://zoom.us/search,0
https://shopify.com/api/v1/health,0
https://samdu.uz/api,0
https://ems.uz/report,0
https://my.gov.uz/news,0
https://trastbank.uz/faq,0
http://new-paynet.io/tolov,1
http://kaptalbank.uz/transfer,1
https://agrobank.uz/login,0
https://mastercard.com/index.html,0
http://240.169.193.16:8080/ipakyulibank/p?redirect=true,1
http://hamkorbank-service.kz/hisob,1
http://oson-uz.io/account/verify,1
https://aws.amazon.com/support,0
http://tbcban-k.org/hisob,1
http://h-umo.com/verify,1
http://saakabank.com/account/verify,1
https://www.kommersant.uz/terms,0
http://xalqbank-net.kz/hisob,1
https://tsue.uz/wiki,0
http://online-trastbank.co/auth,1
http://24.142.69.66:8080/asakabank/tolov,1
http://j0dg5ebib9tsxfrwxp.info/tolov,1
https://license.uz/index.html,0
https://wordpress.com/notifications,0
http://apeslin.ru/tolov,1
http://anorbank.top/hisob,1
http://humo-pay.ru/kirish,1
http://uzcadr.com/verify,1
http://infnbank.io/account/verify,1
https://samdu.uz/robots.txt,0
https://www.stat.uz/app,0
https://paynet.uz/cards,0
https://interfax.uz/contact,0
http://huo.io/kirish,1
http://sqb-pay.kz/karta/faollashtirish,1
https://forbes.com/faq,0
http://online-payme.net/karta/faollashtirish,1
https://reddit.com/robots.txt,0
http://osn.uz/login,1
https://docs.python.org/banking,0
https://microsoft.com/notifications,0
https://nature.com/blog,0
http://online-ipakyulibank.kz/banking/login,1
https://anorbank.uz/index.html,0
https://uzb.uz/history,0
http://188.216.207.76:8080/hamkorbank/account/verify,1
http://anorbank-uz.org/karta/faollashtirish,1
https://github.com/terms,0
https://qalampir.uz/,0
http://real-ipotekabank.ru/confirm,1
http://pelsin.net/hisob,1
https://click.uz/blog,0
http://hamkorbank-2024.net/login?next=%2Faccount,1
http://best-click.kz/secure/login,1
http://uzcar-d.com/login?next=%2Faccount,1
https://nytimes.com/docs,0
https://apelsin.uz/about,0
http://new-ipotekabank.uz/tolov,1
https://mf.uz/uploads,0
http://kaptialbank.uz/hisob,1
http://uzpot.uz/account/verify,1
https://google.com/docs,0
http://uczard.ru/secure/login,1
https://mastercard.com/category/news,0
http://anorbank-2024.co/login,1
http://70.151.66.11/payme/account/verify,1
https://daryo.uz/uz,0
https://uznet.uz/user/profile,0
https://ipotekabank.uz/faq,0
https://www.bbc.com/services,0
http://uzcardd.org/banking/login,1
http://uzcard-secure.io/login?next=%2Faccount,1
https://stripe.com/home,0
https://pochtabank.uz/ru,0
http://texagrobank-login.io/tolov,1
https://click.uz/payments,0
http://anobank.kz/verify,1
http://uzpost.top/transfer,1
http://uzpo-st.com/auth,1
http://uzum-login.io/confirm,1
http://official-kapitalbank.kz/hisob,1
https://wix.com/banking,0
http://192.111.238.98/uzum/hisob,1
http://anorbank-card.net/account/verify,1
https://developer.mozilla.org/banking,0
http://login.pochtabank.uz.malicious.top/hisob,1
http://kapitalban.io/verify,1
http://real-nbu.net/banking/login,1
https://www.daryo.uz/contact,0
http://anobrank.uz/login?next=%2Faccount,1
https://www.xs.uz/faq,0
https://www.tuit.uz/notifications,0
https://www.sputniknews.uz/privacy,0
http://texagrobank-login.kz/payment/confirm,1
https://www.ems.uz/category/services,0
http://ipotekaank.org/banking/login,1
http://paynet-pay.net/kirish,1
http://uzpost-pay.kz/kirish,1
https://wix.com/profile,0
https://www.stat.uz/banking,0
http://infibnank.org/transfer,1
https://www.yoshlar.uz/dashboard,0
http://ipotekaban-k.org/transfer,1
http://223.188.192.116/click/hisob,1
https://xb.uz/en,0
https://bbc.com/payments,0
https://www.anorbank.uz/en/services,0
http://click-secure.org/transfer,1
http://ipotekabnk.kz/transfer,1
https://www.spot.uz/ru/about,0
https://paypal.com/offers,0
http://son.com/hisob,1
http://my-uzcard.kz/login?next=%2Faccount,1
http://123.248.124.235:8080/uzum/banking/login,1
https://pochtabank.uz/,0
https://yoshlar.uz/ru,0
http://uzcar-d.net/confirm,1
https://mytaxi.uz/app,0
https://stackoverflow.com/logout,0
http://tcbank.com/login,1
https://pochtabank.uz/terms,0
http://a-sakabank.io/login,1
http://pochtabank-bank.co/login,1
http://anobrank.com/banking/login,1
https://www.bing.com/user/profile,0
https://office.com/register,0
http://loqabank.kz/kirish,1
http://hum.net/confirm,1
http://s-qb.net/p?redirect=true,1
https://bbc.com/api,0
https://www.mdis.uz/banking,0
https://stat.uz/faq,0
http://p-ayme.com/account/verify,1
http://sqb-secure.com/login,1
http://my-sqb.ru/karta/faollashtirish,1
https://www.forbes.com/download,0
https://google.com/sitemap.xml,0
http://xalqb-ank.uz/secure/login,1
https://microsoft.com/api/v1/health,0
http://4p3151n.io/auth,1
https://humans.uz/help,0
http://uz-uzum.org/confirm,1
http://hamkorbank-login.co/login?next=%2Faccount,1
http://uzost.io/cards/activate,1
https://tdiu.uz/category/news,0
http://221.55.248.164/asakabank/transfer,1
http://secure-aloqabank.ru/account/verify,1
http://454k4b4nk.org/payment/confirm,1
http://uzcard.online/verify,1
http://click-net.ru/tolov,1
http://aakabank.ru/auth,1
https://wix.com/wiki,0
https://uznet.uz/uploads,0
https://amazon.com/robots.txt,0
http://ipotekaank.uz/tolov,1
http://osn.net/cards/activate,1
http://ey4ih9pvhlg4jgnq1g6lle.ml/payment/confirm,1
https://cloud.google.com/main,0
https://youtube.com/uz/hizmatlar,0
http://kapitalban-k.uz/auth,1
https://ebay.com/static/css/main.css,0
http://100.156.19.90/kapitalbank/karta/faollashtirish,1
http://xalbqank.net/transfer,1
https://agrobank.uz/static/css/main.css,0
https://instagram.com/ru/about,0
https://parlament.uz/static/css/main.css,0
http://agr-obank.io/account/verify,1
https://asakabank.uz/offers,0
https://mf.uz/sitemap.xml,0
https://bloomberg.com/ru,0
http://uzum-card.com/secure/login,1
http://anorbank-2024.io/secure/login,1
http://best-oson.kz/p?redirect=true,1
https://anorbank.uz/login,0
https://adobe.com/ru,0
https://cloud.google.com/support,0
https://xb.uz/blog,0
http://best-infinbank.io/verify,1
http://uz-apelsin.kz/auth,1
http://infin-bank.kz/banking/login,1
http://kapi-talbank.co/auth,1
http://official-texagrobank.kz/auth,1
http://uzc4rd.org/tolov,1
http://my-uzpost.org/payment/confirm,1
https://www.customs.uz/privacy,0
http://138.106.61.201:8080/payme/tolov,1
http://paynet.cf/hisob,1
https://bing.com/user/profile,0
http://anrobank.com/login,1
http://anorank.ru/payment/confirm,1
http://tbcbank-pay.com/karta/faollashtirish,1
http://xlqbank.uz/verify,1
http://verify-hamkorbank.net/verify,1
http://ipakyulibank-card.org/auth,1
http://ipakyulibank-bank.uz/secure/login,1
https://www.shopify.com/register,0
https://sputniknews.uz/messages,0
http://infinabnk.co/secure/login,1
http://login.secure.account1.click.uz.phish.com/auth,1
http://kirish-agrobank.uz/transfer,1
http://aoqabank.co/cards/activate,1
http://infinbank-card.net/hisob,1
http://hamkorbank-secure.com/auth,1
http://anorbankk.ru/karta/faollashtirish,1
http://uzcardd.kz/auth,1
https://www.kubernetes.io/app,0
https://slack.com/products,0
https://ft.com/category/services,0
http://new-payme.kz/karta/faollashtirish,1
https://www.qalampir.uz/2024/,0
https://qalampir.uz/about-us,0
http://clic-k.io/payment/confirm,1
https://ems.uz/payments,0
http://payme-online.ru/kirish,1
https://slack.com/uploads,0
http://uzpot.uz/payment/confirm,1
https://www.aloqabank.uz/en/services,0
http://uzcrad.kz/kirish,1
https://wordpress.com/transfer,0
https://kapitalbank.uz/services,0
https://kun.uz/history,0
http://ipotekabank-service.co/hisob,1
http://official-uzpost.kz/kirish,1
https://paynet.uz/about-us,0
http://anorba-nk.io/tolov,1
http://sqb-service.uz/hisob,1
http://apelsin.buzz/banking/login,1
http://nbu-uz.co/confirm,1
http://new-sqb.uz/kirish,1
http://xnlydcd0kzy.gq/hisob,1
http://infinba-nk.com/login,1
https://www.bibim.uz/ru/about,0
http://ipotekabak.uz/account/verify,1
https://www.kun.uz/services,0
http://texagrobank-net.uz/account/verify,1
https://paypal.com/transfer,0
http://ipakyulibnak.uz/transfer,1
https://www.netflix.com/en/services,0
http://alqabank.uz/kirish,1
https://www.court.uz/ru/about,0
http://a-loqabank.uz/cards/activate,1
http://hamkorbank-secure.org/auth,1
https://hub.docker.com/user/profile,0
http://pame.uz/verify,1
https://apple.com/docs,0
http://ipakylibank.co/confirm,1
https://prokuratura.uz/services,0
http://uzpost-2024.uz/login?next=%2Faccount,1
https://www.aloqabank.uz/wiki,0
http://asaka-bank.uz/p?redirect=true,1
http://191.212.242.124/anorbank/cards/activate,1
http://secure-texagrobank.uz/banking/login,1
https://hamkorbank.uz/security,0
http://paye.net/auth,1
http://kapitalbank-card.org/transfer,1
http://uzcard-card.co/kirish,1
https://www.npmjs.com/services,0
http://246.248.67.24/uzcard/banking/login,1
https://asakabank.uz/sitemap.xml,0
http://anorbank-card.io/auth,1
http://uz-humo.ru/hisob,1
http://tbcban.uz/payment/confirm,1
http://uz-ipakyulibank.ru/login?next=%2Faccount,1
https://aws.amazon.com/sitemap.xml,0
http://login-ipotekabank.net/karta/faollashtirish,1
https://nytimes.com/api,0
http://official-kapitalbank.io/verify,1
https://customs.uz/uz/hizmatlar,0
http://online-apelsin.kz/p?redirect=true,1
http://humo-login.io/account/verify,1
http://verify-hamkorbank.com/cards/activate,1
http://inf-inbank.uz/login?next=%2Faccount,1
http://n55v6j9rufivip.online/karta/faollashtirish,1
http://secure-click.net/transfer,1
http://my-uzcard.org/payment/confirm,1
http://official-infinbank.ru/banking/login,1
http://texgrobank.kz/confirm,1
http://kapitlbank.io/cards/activate,1
http://uzpots.com/kirish,1
http://x41qb4nk.com/karta/faollashtirish,1
http://ipakyulibank-pay.ru/login,1
https://wix.com/,0
http://click.uz@malicious014.com/kirish,1
http://arobank.uz/cards/activate,1
https://www.slack.com/docs,0
http://real-xalqbank.net/hisob,1
http://uz-oson.org/transfer,1
http://uzpo-st.ru/cards/activate,1
http://paynet-account.com/verify,1
http://apyme.com/confirm,1
https://ipotekabank.uz/download,0
https://www.podrobno.uz/terms,0
http://infinbank.click/verify,1
https://edu.uz/category/news,0
http://secure-paynet.ru/auth,1
http://sqb-uz.uz/confirm,1
http://asakabank-service.com/transfer,1
https://wsj.com/mobile,0
http://0glyf4ra80bg.site/p?redirect=true,1
http://222.203.192.183/aloqabank/auth,1
http://pelsin.io/login?next=%2Faccount,1
https://azure.microsoft.com/help,0
https://epay.uz/wiki,0
https://www.microsoft.com/dashboard,0
http://nbu-bank.co/tolov,1
https://gmail.com/user/profile,0
https://president.uz/report,0
http://4r8n3a55nabm5zkmditj3.rest/confirm,1
http://ipakyulibankxavfsiz.com/cards/activate,1
https://www.hub.docker.com/products/list,0
http://laoqabank.co/confirm,1
http://pochtaabnk.org/karta/faollashtirish,1
https://www.pochta.uz/en,0
http://s-qb.org/auth,1
http://zucard.kz/cards/activate,1
https://pypi.org/contact,0
http://ip-akyulibank.kz/p?redirect=true,1
https://microsoft.com/user/profile,0
http://payn-et.com/transfer,1
https://www.parlament.uz/main,0
http://best-hamkorbank.ru/login,1
https://soliq.uz/logout,0
http://uz-tbcbank.com/karta/faollashtirish,1
http://alqabank.org/auth,1
http://oso-n.ru/confirm,1
https://my.gov.uz/cards,0
http://login-tbcbank.com/login,1
http://pochtabnk.co/karta/faollashtirish,1
https://uzcard.uz/static/css/main.css,0
https://tsue.uz/en/services,0
https://www.edu.uz/main,0
http://aoqabank.co/confirm,1
https://www.uzcard.uz/payments,0
https://nbu.uz/notifications,0
http://uzum-card.co/payment/confirm,1
http://anorbnk.uz/banking/login,1
http://xalqba-nk.io/cards/activate,1
http://real-click.org/karta/faollashtirish,1
https://economist.com/api/v1/health,0
http://54.56.100.18/nbu/account/verify,1
https://www.stat.uz/report,0
https://slack.com/category/services,0
https://www.dropbox.com/user/profile,0
http://infinb-ank.io/tolov,1
http://aloqabank-card.com/cards/activate,1
https://wordpress.com/app,0
http://my-trastbank.com/tolov,1
http://real-hamkorbank.net/tolov,1
http://kaptalbank.ru/account/verify,1
https://www.president.uz/contact,0
http://agrobank-card.net/auth,1
https://xb.uz/app,0
http://click-secure.kz/payment/confirm,1
http://real-pochtabank.io/confirm,1
http://ipotek-abank.net/verify,1
http://anorank.kz/kirish,1
http://login-payme.uz/account/verify,1
http://paym.com/p?redirect=true,1
http://mnvo3okqfc6o8y7hrs7r.top/karta/faollashtirish,1
http://hamkorbank-account.com/karta/faollashtirish,1
https://soliq.uz/en,0
https://pochta.uz/security,0
https://my.gov.uz/blog,0
http://uz-humo.co/banking/login,1
http://131.184.173.186/aloqabank/cards/activate,1
https://stripe.com/transfer,0
http://login-ipakyulibank.ru/verify,1
http://trastbank.top/auth,1
https://www.wsj.com/main,0
http://login.secure.account0.paynet.uz.phish.com/auth,1
http://apelsi-n.com/login?next=%2Faccount,1
https://humans.uz/analytics,0
http://uz-nbu.com/payment/confirm,1
http://pamye.org/banking/login,1
https://nature.com/messages,0
https://dunyo.uz/profile,0
https://science.org/banking,0
http://178.170.48.169:8080/ipakyulibank/secure/login,1
http://xa-lqbank.io/login,1
https://license.uz/privacy,0
https://twitter.com/blog,0
https://youtube.com/search,0
http://anorban-k.io/karta/faollashtirish,1
https://forbes.com/uz/hizmatlar,0
http://ipakulibank.kz/auth,1
http://kapitlbank.com/account/verify,1
http://104.16.190.48:8080/apelsin/secure/login,1
https://edu.uz/ru/about,0
https://kommersant.uz/analytics,0
https://kubernetes.io/about-us,0
http://uzcard.uz@malicious009.com/kirish,1
https://wordpress.com/contact,0
http://uzpost-2024.net/banking/login,1
http://ipotekabankpay.com/tolov,1
http://uzum-uz.com/auth,1
https://economist.com/help,0
https://gmail.com/2024/,0
http://real-kapitalbank.com/confirm,1
http://agrobank-card.io/hisob,1
http://109.169.105.115:8080/kapitalbank/login,1
http://pochtabank.gq/banking/login,1
https://zoom.us/media,0
http://xalqban-k.kz/cards/activate,1
http://uzum-card.org/p?redirect=true,1
http://xalbank.co/secure/login,1
http://my-texagrobank.kz/hisob,1
https://www.tdiu.uz/ru,0
http://aloqaabnk.com/transfer,1
http://kpitalbank.ru/tolov,1
http://apeslin.com/account/verify,1
https://soliq.uz/cards,0
https://e-gov.uz/contact,0
https://cnn.com/dashboard,0
http://new-anorbank.com/banking/login,1
http://x-alqbank.ru/cards/activate,1
http://115.235.185.110:8080/ipotekabank/cards/activate,1
http://xavfsiz-uzum.uz/confirm,1
http://secure-kapitalbank.uz/p?redirect=true,1
http://uzcard-2024.io/cards/activate,1
http://new-payme.kz/p?redirect=true,1
http://pochatbank.co/banking/login,1
https://www.paypal.com/support,0
https://www.nuu.uz/category/news,0
http://hamko-rbank.co/auth,1
http://252.4.71.28/aloqabank/transfer,1
http://online-uzum.com/kirish,1
https://epay.uz/uz/hizmatlar,0
https://uznet.uz/api,0
http://verify-anorbank.kz/confirm,1
http://paelsin.com/banking/login,1
https://gov.uz/cards,0
http://7.13.48.208:8080/apelsin/karta/faollashtirish,1
https://wix.com/support,0
http://infinba-nk.kz/transfer,1
https://amazon.com/dashboard,0
http://hamkorbank.uz@malicious001.com/kirish,1
http://uz-texagrobank.kz/confirm,1
http://my-humo.ru/kirish,1
http://ipakyulibank-net.io/tolov,1
http://i-nfinbank.co/payment/confirm,1
https://ipakyulibank.uz/products,0
http://texagobank.uz/p?redirect=true,1
http://login.secure.account0.aloqabank.uz.phish.com/auth,1
http://humoverify.com/cards/activate,1
http://194.204.68.51:8080/infinbank/tolov,1
https://www.stat.uz/en,0
http://xalqbank.rest/account/verify,1
https://kun.uz/banking,0
http://uz-click.io/tolov,1
https://reddit.com/ru,0
http://kapitalank.ru/cards/activate,1
http://pochtabank.uz.account-verify.net/kirish,1
http://official-ipotekabank.net/login,1
http://57.204.99.58/texagrobank/p?redirect=true,1
https://www.tsue.uz/products,0
http://oson.rest/cards/activate,1
http://68.174.186.5/ipakyulibank/p?redirect=true,1
https://www.science.org/about,0
https://tbcbank.uz@malicious003.com/login,1
http://q5uyzni6bju68o.site/transfer,1
http://texagrobnak.co/cards/activate,1
http://best-oson.co/auth,1
http://nbu-service.co/secure/login,1
http://33.108.189.225/anorbank/karta/faollashtirish,1
http://login-nbu.co/tolov,1
http://aaskabank.kz/payment/confirm,1
https://developer.mozilla.org/security,0
http://28.75.93.246/uzpost/login?next=%2Faccount,1
http://uzcad.uz/auth,1
http://payme-net.com/secure/login,1
http://asaabank.io/banking/login,1
https://docs.python.org/uz,0
https://agrobank.uz/logout,0
https://www.ipotekabank.uz/products,0
http://uzpost-bank.ru/transfer,1
http://online-texagrobank.ru/payment/confirm,1
https://www.tsue.uz/category/news,0
http://online-uzcard.uz/cards/activate,1
http://ipakyulibank-pay.com/verify,1
https://www.science.org/main,0
http://ifninbank.org/auth,1
http://ipotekaban.co/cards/activate,1
http://official-aloqabank.org/kirish,1
https://youtube.com/cards,0
http://login-uzpost.co/banking/login,1
http://xalqbank-service.ru/login?next=%2Faccount,1
https://daryo.uz/category/services,0
https://www.parlament.uz/offers,0
http://online-agrobank.org/account/verify,1
https://ebay.com/support,0
https://epay.uz/main,0
http://aloqaban.org/cards/activate,1
http://t-exagrobank.kz/secure/login,1
https://sputniknews.uz/sitemap.xml,0
http://pochtabank-secure.com/auth,1
http://agrobank-login.kz/verify,1
http://asakabank-service.uz/login,1
http://agrobank-login.com/verify,1
https://zamin.uz/payments,0
http://i-nfinbank.io/verify,1
http://infinbank-login.org/payment/confirm,1
http://clickk.co/p?redirect=true,1
http://new-click.co/banking/login,1
http://kapitalbank.site/confirm,1
http://94.236.54.195:8080/ipotekabank/hisob,1
http://sq-b.io/transfer,1
http://nbutasdiqlash.com/login,1
http://uzpost-login.com/transfer,1
https://wix.com/notifications,0
http://texagroban.io/login,1
https://ijro.uz/ru,0
http://secure-aloqabank.org/account/verify,1
http://login-tbcbank.ru/secure/login,1
http://asakabank-online.net/transfer,1
http://zpost.ru/kirish,1
http://infi-nbank.ru/secure/login,1
https://visa.com/category/services,0
http://trast-bank.org/karta/faollashtirish,1
http://alqoabank.org/login?next=%2Faccount,1
http://official-hamkorbank.kz/kirish,1
http://payme-secure.ru/tolov,1
http://infi-nbank.co/login,1
http://4gr0b4nk.io/secure/login,1
https://zoom.us/notifications,0
https://uzinfocom.uz/settings,0
https://yandex.uz/messages,0
http://hakmorbank.io/secure/login,1
http://xa-lqbank.uz/kirish,1
http://kapitlbank.io/verify,1
https://zoom.us/main,0
https://www.mehnat.uz/history,0
http://pochtbank.ru/payment/confirm,1
http://infnibank.kz/transfer,1
http://te-xagrobank.uz/karta/faollashtirish,1
https://cloudflare.com/payments,0
http://ipotekabnk.kz/banking/login,1
https://zamin.uz/products,0
http://login.secure.account3.trastbank.uz.phish.com/auth,1
http://amkorbank.uz/login?next=%2Faccount,1
http://138.228.177.132:8080/aloqabank/hisob,1
https://www.prokuratura.uz/notifications,0
https://kommersant.uz/index.html,0
http://anorbank-net.kz/payment/confirm,1
http://infinank.kz/hisob,1
https://docs.python.org/dashboard,0
http://potekabank.net/kirish,1
https://ipotekabank.uz/home,0
https://www.tdiu.uz/dashboard,0
https://www.hamkorbank.uz/payments,0
http://tbcbank.click/account/verify,1
http://trastbnk.uz/verify,1
https://infinbank.uz/app,0
http://my-apelsin.org/p?redirect=true,1
https://prokuratura.uz/user/profile,0
http://real-sqb.org/transfer,1
https://bbc.com/notifications,0
https://www.yahoo.com/media,0
http://teagrobank.io/login,1
http://texagroba-nk.io/hisob,1
https://sqb.uz/docs,0
http://aloqabankk.uz/confirm,1
http://ano-rbank.org/cards/activate,1
https://customs.uz/media,0
http://verify-apelsin.org/payment/confirm,1
http://21.163.222.135:8080/humo/account/verify,1
http://aloqabak.net/verify,1
https://apple.com/wiki,0
https://slack.com/blog,0
http://ipakyulib-ank.uz/transfer,1
http://ap-elsin.ru/cards/activate,1
https://www.ijro.uz/products/list,0
http://oson-2024.io/auth,1
http://ipakyulibak.com/banking/login,1
http://uzcar-d.org/account/verify,1
http://texagorbank.kz/secure/login,1
http://vvoc7p2f96cxb9v.buzz/confirm,1
http://sqb-service.net/verify,1
http://txagrobank.uz/verify,1
http://ipotekabnk.ru/login,1
http://154.44.225.56/uzcard/verify,1
https://customs.uz/robots.txt,0
http://texagrob-ank.kz/login,1
https://www.pochtabank.uz/banking,0
https://www.humo.uz/products/list,0
https://tuit.uz/products,0
http://194.203.173.245:8080/sqb/confirm,1
https://soliq.uz/about-us,0
http://sqb-net.net/p?redirect=true,1
https://nytimes.com/privacy,0
http://verify-uzpost.net/login,1
http://alo-qabank.kz/auth,1
http://infinbank-pay.com/tolov,1
https://humans.uz/services,0
http://official-aloqabank.kz/transfer,1
https://www.netflix.com/ru/about,0
http://229.111.100.149/sqb/secure/login,1
http://asakabank-net.co/confirm,1
http://54.160.140.196:8080/agrobank/p?redirect=true,1
http://real-asakabank.kz/verify,1
https://www.agrobank.uz/transfer,0
http://apelsin.uz.payment-confirm.ru/login?next=%2Faccount,1
http://ipakyulibank.xyz/hisob,1
http://kaiptalbank.ru/confirm,1
http://texagrobank-card.io/p?redirect=true,1
http://infinabnk.uz/p?redirect=true,1
https://gazeta.uz/static/css/main.css,0
https://uzum.uz/logout,0
http://my-anorbank.net/karta/faollashtirish,1
https://prokuratura.uz/logout,0
https://nbu.uz/messages,0
https://docs.python.org/index.html,0
https://www.github.com/payments,0
http://ipkayulibank.ru/verify,1
http://secure-humo.net/payment/confirm,1
http://infinbank-net.net/kirish,1
https://uza.uz/api/v1/health,0
https://www.mdis.uz/app,0
https://www.kun.uz/user/profile,0
http://oso-n.com/banking/login,1
http://official-xalqbank.org/p?redirect=true,1
http://pchtabank.io/login?next=%2Faccount,1
https://humans.uz/transfer,0
https://www.tma.uz/wiki,0
http://my-trastbank.org/tolov,1
https://www.bibim.uz/ru,0
http://l8hs10t7rxtjn7ldh.site/verify,1
https://uza.uz/support,0
https://mf.uz/wiki,0
http://63.191.131.125/uzpost/kirish,1
http://alqabank.ru/tolov,1
http://tbcbank-kirish.com/payment/confirm,1
http://ipakyulibank-secure.io/hisob,1
https://sputniknews.uz/2024/,0
https://e-gov.uz/banking,0
https://forbes.com/app,0
https://mytaxi.uz/cards,0
http://47.211.183.34/asakabank/tolov,1
http://official-agrobank.co/hisob,1
https://paynet.uz/blog,0
http://agrobank-2024.uz/auth,1
http://ipakyuilbank.net/auth,1
http://pay-me.ru/payment/confirm,1
http://ifinbank.io/account/verify,1
http://login-tbcbank.net/login,1
http://aloqabank-login.uz/tolov,1
https://wordpress.com/security,0
https://apple.com/ru,0
http://xlqbank.kz/p?redirect=true,1
http://anorbank-login.ru/payment/confirm,1
http://44.96.9.15:8080/hamkorbank/payment/confirm,1
https://office.com/docs,0
http://alqbank.co/login,1
http://139.221.205.241:8080/pochtabank/banking/login,1
http://apel-sin.uz/transfer,1
https://ebay.com/register,0
https://tsue.uz/search,0
http://best-uzum.co/transfer,1
http://uz-card.net/confirm,1
https://bing.com/privacy,0
http://134.171.211.166/hamkorbank/payment/confirm,1
http://click-pay.com/banking/login,1
https://www.visa.com/docs,0
http://anorbankk.io/banking/login,1
http://verify-texagrobank.uz/transfer,1
http://apelsin-service.com/payment/confirm,1
https://www.my.gov.uz/security,0
https://theguardian.com/notifications,0
https://soliq.uz/2024/,0
http://iakyulibank.ru/hisob,1
http://hmo.com/login,1
http://asakabank-login.com/auth,1
http://paynet-pay.uz/tolov,1
https://anorbank.uz/uz,0
http://payme-pay.kz/cards/activate,1
https://facebook.com/wiki,0
http://secure-infinbank.kz/transfer,1
https://stripe.com/static/css/main.css,0
https://hub.docker.com/robots.txt,0
http://my-agrobank.ru/payment/confirm,1
http://trastban-k.io/tolov,1
https://www.trastbank.uz/index.html,0
https://apelsin.uz/about-us,0
http://verify-tbcbank.kz/transfer,1
http://garobank.io/hisob,1
http://119.95.108.217:8080/trastbank/login?next=%2Faccount,1
http://xalqbank-service.com/account/verify,1
http://trastbank-pay.org/transfer,1
https://www.docs.python.org/uz/hizmatlar,0
http://xalbank.co/confirm,1
https://netflix.com/uploads,0
https://daryo.uz/api,0
http://my-humo.uz/hisob,1
http://pochtaba-nk.com/transfer,1
http://trastbank-2024.net/banking/login,1
http://aloqabank-2024.io/payment/confirm,1
http://verify-ipakyulibank.kz/transfer,1
http://osonkirish.com/payment/confirm,1
https://uzcard.uz/2024/,0
https://instagram.com/wiki,0
https://www.yahoo.com/analytics,0
http://apelsi.ru/secure/login,1
http://anorbank.xyz/auth,1
https://ipakyulibank.uz/en,0
http://uzcard-2024.com/hisob,1
http://uzpostt.ru/confirm,1
https://nytimes.com/about,0
https://wix.com/home,0
http://tbcbank.cf/karta/faollashtirish,1
https://adobe.com/history,0
https://www.gov.uz/ru,0
https://tbcbank.uz/wiki,0
http://best-aloqabank.kz/auth,1
http://pochtabank-bank.io/account/verify,1
http://poch-tabank.com/payment/confirm,1
https://edu.uz/blog,0
https://www.texagrobank.uz/about-us,0
https://kubernetes.io/sitemap.xml,0
http://agrobank-confirm.com/secure/login,1
http://p-ayme.kz/transfer,1
https://www.office.com/category/services,0
http://agrobank-bank.co/hisob,1
https://tma.uz/privacy,0
https://facebook.com/media,0
https://ebay.com/en/services,0
http://hamkorbankk.io/login?next=%2Faccount,1
http://163.48.33.12/uzum/verify,1
http://asakabank-secure.org/login,1
http://real-humo.net/,1
http://xaqbank.org/banking/login,1
http://my-kapitalbank.co/p?redirect=true,1
http://trastbank-net.ru/hisob,1
http://aloqabank-uz.ru/payment/confirm,1
http://90.149.236.79/uzum/account/verify,1
https://aws.amazon.com/messages,0
https://oson.uz/uz/hizmatlar,0
https://www.cloud.google.com/report,0
https://dunyo.uz/ru,0
http://login-asakabank.ru:8080/login,1
http://my-paynet.com/kirish,1
https://google.com/,0
http://xaqlbank.com/transfer,1
https://bloomberg.com/security,0
http://xlaqbank.org:8080/login,1
http://kapitalank.io/account/verify,1
http://410q4b4nk.com/secure/login,1
https://uzinfocom.uz/uz,0
http://ipakyulibnk.net/banking/login,1
http://zuum.com/verify,1
http://poc-htabank.org/login,1
http://6bmla4qry3v.online/transfer,1
https://tuit.uz/settings,0
http://uzcard-xavfsiz.com/login,1
http://verify-apelsin.net/verify,1
https://uznet.uz/terms,0
https://texagrobank.uz/analytics,0
https://hub.docker.com/category/services,0
https://www.nytimes.com/privacy,0
http://my-xalqbank.uz/hisob,1
https://mytaxi.uz/messages,0
http://ipotekbank.uz/verify,1
http://nbu-login.ru/verify,1
http://uzm.org/login?next=%2Faccount,1
http://a-pelsin.ru/payment/confirm,1
http://gndjptoyubq7969e.ml/auth,1
https://apple.com/analytics,0
http://agroank.ru/banking/login,1
http://uzacrd.com/kirish,1
http://ipakyulibank-2024.kz/confirm,1
https://xb.uz/uz/hizmatlar,0
https://nbu.uz/ru/about,0
http://pochtabank-service.co/tolov,1
http://infin-bank.io/login,1
http://verify-uzum.ru/karta/faollashtirish,1
https://www.wix.com/terms,0
http://hamk-orbank.net/hisob,1
https://www.visa.com/,0
http://170.42.6.229/apelsin/verify,1
https://yoshlar.uz/register,0
http://uz-uzcard.net/verify,1
http://login-uzum.io/banking/login,1
http://rastbank.ru/banking/login,1
http://n-bu.co/login,1
http://hamkorbank-uz.co/payment/confirm,1
https://npmjs.com/index.html,0
http://p4ym3.ru/p?redirect=true,1
http://241.54.39.159/ipakyulibank/hisob,1
http://best-kapitalbank.io/confirm,1
http://4.130.189.53:8080/humo/account/verify,1
http://sqb-pay.org/account/verify,1
https://tbcbank.uz/products/list,0
http://kapitablank.uz/auth,1
http://sakabank.io/tolov,1
http://secure-ipakyulibank.org/p?redirect=true,1
http://agrobankk.io/banking/login,1
https://www.wordpress.com/wiki,0
https://www.aloqabank.uz/home,0
http://infinb-ank.co/banking/login,1
http://secure-paynet.ru/verify,1
http://0j3ikyqueskl0ej2agh.click/login?next=%2Faccount,1
http://verify.kapitalbank-uz.com/account/verify,1
http://secure-anorbank.io/secure/login,1
https://customs.uz/help,0
https://www.apple.com/docs,0
http://ipotekabank-secure.com/login?next=%2Faccount,1
http://uczard.com/login,1
http://xa-lqbank.kz/kirish,1
https://texagrobank.uz/api,0
https://www.parlament.uz/ru/about,0
http://nbu-bank.co/kirish,1
http://pelsin.io/confirm,1
https://uzum.uz/news,0
https://qalampir.uz/dashboard,0
http://ipot-ekabank.ru/payment/confirm,1
http://secure-texagrobank.com/login,1
http://real-uzpost.io/login?next=%2Faccount,1
http://texa-grobank.com/auth,1
https://www.humans.uz/banking,0
http://secure-trastbank.ru/banking/login,1
http://paynetpay.com/kirish,1
https://shopify.com/about-us,0
http://grobank.uz/confirm,1
https://samdu.uz/login,0
http://ipakyulib-ank.com/payment/confirm,1
https://microsoft.com/register,0
http://apelsin-secure.co/cards/activate,1
https://paynet.uz/sitemap.xml,0
https://bbc.com/download,0
http://236.222.41.244:8080/pochtabank/banking/login,1
http://login-kapitalbank.com/kirish,1
http://secure-aloqabank.net/account/verify,1
https://wsj.com/static/css/main.css,0
http://uzcard-card.org/secure/login,1
https://www.pochtabank.uz/ru/about,0
https://edu.uz/app,0
http://xalqbank-login.kz/karta/faollashtirish,1
http://168.62.162.48:8080/nbu/banking/login,1
http://hamorbank.com/p?redirect=true,1
http://real-trastbank.net/confirm,1
http://humo-service.ru/cards/activate,1
https://click.uz/privacy,0
http://nbu-net.org/cards/activate,1
https://tdiu.uz/search,0
https://www.prokuratura.uz/index.html,0
http://pochtabakn.io/confirm,1
http://verify-ipakyulibank.io/transfer,1
https://dunyo.uz/messages,0
http://hamkrbank.kz/payment/confirm,1
http://p-ayme.org/auth,1
https://uznet.uz/index.html,0
http://uczard.kz/tolov,1
https://adobe.com/products/list,0
https://www.pochta.uz/,0
http://uzu.kz/login,1
http://hum0.uz/p?redirect=true,1
https://shopify.com/wiki,0
https://yoshlar.uz/en/services,0
http://sq-b.org/account/verify,1
https://gov.uz/payments,0
http://aloqabank-card.com/transfer,1
http://trastbak.co/hisob,1
https://amazon.com/messages,0
http://online-nbu.ru/auth,1
http://login-asakabank.uz:8080/login,1
http://kapitalbank.buzz/secure/login,1
http://online-click.ru/tolov,1
http://i-potekabank.kz/confirm,1
http://ipakyulbank.co/kirish,1
http://secure-oson.io/p?redirect=true,1
http://anorbak.co/kirish,1
http://128.178.254.131/paynet/payment/confirm,1
https://stat.uz/sitemap.xml,0
https://instagram.com/api,0
http://pochtabank-online.com/karta/faollashtirish,1
http://bcbank.org/login?next=%2Faccount,1
http://uz-aloqabank.uz/tolov,1
http://son.kz/login?next=%2Faccount,1
https://uzum.uz/products/list,0
http://uzpost-card.io/transfer,1
https://wikipedia.org/profile,0
http://uzpsot.co/account/verify,1
http://anorbank-xavfsiz.com/payment/confirm,1
http://ipakyulib-ank.io/account/verify,1
https://ijro.uz/en,0
https://www.pochtabank.uz/media,0
https://wikipedia.org/uz/hizmatlar,0
https://tsue.uz/api,0
https://interfax.uz/messages,0
http://texagrobnk.uz/cards/activate,1
https://forbes.com/logout,0
https://agrobank.uz/,0
https://interfax.uz/category/news,0
http://uzcrd.uz/transfer,1
http://new-infinbank.com/account/verify,1
http://uzu.com/confirm,1
http://hum0.com/p?redirect=true,1
http://tbcbank-login.org/login?next=%2Faccount,1
http://iptekabank.io/confirm,1
http://ipotekab-ank.kz/p?redirect=true,1
http://trastbnk.io/karta/faollashtirish,1
http://165.163.164.27/trastbank/confirm,1
http://uzum-uz.ru/secure/login,1
http://apelsin-secure.io/account/verify,1
http://tex-agrobank.com/payment/confirm,1
https://azure.microsoft.com/uz/hizmatlar,0
http://humo-bank.io/karta/faollashtirish,1
http://sakabank.com/payment/confirm,1
http://kapitalbank.tk/banking/login,1
http://pay-ipotekabank.uz/kirish,1
http://real-payme.co/login,1
https://tdiu.uz/products/list,0
https://www.xs.uz/report,0
http://pakyulibank.kz/login,1
https://click.uz/en,0
https://developer.mozilla.org/register,0
http://pcohtabank.net/karta/faollashtirish,1
http://uz-agrobank.co/auth,1
http://anorbank-service.org/p?redirect=true,1
http://payme-online.com/p?redirect=true,1
http://ipakyluibank.co/tolov,1
https://www.bbc.com/news,0
https://www.outlook.com/news,0
https://texagrobank.uz/ru/about,0
http://verify-pochtabank.kz/transfer,1
https://ijro.uz/terms,0
https://uzinfocom.uz/en,0
http://trastbank-online.ru/verify,1
https://youtube.com/app,0
http://humo-bank.io/login?next=%2Faccount,1
http://pa29mff0gbvp8fkqbjrw.click/login?next=%2Faccount,1
http://texargobank.io/payment/confirm,1
https://ijro.uz/security,0
http://ipakyulibank.site/cards/activate,1
http://lcick.com/verify,1
http://pochtabankkirish.com/banking/login,1
http://best-pochtabank.uz/tolov,1
http://ipakulibank.ru/kirish,1
http://3.78.65.117:8080/agrobank/login,1
https://tdiu.uz/security,0
http://pochtaba-nk.co/login,1
https://www.youtube.com/security,0
http://aloqabank-bank.com/login?next=%2Faccount,1
http://verify-payme.co/p?redirect=true,1
http://real-ipotekabank.kz/auth,1
http://agobank.ru/login,1
https://oson.uz/contact,0
http://texagrobankk.com/p?redirect=true,1
https://uzum.uz/robots.txt,0
http://ipotekabank-uz.org/banking/login,1
http://trastb-ank.io/tolov,1
http://110.48.151.38:8080/sqb/transfer,1
http://kaptalbank.io/hisob,1
http://anorbnak.io/login?next=%2Faccount,1
http://fmtwjubi0e.site/confirm,1
https://www.npmjs.com/contact,0
https://ipakyulibank.uz/messages,0
http://secure-texagrobank.uz/transfer,1
http://aloqaank.kz/tolov,1
https://www.zamin.uz/profile,0
http://231.222.77.81:8080/humo/secure/login,1
https://humo.uz/payments,0
https://gazeta.uz/support,0
http://paynt.org/tolov,1
http://pochtabankk.uz/tolov,1
https://spot.uz/download,0
http://aloqabank-bank.com/karta/faollashtirish,1
http://uzpost.buzz/p?redirect=true,1
https://www.kubernetes.io/logout,0
http://sbq.org/kirish,1
http://tbbcank.io/kirish,1
http://ham-korbank.com/secure/login,1
http://xalqbankpay.com/hisob,1
http://paynetverify.com/cards/activate,1
http://piakyulibank.kz/banking/login,1
http://pochtabank-service.net/account/verify,1
http://143.105.172.138:8080/anorbank/secure/login,1
http://real-ipakyulibank.ru/account/verify,1
http://uzmu.kz/hisob,1
http://183.16.245.213:8080/texagrobank/confirm,1
https://www.nbu.uz/2024/,0
http://payme-2024.kz/login,1
https://nuu.uz/category/services,0
http://xa-lqbank.io/kirish,1
https://wix.com/products,0
http://hamkorabnk.net/login?next=%2Faccount,1
http://206.200.130.199:8080/sqb/verify,1
http://asaabank.co/kirish,1
http://anorbank-uz.uz/tolov,1
https://bloomberg.com/home,0
https://sqb.uz/sitemap.xml,0
http://axlqbank.net/confirm,1
https://tma.uz/products/list,0
https://www.ijro.uz/api,0
https://zoom.us/products,0
https://spot.uz/messages,0
http://paynett.kz/banking/login,1
https://amazon.com/download,0
http://paynet-pay.co/account/verify,1
https://hamkorbank.uz@malicious006.com/login,1
https://aws.amazon.com/privacy,0
https://reddit.com/security,0
http://zum.ru/p?redirect=true,1
http://asakabank-bank.com/verify,1
http://new-sqb.kz/banking/login,1
http://130.227.160.115/anorbank/account/verify,1
http://106.41.20.212/tbcbank/account/verify,1
http://hamkorbanksecure.com/karta/faollashtirish,1
http://apyme.io/account/verify,1
https://instagram.com/en,0
https://www.ebay.com/news,0
http://uzcard-pay.kz/auth,1
http://infinbank-login.net/verify,1
http://click-secure.ru/banking/login,1
https://epay.uz/category/news,0
https://gov.uz/banking,0
http://pohctabank.net/login?next=%2Faccount,1
http://rdm8zph9fc69q0pung.buzz/login,1
https://yandex.uz/api/v1/health,0
http://agroban-k.com/verify,1
http://humo-net.ru/login?next=%2Faccount,1
https://www.nytimes.com/terms,0
https://humans.uz/contact,0
https://mytaxi.uz/analytics,0
http://hamkorbank-pay.co/payment/confirm,1
http://paye.co/login,1
http://uuzm.co/login?next=%2Faccount,1
https://cnn.com/api/v1/health,0
http://piotekabank.ru/tolov,1
http://pay-me.io/transfer,1
http://hakmorbank.uz/transfer,1
http://4p3151n.co/p?redirect=true,1
http://pyme.com/banking/login,1
https://humo.uz/messages,0
https://nature.com/sitemap.xml,0
https://hamkorbank.uz/search,0
http://uzumm.com/account/verify,1
http://online-xalqbank.io/confirm,1
https://www.bbc.com/report,0
http://pochtaank.com/kirish,1
http://49.204.31.12:8080/ipakyulibank/verify,1
http://ipakyulibank-secure.io/transfer,1
http://xalqbank.uz@malicious014.com/kirish,1
http://cli-ck.co/kirish,1
https://wordpress.com/cards,0
http://oso.uz/karta/faollashtirish,1
http://hamkorbak.io/login?next=%2Faccount,1
http://verify-infinbank.uz/banking/login,1
https://www.daryo.uz/user/profile,0
http://clcik.org/kirish,1
https://www.sqb.uz/ru,0
http://paymee.org/login?next=%2Faccount,1
https://soliq.uz/download,0
http://qnxzqfs3wap6xxp5i97.tk/auth,1
http://kapitalbank-secure.org/secure/login,1
http://apels-in.io/confirm,1
http://agrobank-verify.com/hisob,1
http://hamkorbnk.uz/p?redirect=true,1
http://sqbb.io/login?next=%2Faccount,1
https://zamin.uz/offers,0
http://texagrobank.uz@malicious004.com/kirish,1
http://agroban.kz/banking/login,1
http://sqb-service.org/hisob,1
https://bloomberg.com/profile,0
http://lick.com/verify,1
http://click-uz.com/cards/activate,1
https://docs.python.org/logout,0
http://verify-click.org/account/verify,1
http://apelin.co/login,1
http://best-asakabank.org/account/verify,1
http://uzpost-pay.kz/cards/activate,1
https://www.mastercard.com/mobile,0
http://pa-ynet.kz/cards/activate,1
https://cnn.com/privacy,0
http://kapital-bank.net/transfer,1
http://anorbankk.org/hisob,1
https://www.sog-liqni-saqlash.uz/transfer,0
https://twitter.com/products/list,0
http://aloqa-bank.co/karta/faollashtirish,1
http://ipak-yulibank.com/cards/activate,1
http://asakabank-uz.co/cards/activate,1
https://developer.mozilla.org/docs,0
http://official-oson.com/verify,1
https://www.license.uz/about-us,0
https://developer.mozilla.org/dashboard,0
http://apeslin.net:8443/login,1
http://asakbaank.org/account/verify,1
https://instagram.com/contact,0
http://uzc4rd.ru/tolov,1
http://kpitalbank.net/login?next=%2Faccount,1
http://anorbnk.kz/transfer,1
http://ipotekabank-pay.io/account/verify,1
http://clck.co/account/verify,1
http://aloqabank-service.co/karta/faollashtirish,1
https://www.daryo.uz/settings,0
http://ipoekabank.net/verify,1
https://license.uz/services,0
https://daryo.uz/cards,0
http://click-uz.uz/payment/confirm,1
http://f3k8hpklyy55.cf/secure/login,1
http://pyme.co/cards/activate,1
http://ato45mptbgz7dc3j7gko9.ga/verify,1
http://paynet.top/verify,1
http://verify.agrobank-uz.com/p?redirect=true,1
https://mehnat.uz/profile,0
https://www.customs.uz/download,0
http://aloqabank-net.uz/confirm,1
https://www.economist.com/payments,0
https://license.uz/support,0
https://docs.python.org/category/news,0
http://online-pochtabank.net/payment/confirm,1
https://oson.uz/ru/about,0
http://oson-bank.com/payment/confirm,1
http://uzpost-online.ru/cards/activate,1
https://stackoverflow.com/dashboard,0
https://kubernetes.io/category/services,0
http://uzp05t.io/cards/activate,1
http://payme-uz.co/karta/faollashtirish,1
https://uzum.uz/user/profile,0
http://hamkorbank.info/payment/confirm,1
https://github.com/about,0
http://verify-anorbank.net/karta/faollashtirish,1
http://payme-bank.io/verify,1
https://developer.mozilla.org/uz,0
http://upost.kz/confirm,1
http://uhmo.kz/verify,1
http://hamkorbakn.com/tolov,1
http://454k4b4nk.com/payment/confirm,1
https://outlook.com/profile,0
https://gazeta.uz/products,0
https://github.com/category/news,0
http://uz-uzcard.com/secure/login,1
http://uzpots.uz/p?redirect=true,1
https://podrobno.uz/ru/about,0
http://xalqban-k.org/verify,1
http://nbu.info/secure/login,1
http://infinbnak.com/kirish,1
http://hamkorban-k.com/p?redirect=true,1
http://243.203.106.37/humo/account/verify,1
http://texagrobankaccount.com/login,1
http://234.57.22.80:8080/hamkorbank/confirm,1
http://clikc.com/banking/login,1
https://bloomberg.com/docs,0
https://google.com/report,0
https://nature.com/profile,0
http://hamkorbank-net.org/auth,1
http://3qx8cid3yosrebknkv25u.gq/hisob,1
http://177.173.38.9/xalqbank/auth,1
http://uz-card.uz/login,1
http://ipakyulibnak.kz/transfer,1
http://u-zpost.kz/secure/login,1
https://sqb.uz/cards,0
http://xalq-bank.net/p?redirect=true,1
http://ipayulibank.ru/karta/faollashtirish,1
http://anorbank-service.uz/tolov,1
http://aloqaank.com/login?next=%2Faccount,1
http://clic.uz/karta/faollashtirish,1
http://kaiptalbank.org/karta/faollashtirish,1
http://ipakyulbank.io/banking/login,1
https://www.yahoo.com/messages,0
http://ipakyulibnak.com/login?next=%2Faccount,1
http://uz-tbcbank.io/tolov,1
https://www.reuters.com/analytics,0
http://agrbank.org/banking/login,1
http://my-humo.uz/auth,1
http://bnu.io/verify,1
https://texagrobank.uz/main,0
http://verify-agrobank.ru/confirm,1
https://uzcard.uz/sitemap.xml,0
http://uzum.ml/tolov,1
https://www.anorbank.uz/news,0
http://uz-anorbank.io/kirish,1
https://www.wix.com/,0
https://google.com/analytics,0
http://h4mk0rb4nk.co/cards/activate,1
http://tbcba-nk.com/secure/login,1
https://www.epay.uz/en,0
https://daryo.uz/api/v1/health,0
http://oson-secure.net/kirish,1
http://xalqbank-service.com/login,1
http://uzpostaccount.com/tolov,1
https://trastbank.uz/offers,0
http://best-kapitalbank.kz/login,1
http://sqb-secure.kz/hisob,1
https://uzum.uz/notifications,0
http://ipakyuibank.org/hisob,1
http://159.151.160.112:8080/uzcard/login?next=%2Faccount,1
http://110.14.190.79:8080/hamkorbank/tolov,1
http://9.72.107.233/oson/secure/login,1
https://mastercard.com/uploads,0
http://aloqabank-online.co/auth,1
http://infinank.uz/account/verify,1
http://uzost.ru/auth,1
https://stackoverflow.com/media,0
http://uzum-pay.net/login?next=%2Faccount,1
http://cick.ru/tolov,1
https://uza.uz/analytics,0
https://developer.mozilla.org/category/news,0
https://anorbank.uz/analytics,0
http://ipotekabank-login.co/banking/login,1
http://agrobank-uz.net/tolov,1
http://my-hamkorbank.co/tolov,1
http://ipakyulibank-2024.uz/confirm,1
https://netflix.com/services,0
http://ipaky-ulibank.net/kirish,1
http://nbu-uz.com/account/verify,1
https://www.customs.uz/contact,0
http://paynet-login.org/tolov,1
https://www.bing.com/products/list,0
https://dunyo.uz/support,0
http://nub.io/p?redirect=true,1
https://www.tdiu.uz/history,0
http://nbuu.co/kirish,1
http://online-sqb.ru/verify,1
http://verify-oson.kz/secure/login,1
http://asakabnk.net/login,1
http://payem.org/verify,1
http://texagrobank-login.uz/account/verify,1
https://www.yandex.uz/category/news,0
http://pyme.ru/transfer,1
https://www.kapitalbank.uz/media,0
http://secure-hamkorbank.uz.phish.xyz/p?redirect=true,1
http://kapitalbnk.co/hisob,1
https://www.edu.uz/mobile,0
http://sakabank.uz/p?redirect=true,1
http://my-aloqabank.io/auth,1
http://uz-uzum.org/account/verify,1
https://amazon.com/about,0
http://nbu-service.net/hisob,1
http://opchtabank.ru/cards/activate,1
http://trastbank-net.co/confirm,1
http://real-payme.io/tolov,1
http://anorba-nk.org/payment/confirm,1
http://payme-net.net/p?redirect=true,1
https://www.oson.uz/en,0
http://aloqabank-2024.kz/hisob,1
http://clic-k.ru/transfer,1
http://k-apitalbank.ru/tolov,1
http://infinbank-card.com/kirish,1
https://cloud.google.com/privacy,0
http://clik.ru/login,1
https://www.forbes.com/security,0
https://gov.uz/api/v1/health,0
http://uzc4rd.ru/account/verify,1
http://verify-uzcard.net/account/verify,1
http://152.219.121.162:8080/paynet/transfer,1
http://lick.net/banking/login,1
http://pa-yme.io/secure/login,1
http://trastbank-net.ru/p?redirect=true,1
https://www.stackoverflow.com/mobile,0
http://hamkorbank.click/kirish,1
http://xalqbakn.ru/account/verify,1
http://login.secure.account2.infinbank.uz.phish.com/auth,1
http://agorbank.co/tolov,1
http://pay-me.net/verify,1
http://online-oson.co/auth,1
https://asakabank.uz/about,0
https://samdu.uz/main,0
https://sog-liqni-saqlash.uz/faq,0
https://science.org/search,0
http://uzcard-login.ru/transfer,1
http://ipoteabank.org/secure/login,1
https://sputniknews.uz/security,0
https://mehnat.uz/uz/hizmatlar,0
http://login-tbcbank.ru/login,1
http://nbu-bank.org/cards/activate,1
http://454k4b4nk.kz/auth,1
http://texa-grobank.org/banking/login,1
http://zupost.com/confirm,1
https://payme.uz/payments,0
https://e-gov.uz/products,0
http://xalqban.ru/cards/activate,1
https://pochtabank.uz@malicious006.com/login,1
https://ipotekabank.uz/mobile,0
https://yoshlar.uz/api,0
https://www.my.gov.uz/ru,0
http://hamkrbank.net/tolov,1
https://paynet.uz/terms,0
http://anorban.uz/karta/faollashtirish,1
https://www.parlament.uz/products,0
https://www.apelsin.uz/products/list,0
http://132.239.101.181:8080/texagrobank/auth,1
https://cnn.com/payments,0
http://txeagrobank.org/auth,1
http://trastb-ank.uz/account/verify,1
http://click-net.co/login,1
http://uzopst.uz/banking/login,1
http://official-aloqabank.org/tolov,1
http://texagrobank-service.org/kirish,1
http://uzcard-card.kz/verify,1
http://ipotekabnak.io/banking/login,1
http://txeagrobank.co/auth,1
http://akpitalbank.com/login,1
https://www.infinbank.uz/about,0
http://41.92.12.243/asakabank/p?redirect=true,1
https://uza.uz/news,0
http://xalqbakn.co/kirish,1
http://txagrobank.uz/hisob,1
http://agrobank-uz.io/secure/login,1
http://pay-net.org/tolov,1
http://humo-net.kz/karta/faollashtirish,1
http://new-sqb.org/kirish,1
http://texagrbank.org/auth,1
http://infi-nbank.com/cards/activate,1
http://apelsin-bank.com/kirish,1
http://ipakyulibank-uz.kz/auth,1
https://humo.uz/contact,0
http://244.8.206.128/humo/login,1
http://trastban.net/cards/activate,1
http://204.86.217.19:8080/humo/banking/login,1
https://ebay.com/download,0
https://aloqabank.uz/payments,0
http://aynet.org/transfer,1
http://texagro-bank.kz/cards/activate,1
http://uzpost-bank.io/karta/faollashtirish,1
http://sqb.uz.account-verify.net/login?next=%2Faccount,1
https://customs.uz/download,0
http://kapitalbank-uz.org/kirish,1
http://ipotekabnk.net/hisob,1
http://pchtabank.org/secure/login,1
http://pochtab-ank.kz/karta/faollashtirish,1
http://infinbnk.uz/p?redirect=true,1
http://uzpost-secure.com/account/verify,1
http://agrobankk.com/cards/activate,1
http://uzp05t.ru/login,1
http://pohctabank.org/payment/confirm,1
https://edu.uz/uploads,0
https://wsj.com/robots.txt,0
https://economist.com/en,0
http://texagrobankk.net/karta/faollashtirish,1
https://kommersant.uz/banking,0
http://wknpoumu4ygoh.online/payment/confirm,1
http://kapitalbank-card.net/banking/login,1
http://trastbnak.com/payment/confirm,1
http://oson-card.io/hisob,1
https://uzum.uz/static/css/main.css,0
http://tbcbak.kz/secure/login,1
http://uzpsot.org/p?redirect=true,1
http://sqb-pay.co/hisob,1
https://zamin.uz/banking,0
http://poctabank.uz/verify,1
https://www.ipotekabank.uz/en/services,0
http://asakabnak.kz/tolov,1
https://qalampir.uz/settings,0
https://www.reddit.com/uz,0
http://kapitalb-ank.co/confirm,1
http://asakabank-login.uz/,1
https://uzb.uz/services,0
http://t-bcbank.net/banking/login,1
https://asakabank.uz/robots.txt,0
http://aloqabank-card.co/account/verify,1
https://soliq.uz/transfer,0
http://xlaqbank.kz:3000/login,1
https://dropbox.com/analytics,0
https://dropbox.com/about-us,0
http://ipkyulibank.co/account/verify,1
https://www.daryo.uz/about,0
http://xalqabnk.net/karta/faollashtirish,1
https://www.wsj.com/faq,0
https://nbu.uz/logout,0
https://twitter.com/dashboard,0
http://tbbank.com/verify,1
http://uz-pochtabank.io/hisob,1
http://apel-sin.org/p?redirect=true,1
http://iptekabank.org/login,1
https://e-gov.uz/category/services,0
http://a-loqabank.kz/account/verify,1
http://tr45tb4nk.org/transfer,1
https://www.microsoft.com/security,0
http://asakab-ank.ru/cards/activate,1
http://hamkorba-nk.net/p?redirect=true,1
https://www.sqb.uz/news,0
https://www.science.org/cards,0
https://nature.com/search,0
http://uzard.ru/p?redirect=true,1
http://uzum-login.kz/verify,1
https://apple.com/products,0
http://uzpost.ga/login,1
https://hub.docker.com/contact,0
http://uzpost-pay.kz/account/verify,1
http://xaqbank.net/login?next=%2Faccount,1
http://aoqabank.uz/account/verify,1
http://208.201.205.30:8080/hamkorbank/login?next=%2Faccount,1
http://best-trastbank.kz/p?redirect=true,1
https://kun.uz/support,0
http://real-tbcbank.uz/payment/confirm,1
http://asakabank-bank.uz/tolov,1
http://a-sakabank.org/secure/login,1
http://aelsin.uz/p?redirect=true,1
http://xalqbank-uz.io/transfer,1
http://official-uzum.kz/auth,1
https://www.twitter.com/media,0
http://uzum-online.org/cards/activate,1
https://pochtabank.uz/category/services,0
https://www.mf.uz/history,0
https://wordpress.com/category/services,0
https://www.tbcbank.uz/sitemap.xml,0
https://my.gov.uz/uz/hizmatlar,0
http://hamk-orbank.kz/secure/login,1
https://nytimes.com/app,0
https://wordpress.com/settings,0
http://23.158.213.45:8080/nbu/tolov,1
https://stripe.com/cards,0
https://www.youtube.com/docs,0
http://uzcard-net.kz/banking/login,1
http://osn.com/confirm,1
http://agorbank.io/cards/activate,1
http://texagroabnk.io/tolov,1
http://verify-uzum.org/payment/confirm,1
https://kun.uz/products,0
http://ipa-kyulibank.com/verify,1
http://ipotekabank-card.ru/kirish,1
http://a-norbank.org/account/verify,1
http://my-uzum.uz/auth,1
http://xalqbank-secure.org/verify,1
http://apelsin-net.net/login?next=%2Faccount,1
https://www.reuters.com/home,0
http://tbcbank-service.kz/payment/confirm,1
http://uz-click.kz/hisob,1
http://click-uz.ru/verify,1
https://ijro.uz/news,0
http://tbcbank-login.com/tolov,1
https://hub.docker.com/ru/about,0
http://secure-tbcbank.ru/secure/login,1
https://wordpress.com/2024/,0
http://btcbank.co/login?next=%2Faccount,1
https://youtube.com/dashboard,0
https://www.soliq.uz/category/news,0
http://158.69.5.157:8080/ipotekabank/tolov,1
https://www.wikipedia.org/notifications,0
https://interfax.uz/services,0
http://uzpots.co/login?next=%2Faccount,1
http://tbcbank.ga/p?redirect=true,1
https://www.ebay.com/profile,0
https://www.theguardian.com/register,0
http://anorbank-net.kz/login,1
https://paynet.uz/wiki,0
https://www.outlook.com/api/v1/health,0
http://ipakyulibank-card.kz/karta/faollashtirish,1
http://kapitablank.io/p?redirect=true,1
http://uzcard-secure.co/confirm,1
http://176.146.54.20:8080/xalqbank/banking/login,1
https://humo.uz/about-us,0
https://uzinfocom.uz/media,0
http://best-kapitalbank.io/cards/activate,1
http://tbcbank.uz@malicious006.com/kirish,1
https://tsue.uz/terms,0
http://paymee.ru/transfer,1
https://www.pochtabank.uz/blog,0
http://secure-apelsin.com/kirish,1
https://office.com/search,0
http://verify-tbcbank.ru/login?next=%2Faccount,1
http://tbcbank-service.io/hisob,1
https://humo.uz/faq,0
http://138.240.204.88:8080/oson/secure/login,1
https://developer.mozilla.org/uploads,0
http://h4mk0rb4nk.kz/tolov,1
http://aloqabakn.uz/karta/faollashtirish,1
http://my-uzpost.uz/login?next=%2Faccount,1
http://etxagrobank.kz/verify,1
https://theguardian.com/uz/hizmatlar,0
https://mastercard.com/security,0
https://www.aws.amazon.com/api/v1/health,0
http://anrbank.org/auth,1
http://aloqabnak.co/p?redirect=true,1
http://kirish-ipakyulibank.uz/cards/activate,1
https://nbu.uz/uz/hizmatlar,0
http://clikc.uz/kirish,1
https://nuu.uz/user/profile,0
http://texagr-obank.kz/login?next=%2Faccount,1
http://asaka-bank.net/verify,1
http://133.84.160.102:8080/tbcbank/tolov,1
http://my-sqb.kz/auth,1
http://humo-login.com/payment/confirm,1
https://amazon.com/faq,0
http://paynet-card.org/auth,1
https://npmjs.com/main,0
http://ipakyulibakn.io/p?redirect=true,1
http://h-amkorbank.co/tolov,1
https://mehnat.uz/about,0
http://xalqbank.xyz/auth,1
http://i-potekabank.com/auth,1
http://ipakylibank.kz/p?redirect=true,1
http://agroban.uz/confirm,1
http://aloqabank.uz@malicious011.com/kirish,1
http://pay-uzpost.uz/confirm,1
http://aloq-abank.io/login,1
http://online-pochtabank.ru/p?redirect=true,1
http://alo-qabank.net/account/verify,1
http://online-uzum.net/confirm,1
https://prokuratura.uz/category/news,0
https://yandex.uz/main,0
https://wordpress.com/media,0
http://nb-u.org/kirish,1
http://pocht-abank.com/cards/activate,1
https://tdiu.uz/download,0
http://click-card.uz/login?next=%2Faccount,1
http://p4ym3.co/payment/confirm,1
http://anorbak.io/tolov,1
http://tex-agrobank.com/transfer,1
http://4gr0b4nk.ru/login,1
https://bibim.uz/api/v1/health,0
https://www.mdis.uz/uz,0
http://kapiatlbank.kz/hisob,1
http://hamko-rbank.ru/auth,1
https://stat.uz/terms,0
http://ipotekabak.kz/payment/confirm,1
http://verify-asakabank.uz/login?next=%2Faccount,1
http://iakyulibank.org/banking/login,1
http://verify-humo.com/login?next=%2Faccount,1
http://official-trastbank.co/payment/confirm,1
https://pochtabank.uz/2024/,0
https://kun.uz/mobile,0
http://kpaitalbank.kz/kirish,1
http://kapitalabnk.uz/payment/confirm,1
https://www.kommersant.uz/register,0
http://103.161.119.223/pochtabank/transfer,1
http://ipotekabankxavfsiz.com/transfer,1
http://oon.uz/p?redirect=true,1
http://bcbank.org/cards/activate,1
https://www.uzcard.uz/app,0
http://an-orbank.net/verify,1
https://stat.uz/robots.txt,0
http://texag-robank.net/confirm,1
http://new-texagrobank.kz/transfer,1
https://www.wikipedia.org/products,0
http://9cnaviqed87a40i8svet4.ga/confirm,1
http://best-hamkorbank.net/p?redirect=true,1
https://www.mehnat.uz/blog,0
http://apelsin-secure.uz/cards/activate,1
http://tbcbank-2024.com/login?next=%2Faccount,1
https://uza.uz/notifications,0
https://podrobno.uz/wiki,0
http://sqb-online.io/auth,1
http://kapitalbank-online.uz/hisob,1
https://paypal.com/blog,0
https://www.dropbox.com/ru/about,0
http://uzpsot.ru/karta/faollashtirish,1
http://login-apelsin.ru/payment/confirm,1
http://hamkorbanktasdiqlash.com/auth,1
https://stripe.com/offers,0
http://ap-elsin.com/verify,1
https://soliq.uz/contact,0
https://www.dunyo.uz/uploads,0
http://agrobankk.com/banking/login,1
http://apesin.co/cards/activate,1
http://infibank.io/transfer,1
https://soliq.uz/products/list,0
https://sputniknews.uz/support,0
http://umo.uz/cards/activate,1
http://pynet.ru/account/verify,1
https://uzcard.uz/en/services,0
http://kapitalbank-login.uz/p?redirect=true,1
http://paynet-login.co/banking/login,1
https://www.shopify.com/api,0
http://108.48.142.234:8080/uzpost/login?next=%2Faccount,1
http://uzcard-pay.net/secure/login,1
https://developer.mozilla.org/sitemap.xml,0
https://www.sputniknews.uz/services,0
http://click-net.ru/auth,1
https://npmjs.com/app,0
http://hamkorbank-uz.uz/account/verify,1
https://sog-liqni-saqlash.uz/history,0
http://xlaqbank.ru/,1
http://uzcard-uz.co/login,1
http://xalqank.org/karta/faollashtirish,1
https://reddit.com/index.html,0
https://www.nature.com/faq,0
https://forbes.com/en,0
http://payet.co/auth,1
https://www.stripe.com/offers,0
https://dropbox.com/settings,0
https://www.nbu.uz/dashboard,0
http://pakyulibank.kz/transfer,1
https://edu.uz/offers,0
http://242.54.136.57/agrobank/account/verify,1
https://humo.uz/index.html,0
http://verify-payme.com/p?redirect=true,1
http://secure-tbcbank.net/karta/faollashtirish,1
https://youtube.com/analytics,0
http://infinbank-bank.ru/hisob,1
http://os-on.com/payment/confirm,1
https://www.uzum.uz/dashboard,0
https://outlook.com/ru/about,0
https://www.humans.uz/user/profile,0
http://official-hamkorbank.io/confirm,1
http://rastbank.io/banking/login,1
https://humans.uz/,0
https://prokuratura.uz/blog,0
http://uzum-pay.co/transfer,1
http://ipoetkabank.ru/payment/confirm,1
http://iptekabank.net/login?next=%2Faccount,1
http://ipakyulibank-pay.io/kirish,1
http://hamkobrank.io/cards/activate,1
https://office.com/static/css/main.css,0
http://anobrank.net/login?next=%2Faccount,1
https://www.aws.amazon.com/search,0
http://56.86.138.197:8080/humo/cards/activate,1
http://agr-obank.co/banking/login,1
http://uzpost-online.ru/karta/faollashtirish,1
http://trsatbank.kz/payment/confirm,1
http://anobrank.kz/login,1
http://kapitalbnk.net/login?next=%2Faccount,1
http://infinbankk.uz/hisob,1
https://www.tma.uz/login,0
http://27.95.228.1/uzpost/p?redirect=true,1
https://payme.uz/settings,0
https://uznet.uz/category/news,0
http://sqb-service.uz/account/verify,1
http://tbcbnak.uz/karta/faollashtirish,1
http://ipotek-abank.io/secure/login,1
https://interfax.uz/dashboard,0
https://xs.uz/app,0
https://bing.com/login,0
http://online-uzpost.kz/verify,1
http://login-ipakyulibank.ru/cards/activate,1
https://wsj.com/messages,0
https://ipakyulibank.uz/register,0
http://texagrobank-online.com/p?redirect=true,1
http://uz-uzpost.net/secure/login,1
http://verify-paynet.ru/payment/confirm,1
http://anorbank-service.io/login?next=%2Faccount,1
http://oosn.com/confirm,1
http://asakabank-bank.co/banking/login,1
http://t3x4gr0b4nk.net/login,1
https://aws.amazon.com/uz/hizmatlar,0
http://apelsin-uz.uz/login?next=%2Faccount,1
http://trastbank-bank.kz/karta/faollashtirish,1
http://xlaqbank.kz/,1
https://shopify.com/news,0
https://gazeta.uz/services,0
http://0s8mvgbmeo.ga/transfer,1
http://sqb-online.uz/cards/activate,1
https://www.docs.python.org/,0
http://1nf1nb4nk.co/kirish,1
http://179.121.155.85:8080/pochtabank/verify,1
http://saakabank.net/auth,1
https://slack.com/app,0
https://texagrobank.uz@malicious004.com/login,1
https://paypal.com/user/profile,0
https://wikipedia.org/payments,0
https://www.ebay.com/uz,0
http://real-kapitalbank.org/verify,1
https://www.uzum.uz/profile,0
http://infinbankk.kz/account/verify,1
http://1p4kyu11b4nk.kz/verify,1
http://alo-qabank.net/banking/login,1
http://uzca-rd.uz/kirish,1
https://xs.uz/contact,0
http://kaitalbank.net/p?redirect=true,1
http://iptoekabank.org/confirm,1
https://visa.com/user/profile,0
http://apeslin.io/login,1
https://www.bloomberg.com/offers,0
http://tbcbank-bank.uz/confirm,1
http://hamk-orbank.net/tolov,1
https://linkedin.com/docs,0
http://texgarobank.ru/kirish,1
https://xb.uz/mobile,0
http://ipotekabank-secure.uz/confirm,1
http://agroban-k.co/login,1
https://reuters.com/uz,0
https://pharmi.uz/en/services,0
http://x41qb4nk.io/transfer,1
https://stripe.com/settings,0
https://humans.uz/banking,0
https://anorbank.uz@malicious003.com/login,1
https://www.slack.com/2024/,0
http://anor-bank.co/confirm,1
https://aloqabank.uz/download,0
http://sqb.top/tolov,1
http://ipoetkabank.kz/tolov,1
http://hamkorba-nk.uz/auth,1
http://aloaqbank.kz/transfer,1
http://oon.kz/payment/confirm,1
http://ipotekabnk.ru/p?redirect=true,1
http://paynt.com/login,1
https://www.infinbank.uz/register,0
https://nuu.uz/,0
http://real-tbcbank.net/verify,1
http://infinabnk.io/payment/confirm,1
http://hamkorbank-net.ru/cards/activate,1
http://pcohtabank.ru/secure/login,1
https://youtube.com/news,0
http://ip-otekabank.com/tolov,1
http://best-uzpost.net/transfer,1
http://trastbakn.ru/hisob,1
https://npmjs.com/history,0
https://podrobno.uz/main,0
http://160.125.137.57:8080/uzcard/hisob,1
https://tbcbank.uz/products,0
https://instagram.com/uploads,0
https://wikipedia.org/search,0
https://yandex.uz/products,0
https://slack.com/en/services,0
http://login-click.uz/login?next=%2Faccount,1
https://nuu.uz/notifications,0
http://hamkorb-ank.net/confirm,1
https://sqb.uz/news,0
http://4p3151n.org/confirm,1
http://asakabank-service.kz/karta/faollashtirish,1
https://uzcard.uz/dashboard,0
https://www.wordpress.com/ru/about,0
http://verify.tbcbank-uz.com/auth,1
http://new-ipotekabank.com/verify,1
http://texagrobank-secure.ru/p?redirect=true,1
https://docs.python.org/support,0
http://aloqaank.kz/login?next=%2Faccount,1
http://apelsn.ru/account/verify,1
http://uzum-secure.kz/secure/login,1
http://ipot-ekabank.com/hisob,1
https://uza.uz/search,0
http://hamkorbank-card.uz/tolov,1
https://oson.uz/messages,0
http://agrobank-online.co/verify,1
https://adobe.com/uz,0
http://kapitalbank.uz.account-verify.net/kirish,1
http://ipa-kyulibank.co/transfer,1
http://uzp-ost.ru/hisob,1
http://4gr0b4nk.kz/cards/activate,1
http://kapi-talbank.kz/auth,1
http://51.90.156.74/tbcbank/account/verify,1
http://kapitalbank-uz.org/tolov,1
http://sq-b.ru/cards/activate,1
https://www.infinbank.uz/2024/,0
http://pochtaank.kz/transfer,1
https://infinbank.uz/banking,0
http://i-potekabank.org/kirish,1
http://74.28.75.164/click/secure/login,1
http://paynet-online.io/p?redirect=true,1
https://www.hub.docker.com/ru,0
https://dropbox.com/login,0
https://www.ft.com/uz/hizmatlar,0
http://uz-agrobank.kz/banking/login,1
http://asakabankk.ru/verify,1
http://h-umo.net/login,1
http://xalqbank-2024.org/secure/login,1
http://huom.uz/confirm,1
https://kapitalbank.uz/login,0
https://www.github.com/user/profile,0
http://verify-nbu.ru/cards/activate,1
http://410q4b4nk.com/kirish,1
http://infinbank-bank.io/p?redirect=true,1
http://verify-uzum.com/p?redirect=true,1
https://infinbank.uz/wiki,0
http://real-asakabank.co/auth,1
https://www.oson.uz/ru,0
http://hmakorbank.com/transfer,1
https://payme.uz/mobile,0
http://kpitalbank.ru/karta/faollashtirish,1
https://slack.com/about-us,0
https://tuit.uz/logout,0
https://www.bing.com/history,0
https://anorbank.uz/transfer,0
https://netflix.com/blog,0
https://bibim.uz/terms,0
https://www.apple.com/register,0
https://www.mytaxi.uz/category/news,0
http://180.64.32.150:8080/ipotekabank/login?next=%2Faccount,1
https://prokuratura.uz/docs,0
http://aloqabank-pay.ru/transfer,1
https://gov.uz/dashboard,0
http://login.secure.account1.oson.uz.phish.com/auth,1
https://www.uznet.uz/home,0
https://mdis.uz/logout,0
https://www.netflix.com/contact,0
https://www.agrobank.uz/main,0
https://uzinfocom.uz/2024/,0
http://ipakyulbiank.net/verify,1
https://www.dropbox.com/profile,0
http://paynet-online.co/banking/login,1
https://soliq.uz/messages,0
http://best-humo.uz/verify,1
http://202.37.185.247/aloqabank/karta/faollashtirish,1
https://kommersant.uz/api,0
http://aloqabak.net/karta/faollashtirish,1
http://uzc-ard.kz/tolov,1
http://ipkyulibank.uz/kirish,1
http://ininbank.com/p?redirect=true,1
https://edu.uz/category/services,0
http://ochtabank.org/karta/faollashtirish,1
http://87.56.17.222:8080/sqb/p?redirect=true,1
https://bbc.com/api/v1/health,0
http://paymexavfsiz.com/p?redirect=true,1
http://159.102.57.205:8080/agrobank/transfer,1
https://edu.uz/help,0
https://paypal.com/docs,0
http://texagroba-nk.ru/verify,1
http://new-ipotekabank.uz/karta/faollashtirish,1
https://epay.uz/mobile,0
http://uz-pochtabank.org/payment/confirm,1
http://online-pochtabank.com/tolov,1
https://mytaxi.uz/logout,0
http://paynet-secure.ru/kirish,1
https://aws.amazon.com/index.html,0
http://ipakuylibank.org/secure/login,1
https://www.linkedin.com/cards,0
http://trast-bank.org/payment/confirm,1
http://anorbank-pay.kz/auth,1
http://uzcrad.ru/account/verify,1
http://220.205.204.62:8080/ipotekabank/auth,1
http://uzpos-t.net/cards/activate,1
http://tbbcank.com/kirish,1
http://paynet.buzz/hisob,1
http://official-uzcard.kz/auth,1
http://kapit-albank.io/p?redirect=true,1
https://kubernetes.io/2024/,0
https://www.podrobno.uz/messages,0
http://nbu-login.org/transfer,1
http://official-texagrobank.ru/tolov,1
http://pa-yme.com/tolov,1
http://172.7.237.42/tbcbank/banking/login,1
https://bing.com/uz,0
https://mastercard.com/main,0
http://login-infinbank.net/login,1
https://developer.mozilla.org/static/css/main.css,0
https://www.stackoverflow.com/blog,0
https://customs.uz/cards,0
https://interfax.uz/report,0
http://aloqabank-card.uz/hisob,1
https://gov.uz/uz,0
https://paypal.com/api,0
http://xlqbank.ru/login?next=%2Faccount,1
https://xalqbank.uz/services,0
https://gov.uz/news,0
https://mytaxi.uz/report,0
https://zoom.us/help,0
http://osonpay.com/p?redirect=true,1
http://ipotekabank-secure.ru/verify,1
https://oson.uz/category/services,0
http://inifnbank.io/payment/confirm,1
http://xalqbnk.co/karta/faollashtirish,1
http://pochabank.ru/tolov,1
http://tbcbank-login.co/auth,1
http://best-kapitalbank.org/auth,1
http://50.250.132.24:8080/texagrobank/login,1
https://nbu.uz/settings,0
http://aaskabank.com/banking/login,1
http://infinbank-card.net/auth,1
http://secure-hamkorbank.io/secure/login,1
http://254.51.188.155:8080/texagrobank/hisob,1
http://tbcbank.top/login,1
http://payme-2024.io/kirish,1
https://ipakyulibank.uz/terms,0
https://tuit.uz/uz,0
http://trastbank-2024.uz/tolov,1
https://tuit.uz/download,0
http://asakabankk.com/login,1
http://234.230.35.169:8080/click/tolov,1
https://www.aws.amazon.com/mobile,0
https://www.e-gov.uz/category/services,0
http://229.98.59.239/uzcard/p?redirect=true,1
https://www.my.gov.uz/uploads,0
https://qalampir.uz/profile,0
http://aloqbaank.net/payment/confirm,1
http://real-uzum.io/login?next=%2Faccount,1
http://ipot-ekabank.org/verify,1
http://my-tbcbank.org/hisob,1
http://texagorbank.org/login,1
https://www.hamkorbank.uz/blog,0
https://www.zoom.us/uz,0
https://my.gov.uz/index.html,0
https://trastbank.uz/home,0
https://my.gov.uz/payments,0
http://pay-uzcard.uz/auth,1
http://my-ipakyulibank.net/tolov,1
http://aloqabank-login.org/secure/login,1
http://qxt7jo01f9.cf/auth,1
http://official-hamkorbank.com/banking/login,1
http://t-exagrobank.uz/verify,1
http://pochabank.kz/hisob,1
https://nature.com/category/services,0
https://apple.com/messages,0
http://ininbank.co/login,1
http://login-anorbank.uz/confirm,1
https://uzcard.uz/uz/hizmatlar,0
http://secure-nbu.net/auth,1
http://apelsin-service.io/secure/login,1
https://edu.uz/api,0
http://169.70.81.249/texagrobank/login?next=%2Faccount,1
https://www.paypal.com/register,0
https://gov.uz/download,0
http://41.218.117.109:8080/nbu/p?redirect=true,1
https://www.uzcard.uz/,0
http://new-nbu.ru/account/verify,1
https://stackoverflow.com/uz/hizmatlar,0
http://cli-ck.kz/login?next=%2Faccount,1
https://kubernetes.io/terms,0
https://www.trastbank.uz/news,0
https://qalampir.uz/category/services,0
https://shopify.com/logout,0
https://paynet.uz/,0
https://netflix.com/profile,0
https://payme.uz/uz/hizmatlar,0
https://uzcard.uz/ru,0
http://ipoetkabank.net/karta/faollashtirish,1
http://410q4b4nk.uz/account/verify,1
http://uz-oson.net/hisob,1
http://online-kapitalbank.co/account/verify,1
https://mastercard.com/offers,0
http://anorbank-pay.com/auth,1
http://tbcba-nk.org:9090/login,1
https://tbcbank.uz/mobile,0
https://ipakyulibank.uz/index.html,0
https://wikipedia.org/about,0
http://new-payme.ru/auth,1
http://aloqabankkirish.com/login?next=%2Faccount,1
http://best-apelsin.io/account/verify,1
http://trastbank-login.ru/secure/login,1
https://gazeta.uz/history,0
http://27.117.207.81/click/transfer,1
https://instagram.com/static/css/main.css,0
http://tbcbakn.co/confirm,1
http://kaptialbank.io/karta/faollashtirish,1
http://uzpot.ru/verify,1
https://www.mytaxi.uz/notifications,0
http://ipakyulibankk.net/tolov,1
http://texagrobank-net.net/secure/login,1
https://www.court.uz/offers,0
http://pochtabak.org/secure/login,1
http://texagrobank-online.org/secure/login,1
http://my-xalqbank.io/hisob,1
http://ipakyulibank-pay.co/p?redirect=true,1
https://xalqbank.uz/wiki,0
https://mf.uz/static/css/main.css,0
https://tbcbank.uz/support,0
http://login-xalqbank.co/banking/login,1
http://infinban.net/transfer,1
https://ems.uz/offers,0
https://instagram.com/transfer,0
http://humo-bank.uz/secure/login,1
https://apple.com/help,0
http://tbcbank-pay.ru/login,1
http://kjxr7p4ev137s9d8f10b.top/kirish,1
http://best-nbu.ru/p?redirect=true,1
https://www.forbes.com/uz/hizmatlar,0
https://outlook.com/cards,0
http://tbcbank-card.com/karta/faollashtirish,1
https://www.court.uz/uz/hizmatlar,0
https://microsoft.com/products,0
https://payme.uz/sitemap.xml,0
https://www.outlook.com/report,0
http://nbu-online.co/login?next=%2Faccount,1
http://hu-mo.net/verify,1
http://online-click.com/account/verify,1
http://ipotekabank-2024.net/cards/activate,1
https://amazon.com/static/css/main.css,0
https://interfax.uz/static/css/main.css,0
http://secure-humo.uz/karta/faollashtirish,1
http://a-grobank.co/kirish,1
https://slack.com/ru/about,0
https://www.tsue.uz/offers,0
https://uza.uz/report,0
http://pamye.co/secure/login,1
http://17.214.84.98:8080/ipotekabank/verify,1
http://kapitalbnk.net/cards/activate,1
http://etxagrobank.ru/karta/faollashtirish,1
http://aloqbank.co/payment/confirm,1
http://official-humo.ru/cards/activate,1
http://agrobank-net.uz/banking/login,1
http://humoo.org/hisob,1
https://pypi.org/offers,0
https://humans.uz/category/news,0
https://reddit.com/2024/,0
http://kapitalank.ru/p?redirect=true,1
https://www.uzum.uz/settings,0
https://www.daryo.uz/faq,0
http://trastbank-card.io/transfer,1
http://ininbank.net/account/verify,1
http://clickaccount.com/payment/confirm,1
http://login-xalqbank.kz/banking/login,1
https://kapitalbank.uz/payments,0
http://anorbank-uz.org/verify,1
https://instagram.com/news,0
https://www.kun.uz/payments,0
https://linkedin.com/media,0
https://www.humo.uz/cards,0
https://anorbank.uz/sitemap.xml,0
https://infinbank.uz/terms,0
http://238.163.170.109/uzcard/secure/login,1
http://fnxrl47vz0paep3a8n.ml/verify,1
http://aloqabank-card.org/hisob,1
http://oson-bank.co/tolov,1
http://lgld7did96.gq/verify,1
http://hamkorbank-confirm.com/banking/login,1
https://xb.uz/about,0
http://secure-uzpost.io/banking/login,1
http://new-nbu.io/confirm,1
http://tbcbank-login.ru/cards/activate,1
http://paynett.uz/transfer,1
http://aloqabank-uz.co/payment/confirm,1
http://payme-card.uz/transfer,1
http://my-click.kz/account/verify,1
https://instagram.com/about,0
http://ipotekabank-uz.io/payment/confirm,1
http://u-zcard.net/secure/login,1
http://tbcbank-card.net/payment/confirm,1
https://www.aws.amazon.com/analytics,0
https://uznet.uz/profile,0
https://cloudflare.com/api/v1/health,0
http://uz-post.kz/confirm,1
https://facebook.com/services,0
http://norbank.uz/auth,1
https://ft.com/notifications,0
http://2c8e7kxsgaufpgwnkso.click/auth,1
http://69.180.58.96/trastbank/karta/faollashtirish,1
https://theguardian.com/media,0
https://www.linkedin.com/report,0
https://tuit.uz/media,0
http://best-apelsin.com/cards/activate,1
http://164.235.224.201/apelsin/banking/login,1
https://www.stat.uz/en/services,0
http://aloabank.org/login,1
http://anor-bank.com/tolov,1
https://www.paynet.uz/news,0
https://click.uz/2024/,0
https://www.hamkorbank.uz/help,0
https://infinbank.uz/privacy,0
http://new-tbcbank.kz/transfer,1
http://tbc-bank.uz/cards/activate,1
http://new-hamkorbank.com/banking/login,1
http://apesin.io/verify,1
http://anorbank-secure.io/cards/activate,1
http://secure-apelsin.uz.phish.xyz/login?next=%2Faccount,1
http://texa-grobank.co/login?next=%2Faccount,1
http://new-sqb.kz/karta/faollashtirish,1
http://uzum-hisob.com/transfer,1
http://infinbank.tk/transfer,1
https://visa.com/products,0
https://samdu.uz/faq,0
http://aloqabank-net.org/verify,1
https://www.mf.uz/app,0
http://hamkorbankk.org/cards/activate,1
http://best-trastbank.io/confirm,1
http://kpitalbank.kz/tolov,1
http://pochtabankk.io/cards/activate,1
https://www.mdis.uz/api/v1/health,0
https://ft.com/dashboard,0
http://best-humo.net/p?redirect=true,1
http://panyet.io/login,1
http://188.125.212.67:8080/uzpost/banking/login,1
http://187.253.95.66:8080/paynet/confirm,1
https://amazon.com/sitemap.xml,0
http://oson-login.net/kirish,1
http://ipakyulibnak.uz/hisob,1
https://instagram.com/report,0
http://my-infinbank.uz/secure/login,1
http://xalqb-ank.io/p?redirect=true,1
http://pochtabnk.net/secure/login,1
https://humo.uz/help,0
https://www.economist.com/download,0
http://tbcbnak.net/p?redirect=true,1
https://www.pypi.org/payments,0
http://texag-robank.com/account/verify,1
http://mztne0v4hu270a0wemmhm.click/account/verify,1
http://uzcar.io/verify,1
https://tma.uz/history,0
http://os-on.uz/transfer,1
http://228.222.121.13/tbcbank/login,1
http://texagrobankk.uz/kirish,1
http://kapitalbank-bank.io/transfer,1
http://secure-uzpost.uz/login?next=%2Faccount,1
https://www.facebook.com/category/services,0
http://aplesin.net/karta/faollashtirish,1
https://www.asakabank.uz/history,0
http://verify-click.io/cards/activate,1
https://www.pypi.org/index.html,0
http://infi-nbank.co/banking/login,1
http://my-anorbank.io/banking/login,1
https://www.podrobno.uz/en,0
http://official-ipakyulibank.ru/account/verify,1
https://www.gazeta.uz/uploads,0
https://aws.amazon.com/help,0
http://oson-online.net/auth,1
https://twitter.com/main,0
https://spot.uz/privacy,0
http://payme-pay.io/account/verify,1
https://www.zoom.us/messages,0
http://login.humo.uz.malicious.top/verify,1
http://online-oson.ru/kirish,1
https://payme.uz@malicious011.com/login,1
https://www.adobe.com/news,0
http://in-finbank.uz/payment/confirm,1
https://uza.uz/media,0
http://pay-net.org/login?next=%2Faccount,1
http://zpost.co/account/verify,1
http://apelsin-service.net/p?redirect=true,1
http://anrobank.uz/account/verify,1
http://kaptalbank.net/verify,1
http://infinbank-2024.org/login,1
http://asakab-ank.uz/karta/faollashtirish,1
http://ipakuylibank.com/verify,1
https://www.mdis.uz/main,0
http://ipoteabank.kz/confirm,1
http://nbuu.ru/login,1
http://login-apelsin.kz/tolov,1
http://uzcard-service.org/verify,1
http://secure-uzum.net/login?next=%2Faccount,1
http://real-humo.io/login?next=%2Faccount,1
http://an-orbank.co/karta/faollashtirish,1
http://asakabakn.com/karta/faollashtirish,1
https://ijro.uz/uz/hizmatlar,0
http://sqb-online.com/banking/login,1
https://www.reuters.com/api,0
http://best-tbcbank.io/payment/confirm,1
https://www.apelsin.uz/ru,0
http://uzum-secure.ru/hisob,1
http://asakbank.ru/secure/login,1
https://www.slack.com/uz/hizmatlar,0
http://asakabank-login.net/banking/login,1
http://wstybu503vl2kda2uacijw.rest/account/verify,1
http://humo-card.ru/cards/activate,1
https://uzum.uz/dashboard,0
https://www.gazeta.uz/download,0
http://real-infinbank.kz/transfer,1
http://kapitalba-nk.com/karta/faollashtirish,1
http://infinank.ru/login,1
http://texagrobank.gq/hisob,1
https://facebook.com/api/v1/health,0
https://pypi.org/en,0
https://www.president.uz/search,0
http://tarstbank.kz/karta/faollashtirish,1
https://uzcard.uz/banking,0
http://real-payme.co/hisob,1
https://ipakyulibank.uz/sitemap.xml,0
http://hamkorbank-card.net/banking/login,1
http://126.53.186.30/uzcard/banking/login,1
http://kpitalbank.co/secure/login,1
http://uz-ipotekabank.ru/verify,1
https://uzb.uz/banking,0
http://payme-bank.co/p?redirect=true,1
https://www.developer.mozilla.org/report,0
http://ha-mkorbank.kz/p?redirect=true,1
http://206.200.130.199/sqb/verify,1
http://ipotekabank.cf/karta/faollashtirish,1
http://hisob-uzcard.uz/login?next=%2Faccount,1
http://ayme.kz/auth,1
http://oson.gq/banking/login,1
http://197.123.36.134/xalqbank/payment/confirm,1
http://anorbank.top/auth,1
http://sqbkirish.com/cards/activate,1
http://pochtabakn.org/verify,1
http://uzost.net/account/verify,1
http://sqb-net.co/login,1
http://a-loqabank.uz/p?redirect=true,1
http://poc-htabank.com/p?redirect=true,1
http://uzmu.net/login?next=%2Faccount,1
https://spot.uz/robots.txt,0
http://hamkorbank-pay.uz/karta/faollashtirish,1
http://xalqbakn.com/cards/activate,1
http://texagobank.com/cards/activate,1
https://daryo.uz/2024/,0
http://best-pochtabank.co/verify,1
https://cnn.com/docs,0
http://nbu-service.uz/account/verify,1
https://shopify.com/about,0
http://uzpost-secure.co/cards/activate,1
http://pochatbank.uz/hisob,1
https://twitter.com/analytics,0
https://www.uznet.uz/en/services,0
http://zpost.uz/login,1
https://samdu.uz/blog,0
http://paym-e.kz/tolov,1
http://uzu-m.co/login,1
http://sq-b.co/transfer,1
http://hamkorbank.uz.payment-confirm.ru/p?redirect=true,1
http://paynet-login.com/transfer,1
http://infnibank.ru/verify,1
https://netflix.com/products,0
http://xa-lqbank.kz/login,1
https://uzcard.uz/privacy,0
http://infnbank.io/secure/login,1
http://login-texagrobank.uz/secure/login,1
https://ebay.com/logout,0
http://nbu-login.net:8443/login,1
https://facebook.com/uz,0
https://xalqbank.uz/support,0
http://ipkayulibank.ru/payment/confirm,1
https://www.yoshlar.uz/contact,0
http://new-apelsin.co/login?next=%2Faccount,1
https://samdu.uz/settings,0
https://azure.microsoft.com/analytics,0
http://texa-grobank.ru/transfer,1
http://ipakuylibank.ru/hisob,1
http://trastbakn.kz/verify,1
https://ipotekabank.uz/history,0
http://xaqbank.uz/cards/activate,1
http://34.172.197.244:8080/tbcbank/tolov,1
https://economist.com/dashboard,0
http://pochtaabnk.co/login?next=%2Faccount,1
http://1p4kyu11b4nk.net/payment/confirm,1
http://ipotekabank-online.kz/hisob,1
https://uznet.uz/media,0
https://parlament.uz/,0
http://real-tbcbank.org/kirish,1
https://uza.uz/offers,0
http://official-hamkorbank.ru:8080/login,1
https://www.nature.com/category/services,0
http://real-aloqabank.ru/kirish,1
http://ipoteka-bank.kz/transfer,1
http://an-orbank.ru/banking/login,1
https://nbu.uz/media,0
http://cick.io/secure/login,1
http://63.108.167.49:8080/trastbank/login,1
http://pochtaba-nk.kz/p?redirect=true,1
http://uzcard.xyz/login?next=%2Faccount,1
https://cnn.com/uploads,0
https://twitter.com/category/news,0
https://uzum.uz/services,0
http://agrobank-bank.com/banking/login,1
https://license.uz/about-us,0
https://paypal.com/products,0
https://economist.com/category/services,0
http://kpaitalbank.com/p?redirect=true,1
https://pochta.uz/uz/hizmatlar,0
http://pochtabnak.io/karta/faollashtirish,1
https://www.kun.uz/uploads,0
http://ipayulibank.co/hisob,1
http://69m0k1y4feosli.gq/p?redirect=true,1
https://www.apple.com/news,0
http://my-ipotekabank.com/login,1
https://azure.microsoft.com/report,0
http://apel-sin.com/login,1
https://daryo.uz/contact,0
https://www.xalqbank.uz/terms,0
http://new-infinbank.kz/verify,1
https://bibim.uz/security,0
http://rastbank.com/payment/confirm,1
http://in-finbank.kz/account/verify,1
https://theguardian.com/ru,0
https://youtube.com/blog,0
https://kommersant.uz/news,0
https://paynet.uz/products/list,0
http://tbcbank-card.uz/verify,1
https://president.uz/app,0
http://9u5fyvkn7d1h435uk6kje.site/payment/confirm,1
https://sog-liqni-saqlash.uz/profile,0
http://181.48.76.159/trastbank/cards/activate,1
http://7phda56aqycvf7jmyi.buzz/p?redirect=true,1
http://huo.ru/kirish,1
http://ipakyulibank.tk/cards/activate,1
http://online-nbu.uz/tolov,1
https://www.dunyo.uz/cards,0
https://developer.mozilla.org/index.html,0
http://12.68.187.191/texagrobank/cards/activate,1
http://real-click.io/hisob,1
http://tbc-bank.io/kirish,1
http://4gr0b4nk.io/auth,1
http://nbu.ml/hisob,1
https://agrobank.uz/about-us,0
http://verify-apelsin.net/kirish,1
https://cloud.google.com/products,0
http://199.29.251.23:8080/click/banking/login,1
http://pochta-bank.kz/login?next=%2Faccount,1
http://lick.kz/tolov,1
http://official-humo.com/payment/confirm,1
http://new-uzcard.org/payment/confirm,1
http://secure-infinbank.net/account/verify,1
http://official-uzpost.kz/karta/faollashtirish,1
https://cloud.google.com/category/news,0
http://official-anorbank.uz/hisob,1
http://uz-infinbank.ru/login?next=%2Faccount,1
https://www.bloomberg.com/download,0
https://uzinfocom.uz/notifications,0
http://login-hamkorbank.kz/kirish,1
https://www.trastbank.uz/analytics,0
https://infinbank.uz/register,0
http://paynet-card.kz/tolov,1
http://trastban.org/login,1
http://payet.co/tolov,1
http://ipotek-abank.com/account/verify,1
https://www.uznet.uz/history,0
http://tbcbank-pay.ru/confirm,1
https://www.daryo.uz/report,0
http://tb-cbank.net/tolov,1
https://amazon.com/about-us,0
http://97.71.252.79/hamkorbank/p?redirect=true,1
https://bing.com/api,0
http://humo-bank.org/login?next=%2Faccount,1
http://online-hamkorbank.com/karta/faollashtirish,1
http://239.85.77.35:8080/apelsin/banking/login,1
http://oson-service.co/auth,1
https://paypal.com/,0
http://xalqb-ank.ru/karta/faollashtirish,1
http://tastbank.uz/kirish,1
http://asakabank.click/confirm,1
http://100.102.130.13:8080/xalqbank/secure/login,1
https://www.uzinfocom.uz/register,0
http://alqabank.uz/payment/confirm,1
http://126.104.96.174:8080/infinbank/account/verify,1
https://www.uzcard.uz/uz/hizmatlar,0
http://ipotek-abank.net/payment/confirm,1
http://pa-ynet.org/transfer,1
http://asakaba-nk.co/transfer,1
http://pochtabank-secure.ru/p?redirect=true,1
https://bibim.uz/cards,0
https://www.microsoft.com/privacy,0
http://uz-click.co/kirish,1
http://185.93.32.54:8080/ipakyulibank/confirm,1
https://www.pochtabank.uz/register,0
https://ipotekabank.uz/security,0
http://hamkorbank-2024.kz/secure/login,1
https://uza.uz/services,0
https://paynet.uz/uz,0
https://click.uz/main,0
http://aloq-abank.uz/confirm,1
http://x41qb4nk.ru/kirish,1
http://paynet-bank.ru/login,1
http://226.6.154.166:8080/aloqabank/cards/activate,1
http://hamkorbank-service.co/payment/confirm,1
http://tbcbnak.co/hisob,1
http://uz-card.org/kirish,1
https://xb.uz/dashboard,0
https://www.ipakyulibank.uz/banking,0
https://uzcard.uz/report,0
http://real-uzcard.co/hisob,1
https://www.ijro.uz/news,0
https://soliq.uz/terms,0
http://tcbbank.kz/cards/activate,1
https://president.uz/main,0
https://sputniknews.uz/help,0
http://xalqbank-net.org/account/verify,1
http://apelisn.net/hisob,1
http://28.248.202.14:8080/sqb/confirm,1
http://texagroabnk.co/account/verify,1
http://uz-post.uz/secure/login,1
http://verify-click.org/cards/activate,1
http://3.148.89.58:8080/uzum/kirish,1
http://pochtaban.com/auth,1
http://best-paynet.kz/login,1
http://uzcard-net.com/login,1
http://kapitalban.co/kirish,1
http://uzcrad.org/account/verify,1
http://hamokrbank.net/p?redirect=true,1
http://xalq-bank.co/login?next=%2Faccount,1
http://oson-uz.uz/auth,1
http://pchtabank.kz/karta/faollashtirish,1
http://aolqabank.io/confirm,1
http://xalqbank-net.io/kirish,1
https://facebook.com/download,0
http://ipakyuliank.co/hisob,1
http://145.134.241.41/nbu/transfer,1
http://148.46.15.144/oson/payment/confirm,1
http://tbcbankverify.com/hisob,1
http://humo.ga/auth,1
https://samdu.uz/dashboard,0
http://hamkorbank-card.net/secure/login,1
http://asakabank-service.net/karta/faollashtirish,1
http://as-akabank.org/kirish,1
http://ipakyulib-ank.kz/cards/activate,1
https://asakabank.uz/category/news,0
http://asakbank.com/banking/login,1
http://zuum.co/account/verify,1
http://uzum-uz.kz/banking/login,1
http://trastbank-service.net/login,1
https://uzb.uz/en/services,0
https://developer.mozilla.org/cards,0
https://science.org/offers,0
http://login-uzcard.kz/kirish,1
http://ahmkorbank.net/secure/login,1
https://ems.uz/category/services,0
http://ipakyulibnak.io/verify,1
http://new-anorbank.uz/payment/confirm,1
https://www.hub.docker.com/index.html,0
http://tastbank.com/account/verify,1
http://online-click.io/banking/login,1
http://official-hamkorbank.net/confirm,1
http://aloqabank-login.com/cards/activate,1
https://www.bibim.uz/report,0
https://yahoo.com/search,0
https://humans.uz/robots.txt,0
http://tbcank.org/kirish,1
https://www.ijro.uz/contact,0
https://tdiu.uz/uz/hizmatlar,0
https://podrobno.uz/about-us,0
http://inf-inbank.com/tolov,1
http://login.secure.account2.aloqabank.uz.phish.com/auth,1
https://cnn.com/terms,0
http://254.102.96.211/uzpost/login?next=%2Faccount,1
http://157.129.27.162/texagrobank/hisob,1
http://ka-pitalbank.org/verify,1
http://tarstbank.org/confirm,1
http://official-apelsin.uz/tolov,1
http://uzpostpay.com/login,1
https://www.bloomberg.com/login,0
https://github.com/en,0
https://license.uz/api,0
http://agrobank-pay.net/login?next=%2Faccount,1
https://tsue.uz/download,0
http://hamkorbank-secure.com/login?next=%2Faccount,1
http://texagrobank-pay.uz/verify,1
http://anorban-k.uz/cards/activate,1
https://pharmi.uz/blog,0
http://oosn.net/hisob,1
https://www.apelsin.uz/,0
https://www.tdiu.uz/transfer,0
https://www.spot.uz/2024/,0
http://129.80.19.234/pochtabank/karta/faollashtirish,1
http://oosn.org/account/verify,1
https://nature.com/notifications,0
http://uzcrd.kz/hisob,1
http://umo.com/secure/login,1
https://www.uznet.uz/category/news,0
https://www.qalampir.uz/contact,0
http://anorban.com/transfer,1
https://customs.uz/docs,0
https://cnn.com/help,0
https://reuters.com/wiki,0
http://uzcard-bank.io/confirm,1
http://a-norbank.kz/account/verify,1
https://www.github.com/mobile,0
http://u-zum.org/secure/login,1
http://secure-nbu.kz/secure/login,1
http://pyame.org/auth,1
https://www.forbes.com/payments,0
https://oson.uz/settings,0
https://paynet.uz/uploads,0
http://tras-tbank.ru/karta/faollashtirish,1
http://xalqbank-bank.org/login?next=%2Faccount,1
https://www.qalampir.uz/products/list,0
https://instagram.com/en/services,0
http://tra-stbank.ru/secure/login,1
https://tuit.uz/about-us,0
https://soliq.uz/login,0
https://paynet.uz@malicious009.com/login,1
http://kpaitalbank.org/secure/login,1
http://humo-2024.co/verify,1
https://facebook.com/api,0
https://sputniknews.uz/report,0
https://uza.uz/,0
http://my-uzum.org/login,1
https://wikipedia.org/download,0
http://hamkorbnk.org/login,1
http://uzcard-hisob.com/confirm,1
http://kapitalbank-uz.ru/secure/login,1
https://uzcard.uz/main,0
http://tbcbank-online.kz/account/verify,1
https://license.uz/user/profile,0
http://sqbb.kz/secure/login,1
https://nature.com/dashboard,0
https://wix.com/help,0
http://nbu-secure.co/transfer,1
https://oson.uz/terms,0
https://court.uz/profile,0
http://asakabank-online.co/cards/activate,1
http://best-uzum.com/karta/faollashtirish,1
https://docs.python.org/,0
http://a-loqabank.org/kirish,1
https://www.aws.amazon.com/security,0
http://ipakyulibank-online.uz/cards/activate,1
https://www.cloudflare.com/products/list,0
http://secure-payme.kz/cards/activate,1
http://best-uzcard.kz/p?redirect=true,1
https://aws.amazon.com/report,0
https://stat.uz/en,0
http://new-trastbank.uz/login?next=%2Faccount,1
https://sqb.uz/api,0
http://official-anorbank.kz/transfer,1
https://stripe.com/help,0
https://license.uz/analytics,0
https://ijro.uz/en/services,0
https://uznet.uz/analytics,0
http://hamkor-bank.uz/karta/faollashtirish,1
http://my-click.io/hisob,1
http://ipotekabank-card.uz/kirish,1
https://yoshlar.uz/privacy,0
https://www.kommersant.uz/index.html,0
https://nbu.uz/cards,0
http://kapitalbank-card.com/auth,1
http://login.anorbank.uz.malicious.top/transfer,1
http://172.25.34.173:8080/ipakyulibank/transfer,1
http://70.169.225.2/uzpost/auth,1
https://www.forbes.com/help,0
https://texagrobank.uz/api/v1/health,0
http://infinbank-card.com/confirm,1
https://www.hub.docker.com/home,0
http://9.184.76.27/kapitalbank/auth,1
http://infinbank-pay.ru/kirish,1
http://tbcbank-bank.kz/login,1
http://t-bcbank.org/login?next=%2Faccount,1
http://clck.uz/login,1
http://pochtabank-net.co/karta/faollashtirish,1
http://ykfb4e0dsosqo0b2tk.buzz/tolov,1
http://80.31.72.212:8080/asakabank/p?redirect=true,1
http://hakorbank.co/login,1
https://tbcbank.uz/category/news,0
https://sqb.uz/uz/hizmatlar,0
http://verify-ipakyulibank.ru/auth,1
http://login-xalqbank.com/tolov,1
http://ipakyulibank-card.net/auth,1
https://www.xs.uz/media,0
https://texagrobank.uz/media,0
https://www.sputniknews.uz/uploads,0
http://agrobakn.com/secure/login,1
http://uzp-ost.kz/banking/login,1
https://oson.uz/download,0
http://piotekabank.uz/login,1
http://uzard.uz/login,1
https://dropbox.com/category/news,0
http://kapitalbnk.kz/banking/login,1
http://ipakyulbiank.com/login,1
https://ipakyulibank.uz@malicious008.com/login,1
http://uzpots.uz/payment/confirm,1
http://aorbank.net/login?next=%2Faccount,1
https://sqb.uz/wiki,0
http://asaka-bank.ru/payment/confirm,1
https://nature.com/uz/hizmatlar,0
https://www.ebay.com/sitemap.xml,0
https://www.hub.docker.com/security,0
https://payme.uz/about-us,0
https://reddit.com/offers,0
http://verify-kapitalbank.uz/secure/login,1
http://aloaqbank.org/kirish,1
https://www.qalampir.uz/messages,0
http://xalqbank-login.net/transfer,1
http://tcbank.kz/tolov,1
http://verify-ipotekabank.net/auth,1
http://tcbank.net/kirish,1
https://www.soliq.uz/dashboard,0
https://yahoo.com/messages,0
http://hu-mo.uz/login,1
http://186.118.154.201:8080/pochtabank/kirish,1
http://nbu-hisob.com/cards/activate,1
http://ip-akyulibank.io/account/verify,1
https://samdu.uz/terms,0
http://secure-uzum.net/auth,1
https://yahoo.com/ru,0
https://apple.com/search,0
http://xalqbnk.io/karta/faollashtirish,1
https://www.humo.uz/static/css/main.css,0
http://158.77.19.36/uzcard/transfer,1
http://uzpst.uz/kirish,1
https://tma.uz/help,0
http://login-kapitalbank.uz/auth,1
https://sqb.uz/help,0
https://cloudflare.com/logout,0
http://apelsn.kz/kirish,1
https://president.uz/sitemap.xml,0
http://asakabank-login.ru/p?redirect=true,1
http://ipakyuli-bank.co/hisob,1
https://outlook.com/security,0
https://ijro.uz/about,0
http://tb-cbank.co/confirm,1
https://outlook.com/wiki,0
https://www.nuu.uz/wiki,0
http://verify-texagrobank.io/tolov,1
https://www.netflix.com/products,0
http://23.122.206.246/oson/login?next=%2Faccount,1
https://humo.uz/app,0
http://122.100.147.84:8080/texagrobank/karta/faollashtirish,1
https://yoshlar.uz/user/profile,0
https://hub.docker.com/report,0
http://uzpost-card.co/account/verify,1
http://real-humo.ru/account/verify,1
http://uzu.ru/banking/login,1
https://shopify.com/index.html,0
http://45vn672gwh1r.ga/secure/login,1
http://uzcard.top/verify,1
http://texagro-bank.ru/banking/login,1
https://science.org/report,0
http://amkorbank.kz/p?redirect=true,1
http://agrobank-bank.co/auth,1
http://real-uzcard.org/login,1
http://official-click.net/login?next=%2Faccount,1
http://trastban-k.co/login,1
https://www.cnn.com/docs,0
http://sqb-card.net/karta/faollashtirish,1
https://www.nuu.uz/analytics,0
https://asakabank.uz/home,0
https://e-gov.uz/products/list,0
http://pochtaban.uz/kirish,1
http://best-agrobank.kz/tolov,1
http://trastbank-uz.io/verify,1
https://www.outlook.com/media,0
http://ipakyulibank.online/login?next=%2Faccount,1
http://ipayulibank.co/auth,1
http://online-hamkorbank.ru/confirm,1
http://xsjag787l6k.info/kirish,1
https://anorbank.uz/help,0
http://asakabak.uz/tolov,1
https://theguardian.com/products/list,0
http://new-hamkorbank.co/banking/login,1
https://dunyo.uz/notifications,0
http://pochtabank-bank.ru/hisob,1
https://spot.uz/app,0
http://my-uzcard.co/kirish,1
http://real-asakabank.uz/confirm,1
http://official-click.kz/confirm,1
http://real-oson.com/payment/confirm,1
http://payme-online.uz/p?redirect=true,1
http://real-ipakyulibank.io/kirish,1
http://agrobakn.io/verify,1
https://twitter.com/ru,0
https://sputniknews.uz/robots.txt,0
https://nature.com/security,0
https://forbes.com/wiki,0
https://mf.uz/analytics,0
http://apelsin.xyz/verify,1
http://pay-click.uz/kirish,1
https://pochta.uz/static/css/main.css,0
http://lick.org/verify,1
https://uzinfocom.uz/uz/hizmatlar,0
http://a-grobank.net/transfer,1
https://www.yandex.uz/uz/hizmatlar,0
https://asakabank.uz/report,0
http://click-net.co/karta/faollashtirish,1
http://hamkorbank-uz.kz/karta/faollashtirish,1
http://click-net.org/p?redirect=true,1
http://best-click.io/confirm,1
https://dropbox.com/index.html,0
http://bqtpnynk9bl.site/confirm,1
http://as-akabank.ru/payment/confirm,1
http://best-ipakyulibank.com/banking/login,1
http://207.68.26.27:8080/trastbank/confirm,1
http://aplesin.com/confirm,1
http://apelsin-online.net/login,1
https://sog-liqni-saqlash.uz/ru/about,0
https://stripe.com/2024/,0
http://osno.net/confirm,1
http://texgrobank.kz:8443/login,1
http://pochtbank.io/login,1
http://verify-infinbank.kz/payment/confirm,1
http://secure-uzum.kz/karta/faollashtirish,1
http://humo-secure.com/tolov,1
https://facebook.com/category/news,0
http://a-pelsin.net/banking/login,1
http://secure-tbcbank.ru/transfer,1
https://npmjs.com/notifications,0
https://interfax.uz/news,0
https://tuit.uz/transfer,0
http://login-sqb.com/hisob,1
https://uzcard.uz/offers,0
http://144.155.144.111:8080/agrobank/cards/activate,1
http://tratsbank.co/login?next=%2Faccount,1
http://gp8j0djwsaaen.click/confirm,1
http://zpost.net/banking/login,1
https://interfax.uz/security,0
https://mehnat.uz/help,0
http://139.184.219.103/asakabank/account/verify,1
http://xalqabnk.org/p?redirect=true,1
http://152.92.184.250:8080/agrobank/account/verify,1
http://agroabnk.net/verify,1
https://humo.uz/settings,0
http://155.79.114.101/uzpost/secure/login,1
http://payne.org/p?redirect=true,1
http://btcbank.com/cards/activate,1
https://uza.uz/register,0
http://te-xagrobank.ru/account/verify,1
https://www.license.uz/app,0
https://parlament.uz/help,0
https://mdis.uz/main,0
http://pochabank.co/account/verify,1
http://pyanet.io/confirm,1
http://secure-payme.net/karta/faollashtirish,1
https://dunyo.uz/app,0
http://tbcbank.uz@malicious014.com/kirish,1
https://docs.python.org/terms,0
https://paynet.uz/register,0
https://pochtabank.uz/faq,0
http://tr-astbank.org/account/verify,1
https://reddit.com/payments,0
http://payme-login.co/account/verify,1
http://paynet-tasdiqlash.com/tolov,1
http://aoqabank.com/payment/confirm,1
http://tratsbank.io/login?next=%2Faccount,1
http://sbq.uz/secure/login,1
https://humo.uz/uz,0
http://payme-online.ru/p?redirect=true,1
http://naorbank.co/verify,1
http://xalqbank-uz.co/secure/login,1
https://pochtabank.uz/register,0
https://tma.uz/en,0
http://infinbank-xavfsiz.com/hisob,1
https://apelsin.uz/privacy,0
https://court.uz/contact,0
http://new-uzcard.kz/login?next=%2Faccount,1
https://uza.uz/app,0
http://trast-bank.ru/login?next=%2Faccount,1
http://uz-anorbank.kz/login,1
http://uzm.io/tolov,1
https://ipotekabank.uz/category/services,0
https://www.court.uz/api/v1/health,0
https://daryo.uz/register,0
http://my-payme.com/account/verify,1
https://interfax.uz/analytics,0
https://zoom.us/category/news,0
http://asaka-bank.ru/verify,1
http://p-ochtabank.org/transfer,1
http://17.58.102.223:8080/trastbank/account/verify,1
https://zoom.us/mobile,0
https://kommersant.uz/notifications,0
http://uzpost-online.kz/login,1
https://www.uzinfocom.uz/main,0
https://qalampir.uz/wiki,0
https://www.payme.uz/register,0
https://www.customs.uz/about-us,0
http://hamko-rbank.co/cards/activate,1
https://trastbank.uz/settings,0
http://tbbank.co/hisob,1
https://github.com/docs,0
http://paynet-login.ru/auth,1
http://hum-o.net/account/verify,1
http://203.46.16.96:8080/pochtabank/login,1
http://5qb.com/login?next=%2Faccount,1
https://www.office.com/app,0
http://pa-ynet.net/payment/confirm,1
http://8.142.19.154/aloqabank/login,1
http://uzpost.ml/karta/faollashtirish,1
https://uzb.uz/report,0
https://www.wsj.com/banking,0
https://github.com/ru/about,0
http://uzum-pay.com/login?next=%2Faccount,1
https://wix.com/privacy,0
http://4.175.123.61:8080/trastbank/confirm,1
http://uzcard.info/secure/login,1
http://official-nbu.com/hisob,1
http://uzcad.org/tolov,1
http://trastbnk.com/secure/login,1
https://bbc.com/ru,0
https://daryo.uz/privacy,0
http://payne.co/transfer,1
http://infibank.uz/login,1
http://as-akabank.uz/verify,1
https://developer.mozilla.org/about,0
https://science.org/messages,0
https://www.license.uz/help,0
http://nbu-login.com/auth,1
https://www.sog-liqni-saqlash.uz/services,0
https://developer.mozilla.org/history,0
http://paym.co/login,1
https://wsj.com/payments,0
http://oso.io/tolov,1
http://ipakyuliank.co/payment/confirm,1
http://xalqbank-bank.io/confirm,1
https://uzb.uz/faq,0
https://paynet.uz/login,0
http://aplesin.co/account/verify,1
http://hamorbank.org/transfer,1
http://new-texagrobank.uz/hisob,1
https://azure.microsoft.com/ru/about,0
http://znhwclo2d8fu8kxhrta.online/payment/confirm,1
http://100.242.214.241:8080/uzpost/hisob,1
http://ipotekaank.ru/banking/login,1
http://130.138.103.202/sqb/p?redirect=true,1
https://www.uzinfocom.uz/ru/about,0
http://uzpost-service.net/login,1
http://login-uzpost.kz/login?next=%2Faccount,1
http://texagroabnk.co/confirm,1
http://hamkorbank-pay.uz/p?redirect=true,1
http://texagrobank-net.com/tolov,1
http://110.48.151.38/sqb/transfer,1
https://court.uz/api/v1/health,0
http://uzpost-uz.io/auth,1
http://best-payme.net/login,1
https://theguardian.com/cards,0
http://infinbank-uz.uz/tolov,1
https://license.uz/products/list,0
https://xalqbank.uz/products,0
https://www.sog-liqni-saqlash.uz/ru/about,0
http://iakyulibank.co/verify,1
https://www.uzinfocom.uz/ru,0
https://www.anorbank.uz/mobile,0
http://46.198.39.176/sqb/cards/activate,1
https://court.uz/news,0
http://best-aloqabank.co/auth,1
https://www.yandex.uz/app,0
http://poctabank.co/hisob,1
https://outlook.com/uz/hizmatlar,0
https://humans.uz/ru/about,0
http://anorbakn.kz/payment/confirm,1
https://amazon.com/products/list,0
https://ems.uz/history,0
http://92.87.188.87/aloqabank/karta/faollashtirish,1
http://hamkorbank-secure.ru/hisob,1
http://humoo.uz/tolov,1
http://asakabank-uz.ru/p?redirect=true,1
http://xal-qbank.com/login,1
https://shopify.com/,0
http://osn.net/karta/faollashtirish,1
http://paelsin.uz/verify,1
http://infinbank-net.ru/hisob,1
https://www.wix.com/media,0
https://outlook.com/en,0
https://sputniknews.uz/blog,0
http://txeagrobank.org/banking/login,1
https://kapitalbank.uz/app,0
https://mastercard.com/payments,0
https://www.adobe.com/dashboard,0
http://xalbqank.net/tolov,1
http://panyet.uz/tolov,1
http://238.44.61.141:8080/xalqbank/transfer,1
https://payme.uz/en,0
https://pharmi.uz/uz,0
https://www.cnn.com/products,0
https://spot.uz/banking,0
http://new-aloqabank.net/secure/login,1
http://new-tbcbank.com/kirish,1
http://norbank.com/transfer,1
http://apelsin-pay.com/payment/confirm,1
http://asa-kabank.com/p?redirect=true,1
http://asakabank-online.com/account/verify,1
http://ip-otekabank.io/tolov,1
https://www.soliq.uz/products,0
https://www.azure.microsoft.com/en,0
http://xalqbank-kirish.com/p?redirect=true,1
https://customs.uz/transfer,0
http://pochtabank-pay.com/cards/activate,1
https://daryo.uz/blog,0
https://www.dropbox.com/dashboard,0
http://humo-login.com/cards/activate,1
https://customs.uz/uploads,0
https://www.apelsin.uz/uz/hizmatlar,0
https://www.github.com/ru,0
http://anobrank.co/tolov,1
https://www.slack.com/wiki,0
http://p-aynet.uz/confirm,1
http://nbu-uz.uz/p?redirect=true,1
http://agrobank-card.ru/confirm,1
https://asakabank.uz/search,0
http://46.130.73.250/agrobank/p?redirect=true,1
http://pohctabank.uz/karta/faollashtirish,1
http://uz-uzpost.com/cards/activate,1
http://saakabank.kz/hisob,1
https://adobe.com/api/v1/health,0
https://kapitalbank.uz/products/list,0
https://uzb.uz/index.html,0
http://xalqank.ru/verify,1
http://texgarobank.kz/login,1
http://apelsin-account.com/hisob,1
http://xalqbankk.co/banking/login,1
http://ipakyulibanklogin.com/payment/confirm,1
http://ipa-kyulibank.uz/cards/activate,1
http://real-pochtabank.com/banking/login,1
http://uuzm.net/login,1
http://aloqabakn.kz/banking/login,1
http://official-uzpost.net/p?redirect=true,1
http://humoo.net/login,1
https://visa.com/uz,0
https://www.my.gov.uz/api/v1/health,0
http://uzard.net/verify,1
https://payme.uz/help,0
http://payet.uz/auth,1
http://trastbank-login.net/secure/login,1
http://ipotekabankk.uz/login,1
http://lcick.net/confirm,1
https://uzb.uz/news,0
https://zamin.uz/support,0
https://asakabank.uz/contact,0
http://37.210.242.111/pochtabank/auth,1
http://paynet-card.co/kirish,1
http://real-uzpost.uz/secure/login,1
https://www.interfax.uz/contact,0
https://ft.com/transfer,0
https://qalampir.uz/en,0
http://login-anorbank.co/kirish,1
http://texagrobank-login.kz/tolov,1
https://www.kapitalbank.uz/privacy,0
http://my-sqb.com/account/verify,1
http://payme-online.com/tolov,1
http://secure-texagrobank.uz.phish.xyz/secure/login,1
http://kapital-bank.org/account/verify,1
https://uzb.uz/api,0
http://best-oson.net/tolov,1
http://pakyulibank.com/karta/faollashtirish,1
http://uzpost-service.net/secure/login,1
https://stackoverflow.com/home,0
http://tbcbanksecure.com/karta/faollashtirish,1
http://n-bu.io/karta/faollashtirish,1
https://www.slack.com/download,0
http://secure-sqb.kz/hisob,1
http://my-ipakyulibank.org/karta/faollashtirish,1
https://click.uz/dashboard,0
http://agrobnk.io/kirish,1
http://asakbaank.kz/auth,1
https://www.mf.uz/about-us,0
https://sog-liqni-saqlash.uz/cards,0
http://inifnbank.ru/login?next=%2Faccount,1
https://yahoo.com/contact,0
http://my-uzcard.net/banking/login,1
http://oso-n.com/cards/activate,1
https://www.google.com/settings,0
http://1nf1nb4nk.com/account/verify,1
https://www.kapitalbank.uz/category/services,0
https://www.ipakyulibank.uz/history,0
https://pypi.org/products,0
http://online-anorbank.io/p?redirect=true,1
https://podrobno.uz/app,0
https://www.youtube.com/cards,0
http://sqb-card.io/cards/activate,1
http://hamkobank.kz/p?redirect=true,1
http://my-apelsin.uz/cards/activate,1
https://stat.uz/main,0
https://asakabank.uz/ru,0
http://grobank.io/login?next=%2Faccount,1
http://uz-infinbank.com/login,1
http://h-amkorbank.com/login?next=%2Faccount,1
https://aws.amazon.com/en,0
https://netflix.com/cards,0
http://kapitalbakn.uz/verify,1
http://best-oson.com/verify,1
http://payem.com/transfer,1
https://www.aloqabank.uz/messages,0
http://apelisn.net/account/verify,1
http://poch-tabank.uz/tolov,1
https://economist.com/ru,0
https://www.yandex.uz/media,0
https://mytaxi.uz/en,0
https://youtube.com/settings,0
http://c11ck.ru/auth,1
http://42.254.94.42/pochtabank/login?next=%2Faccount,1
http://infinban.org/payment/confirm,1
http://xalqbnk.kz/login,1
http://94.54.5.179:8080/trastbank/auth,1
http://iapkyulibank.ru:8080/login,1
http://anorbank-hisob.com/login,1
http://paynet-2024.io/hisob,1
http://kapi-talbank.com/secure/login,1
https://www.sputniknews.uz/user/profile,0
http://asakabakn.org/account/verify,1
http://texagrobank-uz.net/tolov,1
http://uuzm.com/tolov,1
https://www.trastbank.uz/static/css/main.css,0
http://uzpost-bank.org/account/verify,1
http://ipakyulibank-secure.net/banking/login,1
https://microsoft.com/en,0
http://aeplsin.io/p?redirect=true,1
http://178.145.63.119/kapitalbank/banking/login,1
https://mdis.uz/robots.txt,0
https://infinbank.uz/robots.txt,0
http://l5gon7rfvbakago03s4l7g.online/verify,1
http://104.194.204.163:8080/aloqabank/login,1
http://new-uzum.kz/login,1
https://wordpress.com/products/list,0
http://anorbakn.com/cards/activate,1
http://secure-infinbank.io/login,1
http://tbcb4nk.uz/confirm,1
https://www.bbc.com/history,0
https://hamkorbank.uz/payments,0
http://kapitalbank-card.kz/auth,1
http://hamkorbank-service.org/p?redirect=true,1
https://pypi.org/sitemap.xml,0
http://texagrobank-pay.co/confirm,1
http://pocthabank.kz/login,1
http://verify-anorbank.uz/cards/activate,1
http://new-texagrobank.ru/banking/login,1
http://asakabak.ru/verify,1
https://www.pypi.org/faq,0
http://aloqabnak.co/auth,1
http://official-asakabank.kz/p?redirect=true,1
http://224.158.63.157:8080/uzum/banking/login,1
http://c11ck.uz/secure/login,1
https://www.yahoo.com/search,0
http://ipakylibank.co/tolov,1
https://pochtabank.uz/download,0
http://anorbank-uz.net/karta/faollashtirish,1
https://amazon.com/history,0
http://uz-kapitalbank.org/confirm,1
https://www.docs.python.org/user/profile,0
http://trast-bank.org/login,1
https://nature.com/login,0
http://161.169.77.185:8080/sqb/transfer,1
http://xalqbank-2024.com/kirish,1
http://ipotekabank.ml/p?redirect=true,1
http://lcick.co/hisob,1
http://ipotekabank-secure.kz/confirm,1
http://humo-uz.kz/verify,1
https://customs.uz/privacy,0
https://daryo.uz/banking,0
https://nbu.uz@malicious011.com/login,1
http://agrobank-service.io/auth,1
http://c11ck.kz/login?next=%2Faccount,1
https://facebook.com/payments,0
https://mf.uz/security,0
http://asakabank-secure.org/kirish,1
http://ipakyulibank-online.kz/auth,1
http://real-kapitalbank.ru/login,1
http://uzp-ost.org/cards/activate,1
http://54.14.123.172/payme/login,1
https://www.soliq.uz/sitemap.xml,0
http://official-agrobank.org/p?redirect=true,1
http://uzcardd.uz/tolov,1
http://sqb-pay.net/payment/confirm,1
https://nbu.uz/user/profile,0
http://ipotekabank-confirm.com/login,1
https://uza.uz/faq,0
http://apelsin-uz.kz/transfer,1
http://tbcbank-uz.org/payment/confirm,1
http://a-norbank.uz/confirm,1
https://nbu.uz/banking,0
http://xalqbank-xavfsiz.com/hisob,1
http://ioptekabank.uz/account/verify,1
https://infinbank.uz/main,0
http://ipoteabank.ru/hisob,1
http://99.139.130.207/xalqbank/banking/login,1
http://new-apelsin.com/banking/login,1
http://ipaykulibank.com/secure/login,1
https://tma.uz/media,0
http://tbcbank-2024.io/karta/faollashtirish,1
https://www.agrobank.uz/wiki,0
https://www.paynet.uz/sitemap.xml,0
http://new-uzpost.com/karta/faollashtirish,1
http://pochabank.co/transfer,1
https://kubernetes.io/wiki,0
http://ipotekaba-nk.com/hisob,1
http://410q4b4nk.net/verify,1
http://c11ck.uz/banking/login,1
http://humo-2024.com/account/verify,1
https://ems.uz/search,0
http://251.184.40.7/kapitalbank/transfer,1
http://xavfsiz-agrobank.uz/hisob,1
https://ipakyulibank.uz/ru/about,0
http://login-asakabank.kz:8443/login,1
http://pochtabank-service.org:8080/login,1
https://pochta.uz/news,0
https://xalqbank.uz/app,0
http://58.141.50.12/uzum/cards/activate,1
https://shopify.com/products/list,0
http://kpaitalbank.co/secure/login,1
https://www.click.uz/faq,0
http://oson.site/account/verify,1
http://oson-pay.kz/,1
http://184.47.218.197/apelsin/cards/activate,1
https://linkedin.com/help,0
http://tbcbank-service.org/login,1
http://hamkorbank.uz@malicious010.com/kirish,1
https://www.xs.uz/cards,0
https://reuters.com/blog,0
http://hamkorban-k.co/hisob,1
http://trastbank-net.uz/karta/faollashtirish,1
https://www.tuit.uz/banking,0
http://agrobank-uz.verify-account.net/login?next=%2Faccount,1
https://www.pochta.uz/media,0
http://te-xagrobank.kz/kirish,1
http://1.173.62.160:8080/click/account/verify,1
https://yandex.uz/profile,0
http://oson-net.kz/transfer,1
http://ipotekabank-bank.co/login?next=%2Faccount,1
http://trastbank-service.kz/auth,1
http://humo-verify.com/kirish,1
http://infinbank-online.com:9090/login,1
http://ipotekaban.co/confirm,1
http://best-asakabank.net/p?redirect=true,1
https://www.uzinfocom.uz/faq,0
http://uzcard-online.ru/hisob,1
https://humo.uz/search,0
https://samdu.uz/uz,0
http://verify-ipakyulibank.net/payment/confirm,1
https://qalampir.uz/category/news,0
https://hamkorbank.uz/privacy,0
http://rastbank.ru/payment/confirm,1
http://best-uzcard.ru/payment/confirm,1
http://uzpots.io/hisob,1
https://www.uzum.uz/en,0
http://h-amkorbank.co/login,1
http://uz-post.io/verify,1
https://www.zamin.uz/report,0
http://hamkorban-k.net/p?redirect=true,1
http://uz-uzcard.io/login?next=%2Faccount,1
http://hamkorbank-online.kz/tolov,1
https://forbes.com/payments,0
http://anorbank.ml/payment/confirm,1
http://ininbank.io/hisob,1
http://199.47.107.6:8080/agrobank/secure/login,1
http://trsatbank.ru/login,1
http://secure-aloqabank.co/login?next=%2Faccount,1
http://asakbank.io/payment/confirm,1
http://pynet.com/karta/faollashtirish,1
http://kapitalbakn.co/hisob,1
https://www.yoshlar.uz/api,0
https://kommersant.uz/2024/,0
http://tbcbank-uz.ru/account/verify,1
https://www.daryo.uz/about-us,0
http://pochtabakn.net/secure/login,1
http://ipaky-ulibank.uz/verify,1
https://pypi.org/download,0
http://a-norbank.kz/login?next=%2Faccount,1
http://tbbcank.ru/karta/faollashtirish,1
http://ifninbank.net/banking/login,1
http://anor-bank.net/tolov,1
http://humoo.ru/hisob,1
http://agrobank-confirm.com/kirish,1
https://yandex.uz/static/css/main.css,0
http://new-paynet.io/login,1
http://zpost.io/login?next=%2Faccount,1
https://aws.amazon.com/payments,0
http://aplsin.io/login,1
https://stackoverflow.com/products/list,0
https://www.infinbank.uz/media,0
http://login-xalqbank.kz/p?redirect=true,1
http://pochtaban-k.com/payment/confirm,1
https://www.oson.uz/help,0
http://apynet.org/karta/faollashtirish,1
http://online-kapitalbank.com/banking/login,1
https://linkedin.com/en/services,0
https://infinbank.uz/download,0
https://www.uzum.uz/messages,0
http://sqb-uz.io/tolov,1
http://pochtaban.net/cards/activate,1
http://payn-et.co/karta/faollashtirish,1
http://asakabank-online.ru/auth,1
https://infinbank.uz/dashboard,0
http://43.142.2.126:8080/uzcard/payment/confirm,1
http://agroabnk.io/verify,1
http://login.secure.account3.ipakyulibank.uz.phish.com/auth,1
http://u-zpost.ru/login,1
https://bing.com/ru,0
https://wix.com/category/services,0
https://cnn.com/offers,0
http://official-humo.co/p?redirect=true,1
http://anorban-k.org/hisob,1
http://uzpos.org/banking/login,1
https://www.daryo.uz/category/services,0
http://aloqabnak.net/login,1
http://payent.kz/payment/confirm,1
https://kapitalbank.uz/messages,0
https://gazeta.uz/messages,0
http://hamkorbankpay.com/verify,1
https://wsj.com/transfer,0
http://real-click.net/tolov,1
http://ipakuylibank.co/login?next=%2Faccount,1
http://xalqbankk.kz/cards/activate,1
https://yandex.uz/terms,0
https://gov.uz/report,0
http://clic-k.uz/payment/confirm,1
http://44.187.143.120/trastbank/account/verify,1
http://piotekabank.net/karta/faollashtirish,1
https://www.cnn.com/category/news,0
http://160.131.90.35:8080/hamkorbank/banking/login,1
https://www.paynet.uz/services,0
http://tcbank.uz/cards/activate,1
http://official-ipakyulibank.io/verify,1
https://mytaxi.uz/main,0
https://www.ebay.com/uploads,0
http://uz-paynet.io/karta/faollashtirish,1
http://rastbank.kz/auth,1
http://agrobank-online.uz/transfer,1
https://twitter.com/notifications,0
http://payne-t.co/kirish,1
https://click.uz/robots.txt,0
http://texagrobank-bank.net/account/verify,1
https://youtube.com/uz,0
https://uza.uz/index.html,0
http://new-click.net/p?redirect=true,1
https://mehnat.uz/mobile,0
http://kaiptalbank.kz/auth,1
http://soon.co/login,1
https://uzinfocom.uz/banking,0
https://parlament.uz/2024/,0
http://secure-uzcard.com/confirm,1
https://pochta.uz/category/services,0
http://humo-online.ru/tolov,1
https://www.apelsin.uz/notifications,0
https://economist.com/products,0
https://yahoo.com/uploads,0
http://paynet.site/banking/login,1
https://bibim.uz/main,0
http://kapi-talbank.co/hisob,1
https://www.zamin.uz/banking,0
http://official-pochtabank.net/login?next=%2Faccount,1
http://uzum.uz@malicious004.com/kirish,1
http://eq2oo5nu9qrkd0lkd9g2j6.click/auth,1
https://e-gov.uz/blog,0
http://axlqbank.uz/login,1
http://pochtaban-k.kz/hisob,1
https://azure.microsoft.com/app,0
https://www.ipakyulibank.uz/search,0
http://apelsin-2024.org/login,1
http://payme-secure.io/account/verify,1
http://oso-n.kz/cards/activate,1
https://payme.uz/main,0
http://249.3.176.233:8080/texagrobank/karta/faollashtirish,1
http://click-login.org/auth,1
http://30.13.22.80:8080/xalqbank/login,1
https://aloqabank.uz/robots.txt,0
https://daryo.uz/support,0
http://apelisn.uz/p?redirect=true,1
http://uz-aloqabank.org/account/verify,1
https://instagram.com/category/services,0
http://kapitabank.kz/auth,1
http://apelsin-net.com/auth,1
https://www.oson.uz/history,0
http://anobank.kz/payment/confirm,1
https://office.com/category/services,0
https://uzum.uz/banking,0
http://kaitalbank.org/login?next=%2Faccount,1
http://hamkorbank-online.net/account/verify,1
https://www.nytimes.com/about,0
http://oson-card.uz/tolov,1
https://docs.python.org/news,0
http://kapitalbank-net.co/confirm,1
http://paymeconfirm.com/verify,1
http://piakyulibank.com/verify,1
http://txeagrobank.kz/hisob,1
https://zamin.uz/settings,0
http://59.62.246.53:8080/agrobank/login,1
https://www.gazeta.uz/robots.txt,0
http://texagrobnk.ru/confirm,1
http://kapitlabank.co/banking/login,1
http://payne-t.ru/auth,1
http://agrbank.kz/secure/login,1
http://187.253.95.66/paynet/confirm,1
https://anorbank.uz/logout,0
http://online-sqb.co/confirm,1
http://secure-xalqbank.org/confirm,1
http://uz-texagrobank.uz/karta/faollashtirish,1
http://official-uzcard.com:9090/login,1
https://docs.python.org/docs,0
http://uzpost-online.com/login?next=%2Faccount,1
http://askaabank.uz/p?redirect=true,1
http://kapital-bank.com/transfer,1
http://secure-hamkorbank.kz/payment/confirm,1
https://office.com/index.html,0
http://cick.org/account/verify,1
http://secure-asakabank.kz/kirish,1
http://xalqban.io/banking/login,1
https://github.com/settings,0
http://163.220.248.72/trastbank/cards/activate,1
https://reddit.com/logout,0
http://best-sqb.kz/banking/login,1
http://real-pochtabank.kz/kirish,1
https://linkedin.com/login,0
http://xalqbankk.kz/secure/login,1
https://zamin.uz/category/news,0
https://mdis.uz/payments,0
http://apelsin.gq/secure/login,1
http://pochtaba-nk.ru/cards/activate,1
http://payne.io/cards/activate,1
http://online-ipotekabank.uz/p?redirect=true,1
http://ha-mkorbank.io/karta/faollashtirish,1
http://online-agrobank.ru/karta/faollashtirish,1
http://ka-pitalbank.kz/kirish,1
https://www.forbes.com/2024/,0
https://my.gov.uz/uploads,0
http://uzpost-secure.uz/kirish,1
https://www.cnn.com/help,0
https://www.texagrobank.uz/payments,0
http://real-anorbank.ru/tolov,1
http://hamkorbank-net.net/secure/login,1
http://infnibank.com/banking/login,1
https://www.tdiu.uz/category/news,0
http://best-hamkorbank.uz/hisob,1
http://aplesin.uz/auth,1
http://aloqabank-bank.ru/verify,1
https://xalqbank.uz/main,0
https://cloud.google.com/security,0
http://texagroabnk.io/transfer,1
https://pypi.org/analytics,0
http://payme-net.kz/verify,1
https://www.uznet.uz/offers,0
http://xalqb-ank.ru/account/verify,1
http://apels-in.kz/login?next=%2Faccount,1
http://official-kapitalbank.ru/login,1
http://ipkyulibank.co/cards/activate,1
http://ipakyulibank-bank.com/verify,1
http://online-click.com/secure/login,1
http://texargobank.com/verify,1
https://ft.com/help,0
http://xlaqbank.io/account/verify,1
http://login-ipakyulibank.com/cards/activate,1
http://texagroba-nk.ru/confirm,1
https://humans.uz/index.html,0
http://login-asakabank.com/,1
https://oson.uz/home,0
https://soliq.uz/category/news,0
https://mehnat.uz/products/list,0
https://humo.uz/ru/about,0
http://paye.co/cards/activate,1
https://www.payme.uz/index.html,0
http://252.14.164.2:8080/kapitalbank/login?next=%2Faccount,1
http://117.2.74.210/uzum/cards/activate,1
http://qsb.net/transfer,1
http://paymee.ru/cards/activate,1
https://bbc.com/static/css/main.css,0
https://www.ijro.uz/user/profile,0
http://panet.net/kirish,1
http://my-tbcbank.net/account/verify,1
https://www.kun.uz/,0
http://infinbakn.org/login,1
http://410q4b4nk.uz/login?next=%2Faccount,1
https://www.paypal.com/ru,0
https://anorbank.uz/ru/about,0
http://argobank.ru/login?next=%2Faccount,1
http://191.33.185.244/apelsin/banking/login,1
http://uz-tbcbank.uz/payment/confirm,1
http://trastbank-login.ru/kirish,1
https://infinbank.uz/ru/about,0
http://229.214.195.33/tbcbank/login,1
https://qalampir.uz/support,0
http://p4yn3t.net/hisob,1
https://apple.com/home,0
http://secure-kapitalbank.ru/verify,1
http://online-uzum.com/banking/login,1
http://login-uzum.net/hisob,1
http://410q4b4nk.co/banking/login,1
https://www.amazon.com/about-us,0
https://sqb.uz/payments,0
https://www.wsj.com/logout,0
http://click-service.net/payment/confirm,1
https://www.mdis.uz/register,0
http://agrobakn.kz/p?redirect=true,1
https://www.theguardian.com/search,0
https://sqb.uz/about-us,0
https://epay.uz/logout,0
http://oson.gq/transfer,1
https://ems.uz/home,0
http://t-bcbank.ru/confirm,1
https://google.com/category/news,0
http://texagobank.ru/confirm,1
http://in-finbank.net/cards/activate,1
http://verify-paynet.org/secure/login,1
https://developer.mozilla.org/services,0
https://yoshlar.uz/cards,0
https://kubernetes.io/api,0
http://166.102.83.137:8080/xalqbank/karta/faollashtirish,1
https://www.uza.uz/products/list,0
http://37.5.74.6/nbu/verify,1
http://ipotekbaank.co/kirish,1
https://www.click.uz/download,0
http://pochtabank.uz.payment-confirm.ru/confirm,1
https://bing.com/transfer,0
http://humo-online.kz/kirish,1
https://ipotekabank.uz/category/news,0
http://infinbank-pay.com/p?redirect=true,1
http://asakabakn.ru/cards/activate,1
http://nbu.info/verify,1
https://uza.uz/settings,0
https://developer.mozilla.org/help,0
http://apelsin-uz.org/tolov,1
https://kapitalbank.uz/blog,0
http://uzum.uz@malicious011.com/kirish,1
http://anrbank.uz/payment/confirm,1
http://apelsin-secure.com/account/verify,1
http://ahmkorbank.net/tolov,1
http://hmo.io/karta/faollashtirish,1
http://best-uzpost.io/banking/login,1
http://anrbank.co/karta/faollashtirish,1
http://online-sqb.net/kirish,1
https://youtube.com/services,0
https://samdu.uz/api/v1/health,0
http://tasdiqlash-uzpost.uz/transfer,1
http://my-ipotekabank.co/payment/confirm,1
http://hamkorbank-bank.uz/auth,1
https://paypal.com/services,0
https://www.sqb.uz/uz,0
http://uzpost-bank.org/payment/confirm,1
https://facebook.com/static/css/main.css,0
http://online-aloqabank.co/secure/login,1
http://trastabnk.net/banking/login,1
https://kubernetes.io/user/profile,0
http://texagrobank-net.com/kirish,1
https://npmjs.com/mobile,0
http://lcick.ru/verify,1
http://144.143.212.202/uzum/login?next=%2Faccount,1
https://netflix.com/help,0
http://uzcard-bank.ru/auth,1
https://www.pochtabank.uz/services,0
http://click-uz.co/hisob,1
http://new-sqb.org/tolov,1
http://paynet-online.kz/transfer,1
https://www.tsue.uz/2024/,0
http://texagrobankaccount.com/kirish,1
http://uzpos.com/confirm,1
https://www.adobe.com/faq,0
http://paynet-service.ru/login?next=%2Faccount,1
https://www.office.com/security,0
http://new-apelsin.net/kirish,1
https://www.kun.uz/products/list,0
http://clickk.co/confirm,1
http://my-uzum.kz/account/verify,1
https://nytimes.com/ru/about,0
http://ucard.net/karta/faollashtirish,1
http://hamkorbankaccount.com/karta/faollashtirish,1
http://alqoabank.com/secure/login,1
https://github.com/sitemap.xml,0
http://ap-elsin.net/login?next=%2Faccount,1
http://paynet-confirm.com/account/verify,1
https://slack.com/about,0
http://official-agrobank.io/karta/faollashtirish,1
https://texagrobank.uz/news,0
https://visa.com/ru,0
https://payme.uz/logout,0
http://nbu-card.uz/kirish,1
http://w2lmegs7ukaqlgx.online/secure/login,1
https://tdiu.uz/home,0
http://online-aloqabank.co/p?redirect=true,1
http://poc-htabank.net/transfer,1
http://uzum-uz.io/karta/faollashtirish,1
http://pa-ynet.io/verify,1
http://hamkobank.org/p?redirect=true,1
https://outlook.com/logout,0
http://verify-agrobank.uz/auth,1
http://apelsi.com/confirm,1
http://payme-login.io/p?redirect=true,1
https://kommersant.uz/ru,0
http://t-rastbank.org/karta/faollashtirish,1
https://pochta.uz/ru,0
http://sbq.org/login?next=%2Faccount,1
http://ininbank.kz/hisob,1
http://uzp-ost.ru/tolov,1
http://kapitalbank-uz.net/banking/login,1
https://cloudflare.com/register,0
https://uzum.uz/media,0
https://dropbox.com/en/services,0
http://hmkorbank.org/banking/login,1
https://www.amazon.com/main,0
https://apelsin.uz/security,0
https://yahoo.com/dashboard,0
http://uz-infinbank.co/verify,1
http://alqabank.kz/cards/activate,1
https://shopify.com/notifications,0
https://nature.com/about,0
https://www.epay.uz/uz/hizmatlar,0
http://ipotekabank-uz.net/payment/confirm,1
http://tbcbank-uz.ru/karta/faollashtirish,1
https://uzum.uz/history,0
http://oso-n.io/transfer,1
http://rastbank.net/p?redirect=true,1
http://uzc4rd.io/secure/login,1
http://tbcbank.uz@malicious005.com/kirish,1
http://apelsin.uz@malicious010.com/kirish,1
http://78.167.126.193:8080/aloqabank/cards/activate,1
https://www.e-gov.uz/messages,0
https://reuters.com/privacy,0
http://aeplsin.uz/payment/confirm,1
https://pochta.uz/products/list,0
https://tdiu.uz/wiki,0
https://www.anorbank.uz/api,0
https://www.bing.com/wiki,0
http://uzcrad.kz/login,1
http://ipotekaabnk.ru/verify,1
https://www.tuit.uz/products/list,0
http://aloqabank.ml/confirm,1
http://new-ipakyulibank.io/payment/confirm,1
https://uza.uz/uz/hizmatlar,0
http://trastabnk.com/cards/activate,1
http://t3x4gr0b4nk.org/kirish,1
http://anorbakn.io/cards/activate,1
http://humo-card.com/secure/login,1
https://tbcbank.uz@malicious007.com/login,1
https://zamin.uz/analytics,0
http://208.182.199.158/kapitalbank/cards/activate,1
http://verify-agrobank.org/kirish,1
https://www.dunyo.uz/analytics,0
https://www.paypal.com/products/list,0
http://trastbankk.com/kirish,1
http://nub.org/payment/confirm,1
http://teaxgrobank.ru/secure/login,1
https://payme.uz/privacy,0
https://npmjs.com/terms,0
https://parlament.uz/notifications,0
http://a-norbank.uz:8443/login,1
http://best-paynet.ru/login?next=%2Faccount,1
http://pochtbank.net/login?next=%2Faccount,1
https://facebook.com/category/services,0
https://shopify.com/register,0
http://pochtabank-net.uz/transfer,1
http://etxagrobank.uz/cards/activate,1
https://dunyo.uz/robots.txt,0
http://agobank.net/auth,1
http://texag-robank.ru/hisob,1
http://sqb-account.com/verify,1
https://azure.microsoft.com/login,0
http://ipotekabank-uz.net/kirish,1
http://fote7c3kquaeird7z2e8n3.ml/account/verify,1
https://gazeta.uz/payments,0
http://202.166.240.146:8080/nbu/kirish,1
http://paynet-secure.uz/login?next=%2Faccount,1
https://www.soliq.uz/ru,0
https://yoshlar.uz/search,0
http://best-oson.kz/kirish,1
http://new-infinbank.com/banking/login,1
http://best-aloqabank.uz/payment/confirm,1
http://texgarobank.com/karta/faollashtirish,1
https://tdiu.uz/privacy,0
https://nytimes.com/banking,0
http://151.165.123.123/sqb/verify,1
https://ft.com/api,0
https://sqb.uz/home,0
http://uzpots.io/transfer,1
https://www.trastbank.uz/notifications,0
http://trastabnk.ru/kirish,1
https://my.gov.uz/analytics,0
http://zcard.ru/cards/activate,1
http://ipakyuibank.ru/hisob,1
http://new-texagrobank.com/login,1
https://www.zoom.us/index.html,0
https://tdiu.uz/terms,0
http://p-ochtabank.io/cards/activate,1
https://cloudflare.com/user/profile,0
http://new-click.uz/login,1
https://bbc.com/home,0
http://agorbank.uz/login,1
http://217.154.9.150/pochtabank/cards/activate,1
http://ayme.com/payment/confirm,1
http://uz-anorbank.uz/banking/login,1
http://hamkobrank.com/confirm,1
http://yvlnzuqqn61fkb.ml/transfer,1
http://kaptalbank.io/karta/faollashtirish,1
http://162.232.114.4:8080/texagrobank/tolov,1
https://uzinfocom.uz/contact,0
http://xalqbank-2024.uz/account/verify,1
https://wordpress.com/support,0
https://mf.uz/app,0
https://asakabank.uz/faq,0
https://instagram.com/privacy,0
https://wordpress.com/messages,0
http://tbcbakn.com/auth,1
http://new-pochtabank.co/confirm,1
http://texagrobank-login.co/payment/confirm,1
http://official-uzcard.uz/,1
http://online-ipakyulibank.net/login?next=%2Faccount,1
http://login-payme.net/account/verify,1
http://verify-aloqabank.ru/secure/login,1
https://sputniknews.uz/uploads,0
https://www.science.org/notifications,0
https://www.bloomberg.com/app,0
https://sqb.uz/contact,0
http://real-texagrobank.ru/payment/confirm,1
http://secure-oson.co/banking/login,1
http://yhecfxw7pt0rk.click/karta/faollashtirish,1
http://official-uzpost.org/tolov,1
http://official-uzcard.com/secure/login,1
https://google.com/mobile,0
https://xb.uz/support,0
https://zamin.uz/uploads,0
https://www.cloudflare.com/ru/about,0
http://nbu-login.uz:3000/login,1
http://opchtabank.io/verify,1
https://customs.uz/settings,0
http://c-lick.io/banking/login,1
https://asakabank.uz/category/services,0
https://mehnat.uz/products,0
https://zamin.uz/2024/,0
https://www.netflix.com/dashboard,0
http://norbank.com/confirm,1
http://infinbank-pay.net/hisob,1
http://real-uzcard.ru/karta/faollashtirish,1
http://paynet.uz@malicious007.com/kirish,1
https://kubernetes.io/transfer,0
https://interfax.uz/mobile,0
http://184.111.179.24:8080/uzum/transfer,1
http://real-tbcbank.uz/auth,1
https://www.stat.uz/search,0
http://asaabank.net/karta/faollashtirish,1
http://secure-texagrobank.co/login,1
http://infinbank.tk/karta/faollashtirish,1
http://clikc.kz/account/verify,1
https://dunyo.uz/logout,0
http://official-aloqabank.io/verify,1
http://pochtabankaccount.com/transfer,1
https://aws.amazon.com/contact,0
https://www.soliq.uz/terms,0
https://mdis.uz/download,0
https://aws.amazon.com/ru/about,0
http://my-apelsin.io/p?redirect=true,1
http://99.126.10.22:8080/nbu/verify,1
http://51.178.93.12/payme/karta/faollashtirish,1
http://uz-asakabank.kz/auth,1
https://uzinfocom.uz/help,0
https://bibim.uz/support,0
http://verify-ipakyulibank.io/p?redirect=true,1
http://44.141.136.140:8080/ipakyulibank/login,1
https://agrobank.uz/ru,0
http://trastban-k.ru/confirm,1
http://cc30gbkerlh8.site/p?redirect=true,1
https://www.sqb.uz/download,0
https://gov.uz/uz/hizmatlar,0
http://hum0.kz/confirm,1
http://asakaabnk.ru/banking/login,1
https://bibim.uz/search,0
http://2.222.249.84/texagrobank/banking/login,1
https://mdis.uz/privacy,0
https://xs.uz/search,0
http://trastbakn.net/cards/activate,1
http://aloqabankaccount.com/hisob,1
http://c-lick.uz/payment/confirm,1
http://official-nbu.ru/auth,1
http://ipotek-abank.com/kirish,1
https://zamin.uz/about,0
http://new-texagrobank.co/payment/confirm,1
http://kapitabank.uz/cards/activate,1
http://real-humo.com:9090/login,1
https://xs.uz/transfer,0
http://texagrob-ank.co/confirm,1
http://sqb-uz.org/payment/confirm,1
https://uzb.uz/main,0
http://new-humo.net/account/verify,1
https://www.facebook.com/contact,0
http://trastban-k.com/confirm,1
https://instagram.com/messages,0
https://stackoverflow.com/mobile,0
http://verify-texagrobank.io/payment/confirm,1
https://humans.uz/terms,0
http://humo.uz@malicious012.com/kirish,1
https://bloomberg.com/login,0
http://alo-qabank.ru/karta/faollashtirish,1
http://my-tbcbank.org/tolov,1
http://paynett.uz/tolov,1
http://humoo.net/p?redirect=true,1
http://xalqbank-login.co/payment/confirm,1
http://txeagrobank.io/kirish,1
https://azure.microsoft.com/history,0
https://www.wordpress.com/blog,0
https://epay.uz/docs,0
http://online-uzcard.io/hisob,1
http://ipakyulibank.uz.login-secure.com/secure/login,1
http://kapitalbank-login.uz/login,1
https://youtube.com/help,0
http://xlaqbank.org/account/verify,1
http://login-xalqbank.org/login,1
http://162.145.166.130:8080/ipakyulibank/tolov,1
https://license.uz/api/v1/health,0
http://aynet.org/p?redirect=true,1
http://te-xagrobank.net/kirish,1
http://hamkorban-k.org/login?next=%2Faccount,1
https://www.anorbank.uz/search,0
http://uzca-rd.uz/secure/login,1
http://tbcban-k.com/login?next=%2Faccount,1
https://www.mf.uz/api,0
http://251.184.40.7:8080/kapitalbank/transfer,1
http://uzcadr.io/cards/activate,1
https://apple.com/terms,0
https://facebook.com/app,0
http://uzpsot.uz/transfer,1
http://infinbank-pay.org/p?redirect=true,1
http://uz-oson.org/login,1
https://samdu.uz/index.html,0
http://nbu-bank.co/confirm,1
http://asakabank-online.co/transfer,1
http://kapitalbank.info/login,1
http://real-apelsin.net/kirish,1
http://uz-apelsin.co/p?redirect=true,1
http://my-asakabank.co/secure/login,1
https://pharmi.uz/profile,0
http://new-aloqabank.net/confirm,1
http://ip-otekabank.io/kirish,1
http://asakabank-uz.net/login?next=%2Faccount,1
https://license.uz/terms,0
http://agrobank-login.com/secure/login,1
https://www.tdiu.uz/offers,0
http://agroank.org/cards/activate,1
https://epay.uz/help,0
http://kapialbank.kz/kirish,1
https://bloomberg.com/en,0
http://login-sqb.org/account/verify,1
http://paynet-card.co/tolov,1
https://amazon.com/products,0
http://pochtabak.com/login,1
https://trastbank.uz/transfer,0
http://ipakyuli-bank.io/login?next=%2Faccount,1
https://uzb.uz/analytics,0
http://ipaky-ulibank.net/tolov,1
http://teaxgrobank.org/karta/faollashtirish,1
http://uzum-service.kz/banking/login,1
http://te-xagrobank.kz/cards/activate,1
https://xs.uz/analytics,0
http://osonn.org/account/verify,1
https://anorbank.uz@malicious002.com/login,1
http://ipotekabankk.net/verify,1
http://aloqabank-login.ru/tolov,1
http://pay-uzcard.uz/kirish,1
http://alqoabank.net/kirish,1
http://ha-mkorbank.io/cards/activate,1
http://kuxpg3jpa9f.click/kirish,1
https://uzb.uz/messages,0
http://real-aloqabank.io/auth,1
http://aoqabank.com/cards/activate,1
https://edu.uz/download,0
http://xlaqbank.com/banking/login,1
http://hamkrobank.io/p?redirect=true,1
https://license.uz/uz/hizmatlar,0
http://confirm-aloqabank.uz/auth,1
https://wsj.com/support,0
http://asakabank-login.net/hisob,1
https://www.mehnat.uz/help,0
http://kapitalbank-net.io/payment/confirm,1
http://u-zcard.org/account/verify,1
http://paynet-2024.uz/auth,1
http://208.95.100.114:8080/texagrobank/login,1
http://texagrobnak.kz/verify,1
http://18.228.250.210:8080/infinbank/banking/login,1
https://payme.uz/login,0
https://www.reddit.com/2024/,0
http://iakyulibank.io/karta/faollashtirish,1
http://50.54.61.29:8080/uzpost/p?redirect=true,1
https://microsoft.com/robots.txt,0
https://aloqabank.uz/analytics,0
http://payem.uz/login?next=%2Faccount,1
https://edu.uz/notifications,0
http://new-pochtabank.io/payment/confirm,1
https://facebook.com/mobile,0
http://199.246.51.41/uzum/hisob,1
https://www.cloudflare.com/logout,0
http://uzu-m.uz/auth,1
https://slack.com/wiki,0
http://208.247.122.177/infinbank/account/verify,1
http://kapitabank.ru/cards/activate,1
http://osontasdiqlash.com/secure/login,1
https://netflix.com/analytics,0
http://hamkorank.io/cards/activate,1
http://best-humo.co/cards/activate,1
https://twitter.com/transfer,0
http://payme-uz.kz/karta/faollashtirish,1
http://uz-card.co/transfer,1
http://iptekabank.uz/account/verify,1
http://hamkor-bank.org/login,1
http://kapitalbank-uz.verify-account.net/verify,1
http://online-ipakyulibank.uz/tolov,1
https://www.ijro.uz/logout,0
http://tbcban-k.ru/tolov,1
http://248.145.167.87/sqb/confirm,1
https://www.adobe.com/home,0
http://xlaqbank.kz/p?redirect=true,1
http://uzpost-online.net/banking/login,1
https://www.twitter.com/uz/hizmatlar,0
https://humo.uz/about,0
http://12.218.187.140:8080/payme/cards/activate,1
http://kapitalabnk.ru/verify,1
https://prokuratura.uz/terms,0
https://apelsin.uz@malicious009.com/login,1
http://kapitalbank-net.io/login?next=%2Faccount,1
http://h-amkorbank.uz/karta/faollashtirish,1
http://my-asakabank.io/payment/confirm,1
http://ipakyulibnk.io/login,1
https://www.slack.com/register,0
https://kun.uz/download,0
https://stat.uz/home,0
http://agrobnak.net/auth,1
http://uzcard-secure.co/verify,1
http://anorbank-verify.com/p?redirect=true,1
http://anrobank.co/verify,1
https://www.podrobno.uz/mobile,0
http://a-grobank.ru/tolov,1
https://tsue.uz/sitemap.xml,0
http://196.119.85.1:8080/trastbank/account/verify,1
http://ipakyulibakn.co/secure/login,1
http://humo-2024.ru/payment/confirm,1
https://click.uz/report,0
http://uzu-m.io/kirish,1
http://secure-tbcbank.com/cards/activate,1
https://pochtabank.uz@malicious005.com/login,1
http://humo.cf/secure/login,1
http://uz-card.uz/hisob,1
http://infinbank-uz.io/cards/activate,1
http://pochtaban-k.net/transfer,1
https://outlook.com/uploads,0
http://wzgovq1unp.gq/account/verify,1
https://pochtabank.uz/static/css/main.css,0
https://kommersant.uz/mobile,0
http://uz-texagrobank.org/verify,1
https://www.edu.uz/login,0
http://asakabank-2024.ru/hisob,1
https://www.edu.uz/payments,0
https://ft.com/register,0
https://yoshlar.uz/download,0
https://netflix.com/,0
http://lick.kz/confirm,1
http://online-sqb.co/secure/login,1
http://online-paynet.org/tolov,1
http://new-tbcbank.kz/secure/login,1
https://nuu.uz/logout,0
https://bibim.uz/download,0
https://qalampir.uz/help,0
http://click-pay.io/karta/faollashtirish,1
https://slack.com/index.html,0
http://real-texagrobank.net/verify,1
https://xalqbank.uz/home,0
https://adobe.com/app,0
https://pochta.uz/products,0
https://paynet.uz/contact,0
http://xalqbak.io/auth,1
https://uzum.uz@malicious009.com/login,1
http://uzpost-bank.net/karta/faollashtirish,1
http://infinbank-service.com/auth,1
http://ipote-kabank.kz/auth,1
https://www.docs.python.org/banking,0
https://yandex.uz/media,0
https://xalqbank.uz/mobile,0
http://hu-mo.org/secure/login,1
http://uzum-uz.org/transfer,1
http://ano-rbank.io/auth,1
http://al-oqabank.com/kirish,1
https://tsue.uz/security,0
http://official-anorbank.ru/verify,1
https://www.pharmi.uz/analytics,0
https://theguardian.com/api,0
http://ipayulibank.io/login,1
https://theguardian.com/security,0
https://twitter.com/news,0
http://new-ipotekabank.co/payment/confirm,1
https://my.gov.uz/contact,0
http://new-ipotekabank.io/login,1
https://linkedin.com/about,0
http://best-sqb.net/login?next=%2Faccount,1
http://infinban-k.ru/confirm,1
https://instagram.com/support,0
http://tbcban.io/karta/faollashtirish,1
http://infinabnk.uz/secure/login,1
https://economist.com/settings,0
http://trastbank-uz.co/auth,1
http://asakabnk.co/secure/login,1
http://askabank.uz/confirm,1
https://www.mastercard.com/wiki,0
https://prokuratura.uz/main,0
http://best-aloqabank.org/verify,1
https://zamin.uz/blog,0
https://www.aws.amazon.com/dashboard,0
https://parlament.uz/support,0
http://clck.com/secure/login,1
http://asakabankk.net/transfer,1
https://www.agrobank.uz/payments,0
http://aloqabank-secure.com/hisob,1
http://u-zpost.org/account/verify,1
http://h-umo.io/verify,1
https://cloud.google.com/register,0
http://login-tbcbank.kz/account/verify,1
https://www.yoshlar.uz/security,0
https://kommersant.uz/cards,0
https://parlament.uz/settings,0
http://trastbank-card.io/kirish,1
http://best-kapitalbank.io/p?redirect=true,1
http://secure-aloqabank.org/payment/confirm,1
https://asakabank.uz/blog,0
http://trastbank-pay.com/verify,1
http://27.1.145.130/texagrobank/hisob,1
http://sqb-2024.io/confirm,1
http://texagrobak.ru/cards/activate,1
http://zum.org/banking/login,1
http://verify-trastbank.ru/verify,1
http://online-tbcbank.ru/banking/login,1
https://ebay.com/main,0
http://official-agrobank.kz/hisob,1
http://ipoteabank.io/auth,1
http://agrobank-card.ru:9090/login,1
https://ipotekabank.uz/en,0
https://xs.uz/about,0
http://payme-card.kz/p?redirect=true,1
http://anorbank-pay.kz/tolov,1
http://trstbank.co/cards/activate,1
http://229.111.252.23/payme/payment/confirm,1
http://login-ipakyulibank.co/kirish,1
http://login-aloqabank.com/verify,1
http://p-aynet.io/cards/activate,1
https://hub.docker.com/about,0
http://uzc4rd.kz/confirm,1
http://sqb-2024.io/auth,1
https://daryo.uz/uz/hizmatlar,0
http://kapita-lbank.org/transfer,1
http://pochtabank-online.kz/kirish,1
http://best-sqb.co/tolov,1
http://uzcard-secure.co/karta/faollashtirish,1
https://uzinfocom.uz/blog,0
http://my-ipotekabank.kz/kirish,1
http://q4d7ae3lut7la6frbg7y.cf/secure/login,1
https://www.epay.uz/dashboard,0
https://aws.amazon.com/wiki,0
http://ipakyulibank-online.ru/kirish,1
https://samdu.uz/download,0
https://agrobank.uz/mobile,0
http://online-ipakyulibank.com/confirm,1
https://qalampir.uz/history,0
https://www.pypi.org/app,0
http://login-paynet.uz/transfer,1
http://21.228.8.213:8080/humo/login?next=%2Faccount,1
http://agrobank-card.ru/login?next=%2Faccount,1
http://108.18.126.191:8080/uzpost/secure/login,1
https://ipotekabank.uz/robots.txt,0
http://pochtabnk.com/secure/login,1
http://trastbank-card.com/payment/confirm,1
https://stackoverflow.com/en/services,0
http://tarstbank.kz/payment/confirm,1
http://uzpost-pay.ru/verify,1
http://178.96.97.154:8080/ipotekabank/verify,1
http://nbu-online.net/account/verify,1
http://hamkorbnk.io/auth,1
https://uzinfocom.uz/uploads,0
http://agrobank-pay.com/cards/activate,1
http://anorban-k.kz/p?redirect=true,1
http://agrobakn.org/login?next=%2Faccount,1
http://agroban-k.net/account/verify,1
http://tbcbankaccount.com/payment/confirm,1
http://ham-korbank.uz/hisob,1
http://online-apelsin.com/account/verify,1
http://secure-hamkorbank.net/auth,1
https://tdiu.uz/profile,0
https://www.economist.com/wiki,0
http://click.rest/payment/confirm,1
https://www.infinbank.uz/privacy,0
http://t3670chcdnh2e0q1qm.gq/verify,1
http://tbcbank-card.co/hisob,1
https://www.wix.com/wiki,0
http://online-payme.io/transfer,1
http://ipoteabank.io/hisob,1
https://nature.com/payments,0
https://sog-liqni-saqlash.uz/help,0
http://my-payme.net/karta/faollashtirish,1
http://paynte.kz/secure/login,1
http://kapitalba-nk.net/login,1
https://humo.uz/2024/,0
https://ipakyulibank.uz/help,0
https://reddit.com/wiki,0
https://www.shopify.com/docs,0
https://humans.uz/profile,0
http://ipotekbank.org/login?next=%2Faccount,1
http://infinank.kz/confirm,1
https://tsue.uz/uz/hizmatlar,0
https://yahoo.com/transfer,0
http://official-uzcard.uz:8080/login,1
http://saakabank.kz/auth,1
http://aloqbank.io/hisob,1
https://www.npmjs.com/payments,0
https://pypi.org/privacy,0
http://official-agrobank.io/transfer,1
http://ipotekbaank.org/transfer,1
http://asakabnk.org/p?redirect=true,1
https://mytaxi.uz/privacy,0
http://new-nbu.ru/kirish,1
https://docs.python.org/about-us,0
https://e-gov.uz/2024/,0
http://nbu-uz.ru/verify,1
https://www.slack.com/home,0
https://my.gov.uz/privacy,0
http://new-pochtabank.kz/hisob,1
http://uz-card.org/karta/faollashtirish,1
http://252.203.225.174:8080/ipakyulibank/cards/activate,1
https://aloqabank.uz/contact,0
https://nuu.uz/en,0
http://best-apelsin.co/hisob,1
http://tasdiqlash-kapitalbank.uz/account/verify,1
https://www.stripe.com/en/services,0
http://online-hamkorbank.io/auth,1
https://kun.uz/faq,0
http://pyanet.net/banking/login,1
https://qalampir.uz/terms,0
http://hmo.kz/kirish,1
http://ipotekbaank.io/confirm,1
http://hamk-orbank.org/cards/activate,1
http://paelsin.ru/account/verify,1
http://hamkorb-ank.net/login?next=%2Faccount,1
http://payme-bank.ru/karta/faollashtirish,1
https://tuit.uz/security,0
https://tdiu.uz/mobile,0
https://kapitalbank.uz/faq,0
http://login-hamkorbank.net/p?redirect=true,1
http://osonn.org/banking/login,1
http://hamkorbank-online.ru/tolov,1
http://secure-apelsin.io/login?next=%2Faccount,1
http://pochtabakn.kz/kirish,1
https://www.uzcard.uz/products/list,0
http://14.233.194.49:8080/click/tolov,1
http://uz-uzcard.io/auth,1
http://uzum-login.com/payment/confirm,1
http://infinbank-card.com/login,1
https://tbcbank.uz/privacy,0
https://office.com/settings,0
https://asakabank.uz/media,0
http://new-asakabank.net/account/verify,1
http://texagrboank.kz/login,1
http://hamkorbank-bank.io/confirm,1
https://www.bloomberg.com/support,0
http://my-humo.kz/banking/login,1
http://126.183.246.54:8080/uzcard/login,1
https://yoshlar.uz/docs,0
http://best-trastbank.io/karta/faollashtirish,1
http://official-infinbank.org/banking/login,1
https://www.uzum.uz/help,0
https://kun.uz/offers,0
http://trastb-ank.uz/login?next=%2Faccount,1
http://uz-aloqabank.io/karta/faollashtirish,1
http://infinbakn.uz/kirish,1
http://hamkorbakn.ru/confirm,1
https://my.gov.uz/services,0
http://oson-pay.org/secure/login,1
https://netflix.com/sitemap.xml,0
http://nbu-online.io/banking/login,1
https://paypal.com/analytics,0
https://paynet.uz/download,0
https://xb.uz/banking,0
http://agrobank-bank.ru/kirish,1
https://yandex.uz/help,0
http://ipakulibank.co/auth,1
http://hamkorban.io/verify,1
http://online-agrobank.org/login?next=%2Faccount,1
http://ipotekaban.uz/cards/activate,1
http://aloqabank.cf/auth,1
http://verify-nbu.ru/login,1
http://humo.ml/karta/faollashtirish,1
https://dropbox.com/history,0
https://www.tdiu.uz/api/v1/health,0
http://ipotekabank-uz.com/payment/confirm,1
https://npmjs.com/transfer,0
https://docs.python.org/report,0
https://interfax.uz/terms,0
http://xalqbnk.uz/login,1
http://xaqlbank.com/karta/faollashtirish,1
https://payme.uz/offers,0
http://trastbank.uz.account-verify.net/p?redirect=true,1
https://www.apelsin.uz/download,0
http://uzcad.net/cards/activate,1
http://texagr-obank.net/payment/confirm,1
http://p-ochtabank.io/secure/login,1
http://ipakylibank.io/auth,1
https://linkedin.com/api/v1/health,0
https://pochta.uz/report,0
https://instagram.com/sitemap.xml,0
http://qsb.io/tolov,1
http://humo-2024.ru/transfer,1
https://gmail.com/uz,0
https://asakabank.uz/docs,0
http://anorb-ank.ru/cards/activate,1
http://16.201.110.4:8080/oson/account/verify,1
http://k-apitalbank.co/hisob,1
http://ofj641oklvc7pbgep9l.rest/hisob,1
http://secure-click.ru/auth,1
http://aloqabank-net.co/p?redirect=true,1
http://online-kapitalbank.kz/login?next=%2Faccount,1
http://cick.kz/secure/login,1
http://ipakyuliban.com/verify,1
http://paynet.gq/p?redirect=true,1
http://anorbank-2024.org/login,1
http://click-uz.io/login?next=%2Faccount,1
http://askabank.com/login,1
http://vh1uoqyn6k4d2c7mibp9uw.buzz/p?redirect=true,1
http://my-click.uz/cards/activate,1
https://www.hub.docker.com/api/v1/health,0
http://tbcabnk.io/auth,1
http://a-grobank.com/auth,1
http://online-hamkorbank.com/cards/activate,1
http://cick.org/login?next=%2Faccount,1
https://e-gov.uz/robots.txt,0
https://cnn.com/wiki,0
https://reuters.com/logout,0
https://www.instagram.com/offers,0
https://edu.uz/about,0
http://askabank.net/payment/confirm,1
https://interfax.uz/transfer,0
http://exagrobank.kz/account/verify,1
https://mf.uz/dashboard,0
http://ipotekaank.ru/hisob,1
https://wix.com/messages,0
https://reddit.com/faq,0
https://www.pochtabank.uz/user/profile,0
https://bing.com/settings,0
https://stackoverflow.com/settings,0
http://lcick.net/tolov,1
http://oson-secure.uz/auth,1
https://linkedin.com/news,0
https://xb.uz/terms,0
https://www.mastercard.com/sitemap.xml,0
https://court.uz/static/css/main.css,0
https://facebook.com/products/list,0
http://ipakyuliba-nk.io/auth,1
https://mehnat.uz/user/profile,0
http://nbu-pay.com/banking/login,1
http://hamkor-bank.co/tolov,1
http://secure-paynet.io/p?redirect=true,1
https://qalampir.uz/uz/hizmatlar,0
https://www.wix.com/dashboard,0
https://www.aws.amazon.com/faq,0
http://official-trastbank.io/payment/confirm,1
http://click-secure.com/karta/faollashtirish,1
https://hub.docker.com/cards,0
http://tbcabnk.co/account/verify,1
http://pochtaank.co/secure/login,1
https://paynet.uz/dashboard,0
http://secure-ipotekabank.io/hisob,1
http://texagrobank-verify.com/auth,1
http://aloqabank-bank.net/karta/faollashtirish,1
http://login.secure.account0.uzpost.uz.phish.com/auth,1
http://ipakuylibank.com/confirm,1
http://pocht-abank.org/payment/confirm,1
https://humans.uz/api/v1/health,0
http://hamkorbak.uz/secure/login,1
https://www.parlament.uz/en/services,0
http://best-click.com/banking/login,1
https://infinbank.uz/search,0
http://texagrbank.ru/verify,1
http://anorban.ru/cards/activate,1
http://asakaank.ru/cards/activate,1
https://ijro.uz/register,0
http://best-nbu.net/confirm,1
http://official-uzum.com/payment/confirm,1
http://ipotekaba-nk.com/tolov,1
http://kapitalba-nk.kz/verify,1
http://real-tbcbank.net/karta/faollashtirish,1
https://daryo.uz/en/services,0
http://zupost.net/p?redirect=true,1
http://ipakyuliba-nk.ru/banking/login,1
https://stackoverflow.com/payments,0
http://uzu-m.uz/transfer,1
https://xalqbank.uz/login,0
http://apyme.org/secure/login,1
http://kapit-albank.io/hisob,1
http://ipak-yulibank.io/tolov,1
http://tbcbank-2024.org/karta/faollashtirish,1
https://zoom.us/uz/hizmatlar,0
http://xalqbank-service.uz/verify,1
https://stripe.com/logout,0
https://agrobank.uz/offers,0
http://pochtbank.io/tolov,1
https://developer.mozilla.org/login,0
http://xalbank.ru/payment/confirm,1
http://trastbank-secure.kz/auth,1
https://spot.uz/search,0
http://192.7.253.199/uzcard/cards/activate,1
https://oson.uz/en/services,0
http://hamkorbank.cf/tolov,1
https://www.kubernetes.io/,0
http://asakbaank.org/auth,1
http://verify-texagrobank.kz/verify,1
http://verify-nbu.co/auth,1
http://infinbank-online.kz:8443/login,1
http://agrob-ank.kz/banking/login,1
https://wordpress.com/main,0
http://nbu-service.kz/auth,1
http://uz-um.com/cards/activate,1
https://www.wsj.com/download,0
http://uhmo.co/verify,1
https://google.com/api/v1/health,0
https://infinbank.uz/blog,0
http://nbu-uz.ru/hisob,1
http://hamkorbank-login.ru/kirish,1
https://e-gov.uz/uz,0
http://oson-service.net/confirm,1
http://aloq-abank.net/auth,1
http://uzcard-pay.net/tolov,1
https://humans.uz/dashboard,0
https://apple.com/api,0
https://paynet.uz@malicious003.com/login,1
https://www.pypi.org/about-us,0
https://www.aloqabank.uz/category/news,0
http://24.147.229.237/click/hisob,1
http://23.94.187.134/anorbank/tolov,1
https://interfax.uz/about-us,0
http://anorb-ank.io/account/verify,1
http://real-uzpost.io/account/verify,1
http://real-uzum.kz/account/verify,1
https://uzum.uz/en/services,0
http://uzcadr.co/login?next=%2Faccount,1
http://uzpost-bank.com/tolov,1
http://nub.org/tolov,1
https://tuit.uz/banking,0
https://cloudflare.com/products/list,0
http://kapitalbnk.uz/hisob,1
http://click-2024.com:3000/login,1
https://ijro.uz/mobile,0
http://apeslin.net/verify,1
http://best-paynet.org/tolov,1
http://1p0t3k4b4nk.kz/kirish,1
https://www.yandex.uz/payments,0
https://nytimes.com/history,0
https://www.mdis.uz/analytics,0
http://oson.tk/payment/confirm,1
https://court.uz/app,0
https://docs.python.org/transfer,0
http://wtjps03sklt7xeoen35.buzz/login,1
http://click.cf/secure/login,1
http://texagrobankxavfsiz.com/confirm,1
https://google.com/profile,0
https://www.yahoo.com/transfer,0
http://xalbqank.org/verify,1
https://microsoft.com/banking,0
http://ap-elsin.io/banking/login,1
https://mehnat.uz/category/services,0
https://sog-liqni-saqlash.uz/uz/hizmatlar,0
http://oson-card.org/secure/login,1
http://tbbcank.ru/p?redirect=true,1
http://infinbank-uz.uz/account/verify,1
https://nuu.uz/main,0
https://instagram.com/blog,0
http://huom.uz/verify,1
https://cloud.google.com/logout,0
http://tbcbank-secure.co/transfer,1
http://trastbank.uz@malicious011.com/kirish,1
http://hamkorank.ru/login?next=%2Faccount,1
https://humans.uz/uz,0
http://pame.ru/p?redirect=true,1
http://pochtbank.net/banking/login,1
https://xb.uz/static/css/main.css,0
http://4p3151n.com/banking/login,1
http://uzcardpay.com/transfer,1
https://kubernetes.io/en/services,0
https://www.texagrobank.uz/uz/hizmatlar,0
http://click.buzz/secure/login,1
http://new-click.net/secure/login,1
https://court.uz/wiki,0
http://iapkyulibank.ru/tolov,1
http://ipotekabankk.kz/secure/login,1
http://110.192.17.33/texagrobank/kirish,1
http://kapitalbank-card.ru/karta/faollashtirish,1
https://ijro.uz/uz,0
http://ipakyu-libank.net/login,1
http://paynet-service.ru/auth,1
http://4rj5uzrt924g1iq.cf/auth,1
https://www.customs.uz/uz/hizmatlar,0
https://nbu.uz/support,0
https://www.office.com/search,0
http://sqb-secure.kz/karta/faollashtirish,1
https://www.tma.uz/home,0
https://www.uzinfocom.uz/products,0
http://39.82.121.90/click/banking/login,1
https://prokuratura.uz/api/v1/health,0
http://hamk-orbank.ru/confirm,1
https://cloud.google.com/messages,0
http://ochtabank.net/kirish,1
http://ai77lx956jd1.tk/tolov,1
http://infinbank-online.ru/auth,1
https://mdis.uz/banking,0
https://www.mehnat.uz/api,0
http://verify-sqb.co/p?redirect=true,1
http://my-ipakyulibank.uz/banking/login,1
http://54.118.150.90/ipotekabank/auth,1
https://gov.uz/en,0
http://47.146.58.234/texagrobank/login?next=%2Faccount,1
http://uzcrd.co/hisob,1
https://cloudflare.com/static/css/main.css,0
http://official-trastbank.net/karta/faollashtirish,1
http://nbu-pay.kz/banking/login,1
https://sputniknews.uz/notifications,0
http://official-payme.com/karta/faollashtirish,1
http://rtastbank.com/account/verify,1
https://tbcbank.uz/cards,0
http://ipotkabank.net/login?next=%2Faccount,1
https://theguardian.com/profile,0
http://200.116.150.252:8080/uzum/auth,1
https://infinbank.uz/payments,0
http://apitalbank.io/login,1
http://pochtabank-2024.ru/payment/confirm,1
http://agroabnk.com/account/verify,1
http://official-infinbank.com/verify,1
http://clck.net/tolov,1
http://apelsin-bank.ru/karta/faollashtirish,1
http://payme-service.com/account/verify,1
http://uzum-secure.com/auth,1
http://85.49.96.243:8080/uzpost/kirish,1
https://uza.uz/static/css/main.css,0
http://login-infinbank.com/kirish,1
https://youtube.com/en,0
http://hamkorbank.click/banking/login,1
http://trastban-k.com/kirish,1
http://183.127.228.135:8080/agrobank/auth,1
http://tbcbank-xavfsiz.com/secure/login,1
http://pyame.co/cards/activate,1
https://visa.com/privacy,0
http://piakyulibank.uz/banking/login,1
http://official-click.ru/secure/login,1
https://nuu.uz/category/news,0
https://tma.uz/api,0
http://tbcbankk.net/banking/login,1
http://aloqabak.org/confirm,1
http://asakabank-secure.net/tolov,1
https://instagram.com/download,0
http://ipoteka-bank.uz/banking/login,1
https://www.tbcbank.uz/help,0
http://ipot-ekabank.io/auth,1
http://a-pelsin.uz/account/verify,1
http://xalqbank.click/tolov,1
http://uzpos-t.kz/account/verify,1
http://texagroban.kz/hisob,1
https://tuit.uz/support,0
https://bbc.com/uploads,0
http://payne-t.com/hisob,1
http://my-infinbank.kz/banking/login,1
https://twitter.com/ru/about,0
http://best-infinbank.ru/account/verify,1
https://xs.uz/payments,0
http://pyme.uz/secure/login,1
http://ipoteakbank.com/tolov,1
https://wikipedia.org/security,0
https://court.uz/media,0
http://uz-oson.uz/hisob,1
http://best-sqb.uz/banking/login,1
http://kapitalbnk.org/karta/faollashtirish,1
http://infinbank-card.net/transfer,1
https://ems.uz/products/list,0
https://www.nbu.uz/static/css/main.css,0
https://court.uz/about,0
http://anorbank-bank.co/p?redirect=true,1
http://click.uz.login-secure.com/hisob,1
https://www.microsoft.com/analytics,0
http://oson-pay.org/verify,1
https://gazeta.uz/offers,0
http://13.38.161.159:8080/click/hisob,1
https://stripe.com/robots.txt,0
http://ape-lsin.uz/kirish,1
http://kapit-albank.co/banking/login,1
http://click-online.uz/verify,1
http://secure-infinbank.com/auth,1
http://x-alqbank.co/kirish,1
https://reddit.com/report,0
http://texagrobankk.kz/confirm,1
https://www.click.uz/uz/hizmatlar,0
http://nbu-bank.uz/secure/login,1
http://aloqabank-secure.uz/verify,1
http://216.110.88.162:8080/apelsin/transfer,1
https://outlook.com/history,0
http://paynet-card.uz/verify,1
https://docs.python.org/products,0
https://slack.com/api/v1/health,0
http://tbcbank.info/login?next=%2Faccount,1
https://bing.com/,0
http://172.25.34.173/ipakyulibank/transfer,1
http://90.68.135.203/apelsin/login?next=%2Faccount,1
http://kapita-lbank.io/cards/activate,1
https://kun.uz/static/css/main.css,0
https://www.pharmi.uz/news,0
http://hamkobank.com/tolov,1
http://104.104.60.122:8080/trastbank/login,1
http://secure-pochtabank.org/cards/activate,1
http://official-uzpost.kz/auth,1
http://humo-net.co/account/verify,1
http://cl-ick.io/p?redirect=true,1
http://xalqba-nk.co/p?redirect=true,1
https://uzcard.uz/login,0
http://13.247.116.203/texagrobank/tolov,1
http://129.108.217.47/humo/login?next=%2Faccount,1
http://ipakyulibankk.io/p?redirect=true,1
http://h-umo.io/kirish,1
http://ayme.com/verify,1
https://www.reddit.com/analytics,0
https://bing.com/register,0
http://hamkorbakn.com/hisob,1
http://secure-kapitalbank.co/payment/confirm,1
http://zupost.io/verify,1
https://linkedin.com/en,0
http://payme.tk/secure/login,1
http://sqb-pay.kz/kirish,1
http://paynet-hisob.com/auth,1
http://1smsmm4pvm4x0vvw8x.info/banking/login,1
http://verify-ipakyulibank.uz/verify,1
http://humo-service.com/account/verify,1
http://anrbank.org/hisob,1
http://aloqabank.rest/account/verify,1
http://nbu.buzz/verify,1
https://www.ipotekabank.uz/about-us,0
http://242.210.205.243/nbu/payment/confirm,1
http://apelsin-net.kz/hisob,1
http://agrobank.buzz/karta/faollashtirish,1
https://developer.mozilla.org/notifications,0
https://www.aloqabank.uz/logout,0
http://paynet-uz.uz/karta/faollashtirish,1
https://mehnat.uz/api/v1/health,0
http://xlaqbank.ru:8080/login,1
http://texagroank.co/p?redirect=true,1
https://texagrobank.uz/uz,0
http://k-apitalbank.uz/verify,1
http://236.222.41.244/pochtabank/banking/login,1
http://cilck.com/banking/login,1
https://www.ems.uz/cards,0
https://nbu.uz/uz,0
http://pyame.com/kirish,1
https://www.ems.uz/about,0
https://qalampir.uz/banking,0
http://nbu-online.co/kirish,1
https://click.uz/help,0
https://epay.uz/products/list,0
http://as-akabank.co/login,1
http://uzpot.org/hisob,1
http://89.174.117.135/kapitalbank/karta/faollashtirish,1
http://ipotkeabank.ru/kirish,1
http://apelsin-login.io/confirm,1
http://po-chtabank.net/tolov,1
https://paynet.uz/en,0
http://anorbnak.kz/login,1
http://new-tbcbank.net/hisob,1
https://yandex.uz/category/services,0
http://a-sakabank.ru/kirish,1
https://ipakyulibank.uz/home,0
https://amazon.com/banking,0
http://apelsin-service.uz/tolov,1
http://uzpost-uz.net/secure/login,1
http://nbu-net.ru/account/verify,1
http://hakorbank.org/verify,1
http://anorbank-secure.org/login,1
https://www.wikipedia.org/wiki,0
https://pochtabank.uz/about-us,0
http://xalqbank-online.net/secure/login,1
https://tsue.uz/static/css/main.css,0
https://science.org/category/services,0
http://zum.kz/tolov,1
http://agrobank-2024.co/p?redirect=true,1
http://uzpost-net.io/karta/faollashtirish,1
http://teaxgrobank.ru/auth,1
https://interfax.uz/blog,0
https://gov.uz/logout,0
https://www.tbcbank.uz/uz,0
http://uzpst.org/karta/faollashtirish,1
https://www.mehnat.uz/login,0
http://ipakyuliabnk.ru/verify,1
http://u-zcard.com/cards/activate,1
https://hub.docker.com/en/services,0
http://humo-secure.com/confirm,1
https://paynet.uz/offers,0
http://texagrobankconfirm.com/account/verify,1
https://www.cloudflare.com/dashboard,0
http://hum.io/transfer,1
http://btcbank.io/login?next=%2Faccount,1
http://r0peqacgohe.info/login?next=%2Faccount,1
http://t-exagrobank.org/secure/login,1
http://nbu-login.io/tolov,1
http://payme-pay.io/verify,1
http://infinbank.cf/secure/login,1
http://humoo.kz/login?next=%2Faccount,1
https://dropbox.com/payments,0
http://my-apelsin.io/kirish,1
https://www.sputniknews.uz/offers,0
https://sqb.uz/security,0
http://xavfsiz-click.uz/karta/faollashtirish,1
https://www.office.com/support,0
https://wix.com/mobile,0
http://uzpost-online.uz/verify,1
https://www.xb.uz/en,0
http://5qb.co/cards/activate,1
http://xalqbank-bank.com/kirish,1
https://www.customs.uz/settings,0
https://paynet.uz/2024/,0
https://court.uz/offers,0
http://payme-service.net/hisob,1
https://dropbox.com/messages,0
https://ipotekabank.uz/2024/,0
http://login-humo.co/hisob,1
http://uum.co/confirm,1
http://real-pochtabank.io/hisob,1
http://paelsin.kz/banking/login,1
http://ipotekabnak.com/cards/activate,1
https://forbes.com/about-us,0
https://asakabank.uz/app,0
http://uzcard-login.net/payment/confirm,1
https://kapitalbank.uz/search,0
https://www.court.uz/transfer,0
http://uz-xalqbank.com/payment/confirm,1
http://asakabakn.uz/transfer,1
https://nuu.uz/uz,0
https://nuu.uz/wiki,0
http://humo-card.net/kirish,1
http://verify-click.com/hisob,1
https://infinbank.uz/media,0
http://pay-net.com/tolov,1
http://secure-sqb.co/karta/faollashtirish,1
http://login-uzpost.org/auth,1
https://www.gov.uz/ru/about,0
http://official-oson.co/confirm,1
http://trastbank-pay.com/secure/login,1
https://tma.uz/uz,0
http://secure-apelsin.uz/login,1
http://new-sqb.co/karta/faollashtirish,1
https://samdu.uz/report,0
http://login-uzum.uz/banking/login,1
http://tratsbank.org/karta/faollashtirish,1
https://trastbank.uz/payments,0
http://uzmu.uz/tolov,1
https://aloqabank.uz/services,0
https://aloqabank.uz/messages,0
http://asakaban.org/p?redirect=true,1
http://pyme.org/banking/login,1
https://www.humans.uz/mobile,0
https://samdu.uz/contact,0
https://pochta.uz/about,0
http://050n.ru/login,1
http://ipotekaabnk.io/cards/activate,1
https://xs.uz/register,0
https://www.bbc.com/login,0
https://kubernetes.io/cards,0
https://mehnat.uz/register,0
http://74.239.152.43:8080/trastbank/karta/faollashtirish,1
http://pochtabank-bank.co/kirish,1
http://iapkyulibank.ru/account/verify,1
https://zoom.us/contact,0
https://www.outlook.com/download,0
http://kapitalba-nk.ru/account/verify,1
http://zuum.uz/payment/confirm,1
http://kap-italbank.org/banking/login,1
http://4p3151n.io/cards/activate,1
http://new-uzcard.uz/verify,1
http://paynett.kz/auth,1
http://uzcard-card.ru/karta/faollashtirish,1
https://www.shopify.com/cards,0
https://mf.uz/category/services,0
http://ucard.net/p?redirect=true,1
https://apple.com/en/services,0
https://wix.com/about-us,0
http://my-infinbank.io/transfer,1
https://nature.com/about-us,0
http://login-anorbank.io/verify,1
http://paynte.io/hisob,1
http://trastbankk.io/account/verify,1
http://xalqbank-2024.kz/confirm,1
http://infinbank-service.ru/login,1
https://hub.docker.com/help,0
http://payme-bank.uz/transfer,1
https://www.stripe.com/,0
http://my-payme.uz/p?redirect=true,1
http://real-xalqbank.io/login,1
https://sog-liqni-saqlash.uz/search,0
https://instagram.com/search,0
https://gov.uz/contact,0
https://agrobank.uz/notifications,0
http://uz-nbu.uz/login?next=%2Faccount,1
http://kapitabank.org/verify,1
http://ipotekabankk.uz/auth,1
https://cnn.com/about-us,0
http://verify-xalqbank.org/tolov,1
http://uz-xalqbank.net/auth,1
http://best-ipotekabank.net/kirish,1
http://44.191.159.26:8080/nbu/payment/confirm,1
https://infinbank.uz/analytics,0
https://bbc.com/about,0
http://pay-net.kz/confirm,1
http://as-akabank.ru/login?next=%2Faccount,1
http://asakabank-uz.org/p?redirect=true,1
http://anorbank-card.com/payment/confirm,1
https://www.ipotekabank.uz/history,0
http://anorbank-bank.org/payment/confirm,1
https://azure.microsoft.com/search,0
http://uz-ipakyulibank.co/account/verify,1
http://sqb-hisob.com/hisob,1
http://uzum-card.com/p?redirect=true,1
http://agobank.uz/tolov,1
http://zum.uz/banking/login,1
http://171.222.136.116:8080/uzcard/kirish,1
http://best-anorbank.uz/secure/login,1
http://uzcard-net.uz/karta/faollashtirish,1
http://payme-service.io/p?redirect=true,1
https://www.pypi.org/contact,0
https://www.president.uz/dashboard,0
https://office.com/en,0
http://soon.org/auth,1
https://mdis.uz/products,0
http://best-xalqbank.net/payment/confirm,1
http://xalqbakn.org/karta/faollashtirish,1
http://login.agrobank.uz.malicious.top/login?next=%2Faccount,1
http://click-2024.net:3000/login,1
http://trastbank-2024.io/secure/login,1
http://nbu.uz@malicious005.com/kirish,1
http://tratsbank.co/transfer,1
https://gazeta.uz/category/services,0
https://my.gov.uz/media,0
https://stat.uz/ru,0
https://www.podrobno.uz/about-us,0
https://wix.com/faq,0
http://online-uzcard.com/login,1
https://docs.python.org/settings,0
http://133.134.115.220/sqb/verify,1
http://infinbank-pay.ru/auth,1
https://ipakyulibank.uz/static/css/main.css,0
https://www.amazon.com/robots.txt,0
https://www.tma.uz/privacy,0
https://www.anorbank.uz/home,0
http://real-infinbank.com/p?redirect=true,1
https://www.interfax.uz/ru/about,0
https://uzcard.uz/logout,0
https://bbc.com/user/profile,0
http://agrobank-uz.net/verify,1
https://mehnat.uz/payments,0
https://www.ijro.uz/search,0
http://paynet.uz.login-secure.com/confirm,1
http://infinbank-online.ru:8080/login,1
http://xalqbank-hisob.com/account/verify,1
https://gazeta.uz/ru/about,0
http://167.11.48.119/ipakyulibank/confirm,1
http://secure-hamkorbank.uz/payment/confirm,1
https://developer.mozilla.org/ru/about,0
http://infinank.uz/hisob,1
https://www.humans.uz/blog,0
https://www.forbes.com/settings,0
http://xjcbx92o1rvm.cf/transfer,1
http://kapital-bank.kz/p?redirect=true,1
https://www.paynet.uz/app,0
http://uzcrad.kz/tolov,1
http://aelsin.io/account/verify,1
https://github.com/products,0
http://trastbank-net.ru/login?next=%2Faccount,1
https://hub.docker.com/products/list,0
https://www.cnn.com/uploads,0
https://www.wsj.com/uz/hizmatlar,0
http://verify-paynet.com/kirish,1
https://bloomberg.com/sitemap.xml,0
https://www.xb.uz/history,0
https://president.uz/static/css/main.css,0
http://15.231.197.138/uzpost/tolov,1
http://infinbank-online.org/verify,1
http://humo-card.co/confirm,1
https://cnn.com/blog,0
https://www.sog-liqni-saqlash.uz/mobile,0
http://ipakyulibank-card.co/payment/confirm,1
http://uzcard-bank.ru/confirm,1
http://paynet-online.net/payment/confirm,1
http://iptoekabank.org/secure/login,1
https://www.zamin.uz/main,0
https://anorbank.uz/privacy,0
https://forbes.com/blog,0
https://kommersant.uz/security,0
http://xalbqank.kz/auth,1
http://al-oqabank.org/kirish,1
https://pharmi.uz/uz/hizmatlar,0
http://190.149.218.53/ipotekabank/verify,1
http://official-anorbank.net/transfer,1
https://texagrobank.uz/faq,0
http://best-infinbank.uz/karta/faollashtirish,1
http://ipotekaba-nk.ru/cards/activate,1
http://official-sqb.org/tolov,1
http://uzum-net.kz/,1
http://infinbank-service.net/karta/faollashtirish,1
http://online-ipakyulibank.org/karta/faollashtirish,1
http://iakyulibank.ru/cards/activate,1
https://www.president.uz/profile,0
http://oson-bank.net/auth,1
https://www.mehnat.uz/static/css/main.css,0
http://aelsin.net/transfer,1
http://tbcbankk.org/banking/login,1
http://garobank.ru/p?redirect=true,1
https://pypi.org/uz,0
http://verify-uzcard.kz/banking/login,1
https://bibim.uz/services,0
https://microsoft.com/offers,0
http://ipoteka-bank.org/login?next=%2Faccount,1
https://ijro.uz/history,0
https://sqb.uz@malicious014.com/login,1
http://pochtaank.ru/banking/login,1
https://aws.amazon.com/notifications,0
https://adobe.com/category/services,0
http://18.133.104.47/kapitalbank/hisob,1
https://uzinfocom.uz/register,0
https://bbc.com/en/services,0
https://visa.com/analytics,0
http://ipoteka-bank.org/kirish,1
http://pochabank.org/login?next=%2Faccount,1
https://president.uz/messages,0
http://uzpos.net/confirm,1
http://ap-elsin.uz/payment/confirm,1
http://verify-agrobank.uz/account/verify,1
https://edu.uz/profile,0
http://38.83.216.93:8080/kapitalbank/verify,1
http://apyme.net/karta/faollashtirish,1
http://pochatbank.ru/login,1
https://cnn.com/static/css/main.css,0
https://trastbank.uz/static/css/main.css,0
http://xalqbanklogin.com/login,1
https://www.wordpress.com/mobile,0
https://forbes.com/contact,0
http://click-online.co/verify,1
https://mehnat.uz/login,0
http://my-anorbank.net/verify,1
http://a-pelsin.co/hisob,1
https://www.zoom.us/app,0
https://stackoverflow.com/analytics,0
http://secure-trastbank.io/auth,1
http://clickk.ru/banking/login,1
http://apelsin-pay.uz/auth,1
http://kapitalbank-uz.com/auth,1
http://confirm-ipotekabank.uz/kirish,1
https://click.uz/index.html,0
http://verify-payme.co/auth,1
https://www.xb.uz/home,0
http://xalqbank-uz.net/login?next=%2Faccount,1
http://agrobnak.uz/login?next=%2Faccount,1
http://my-click.uz/tolov,1
http://pochtabank-service.co/confirm,1
https://daryo.uz/,0
http://askaabank.com/kirish,1
https://www.science.org/logout,0
http://my-uzum.com/account/verify,1
http://laoqabank.org/account/verify,1
http://best-anorbank.com/karta/faollashtirish,1
http://oso.co/secure/login,1
http://223.36.127.220:8080/asakabank/verify,1
https://tsue.uz/offers,0
https://www.my.gov.uz/privacy,0
https://google.com/banking,0
http://hamkorabnk.io/verify,1
http://uzum-service.ru/banking/login,1
https://www.interfax.uz/products,0
http://uzum-bank.org/account/verify,1
http://iakyulibank.uz/kirish,1
https://www.tuit.uz/search,0
https://xalqbank.uz/help,0
http://click-pay.uz/verify,1
http://login.secure.account3.uzpost.uz.phish.com/auth,1
https://www.bbc.com/en,0
https://pochtabank.uz/blog,0
http://texagrobank-net.org/karta/faollashtirish,1
https://theguardian.com/en,0
http://anorbank-secure.ru/tolov,1
https://sputniknews.uz/about-us,0
http://new-pochtabank.co/verify,1
https://license.uz/docs,0
https://yandex.uz/register,0
https://humans.uz/messages,0
http://hk89fbp548qlolda6nyng5.ga/transfer,1
http://uz-uzum.co/account/verify,1
http://kirish-tbcbank.uz/karta/faollashtirish,1
https://npmjs.com/cards,0
https://www.pochtabank.uz/uz,0
https://mytaxi.uz/,0
http://zuum.co/auth,1
http://ipakyulibank-confirm.com/payment/confirm,1
https://samdu.uz/notifications,0
http://tbcbak.net/login,1
http://xalqbank-card.com/cards/activate,1
https://hamkorbank.uz/login,0
http://hisob-paynet.uz/tolov,1
http://uz-trastbank.org/transfer,1
http://pelsin.org/kirish,1
http://uz-ipakyulibank.co/login,1
https://texagrobank.uz/mobile,0
https://wsj.com/index.html,0
https://xb.uz/logout,0
http://naorbank.co/login,1
https://visa.com/download,0
http://155.169.215.47/uzpost/transfer,1
http://sqb-2024.com/transfer,1
http://hamkorbank-net.net/karta/faollashtirish,1
http://nbu-login.org/,1
http://trastbank-secure.io/confirm,1
https://spot.uz/blog,0
https://aws.amazon.com/static/css/main.css,0
https://www.npmjs.com/security,0
http://aplsin.ru/karta/faollashtirish,1
https://www.edu.uz/wiki,0
https://mastercard.com/profile,0
https://microsoft.com/search,0
http://official-pochtabank.net/tolov,1
http://anorabnk.co/tolov,1
https://www.instagram.com/ru/about,0
http://panyet.co/p?redirect=true,1
http://texagrobank-2024.uz/karta/faollashtirish,1
http://xalq-bank.uz/transfer,1
http://argobank.ru/account/verify,1
https://stripe.com/download,0
http://ipakyulibank-online.org/secure/login,1
https://www.dunyo.uz/support,0
http://oson-service.com/confirm,1
http://infinbank-2024.kz/banking/login,1
https://mastercard.com/messages,0
http://s-qb.net:9090/login,1
http://tasdiqlash-payme.uz/banking/login,1
https://click.uz/app,0
http://real-infinbank.ru/hisob,1
https://anorbank.uz/api,0
https://www.bloomberg.com/about,0
https://payme.uz/robots.txt,0
http://aloqabnak.ru/payment/confirm,1
https://www.ems.uz/security,0
http://uhmo.com/cards/activate,1
https://my.gov.uz/category/services,0
http://173.64.122.190/agrobank/hisob,1
http://login-hamkorbank.co/transfer,1
http://os-on.co/hisob,1
http://46.84.224.71/agrobank/kirish,1
http://anobrank.kz/confirm,1
https://www.zamin.uz/messages,0
https://www.azure.microsoft.com/mobile,0
https://ft.com/ru/about,0
https://npmjs.com/2024/,0
http://nbu-uz.org/kirish,1
http://171.77.114.11/apelsin/secure/login,1
http://best-aloqabank.com/confirm,1
http://pochabank.uz/login?next=%2Faccount,1
https://www.uza.uz/login,0
https://license.uz/faq,0
http://nbu-online.net/transfer,1
http://argobank.co/auth,1
http://a-sakabank.uz/payment/confirm,1
http://ipakyulibank-card.co/transfer,1
https://npmjs.com/ru,0
http://online-payme.net/account/verify,1
https://tsue.uz/support,0
http://anorbankk.org/kirish,1
https://www.tdiu.uz/news,0
http://pelsin.org/secure/login,1
https://daryo.uz/index.html,0
http://texagrobankk.io/verify,1
http://ipakyuliban.ru/banking/login,1
https://dropbox.com/2024/,0
http://tcbbank.io/cards/activate,1
http://uz-uzpost.org/kirish,1
http://tr-astbank.com/p?redirect=true,1
http://uzpot.net/tolov,1
http://click.tk/secure/login,1
http://tbcba-nk.io/tolov,1
https://www.parlament.uz/register,0
https://mdis.uz/home,0
http://xalqbank-verify.com/tolov,1
http://best-tbcbank.io/confirm,1
https://zoom.us/settings,0
http://trastbank-bank.org/p?redirect=true,1
http://uzcard.xyz/verify,1
http://pochtabankk.com/secure/login,1
http://infi-nbank.io/karta/faollashtirish,1
https://anorbank.uz/mobile,0
http://asa-kabank.kz/secure/login,1
http://nbu-2024.org/tolov,1
http://tbcb4nk.ru/secure/login,1
http://humo-secure.ru/karta/faollashtirish,1
https://nature.com/report,0
http://agroank.ru/login,1
http://kapitalbank-secure.kz/banking/login,1
https://www.bloomberg.com/docs,0
https://spot.uz/cards,0
https://uzum.uz/messages,0
http://uzc4rd.io/confirm,1
http://tasdiqlash-xalqbank.uz/p?redirect=true,1
http://pochtaban.io/verify,1
http://oson-online.uz/hisob,1
http://clic-k.ru/secure/login,1
http://uzcard-service.io/verify,1
https://uzcard.uz/api,0
https://gazeta.uz/security,0
http://clck.org/account/verify,1
http://ap-elsin.io/hisob,1
http://uzpot.co/cards/activate,1
https://apelsin.uz/transfer,0
http://paynte.io/kirish,1
http://kapitalbank-service.co/login?next=%2Faccount,1
https://stackoverflow.com/products,0
http://real-oson.uz/secure/login,1
http://uz-uzum.co/login?next=%2Faccount,1
http://2eopveg4dnw6.ga/secure/login,1
http://pochtabankk.kz/login?next=%2Faccount,1
http://ipkayulibank.kz/kirish,1
http://rtastbank.co/tolov,1
http://8lyec9wbsm149ma21kcp4.info/login?next=%2Faccount,1
http://real-sqb.net/tolov,1
https://www.docs.python.org/download,0
http://texagorbank.io/transfer,1
http://fsl3qaz7xu67pa3ljq.xyz/kirish,1
https://kapitalbank.uz/register,0
https://github.com/search,0
https://www.president.uz/home,0
http://verify-paynet.org/login?next=%2Faccount,1
https://parlament.uz/dashboard,0
http://real-hamkorbank.com/verify,1
https://yandex.uz/wiki,0
https://yandex.uz/history,0
http://paynet-card.ru/hisob,1
https://linkedin.com/home,0
https://stripe.com/category/services,0
http://uzcard-secure.kz/account/verify,1
http://ipakyulibank-bank.net/hisob,1
http://agrobak.ru/karta/faollashtirish,1
http://asak-abank.kz/tolov,1
https://www.my.gov.uz/dashboard,0
http://verify-hamkorbank.org/login?next=%2Faccount,1
https://xalqbank.uz/messages,0
http://pochtaabnk.uz/confirm,1
https://www.prokuratura.uz/search,0
http://click-2024.com:8080/login,1
https://bbc.com/settings,0
https://mytaxi.uz/docs,0
https://agrobank.uz/settings,0
http://aloqa-bank.net/login?next=%2Faccount,1
http://real-trastbank.co/tolov,1
http://ipaky-ulibank.net/transfer,1
http://tr45tb4nk.kz/karta/faollashtirish,1
http://al-oqabank.uz/account/verify,1
https://daryo.uz/download,0
http://aplsin.com/karta/faollashtirish,1
http://nbu.uz.payment-confirm.ru/verify,1
http://asakbaank.uz/payment/confirm,1
https://www.wix.com/app,0
http://new-oson.uz/banking/login,1
http://ipakyulibank-service.com/auth,1
https://uzum.uz/faq,0
http://nb-u.co/payment/confirm,1
https://reuters.com/media,0
https://hub.docker.com/main,0
https://ipakyulibank.uz/payments,0
https://infinbank.uz/support,0
http://apelsin-net.net/transfer,1
https://texagrobank.uz/terms,0
http://54.142.165.79:8080/humo/confirm,1
https://gazeta.uz/report,0
http://payme-secure.org/login,1
http://apelsin.buzz/kirish,1
http://uzpsot.co/transfer,1
http://garobank.kz/verify,1
https://stackoverflow.com/download,0
https://www.gazeta.uz/cards,0
http://pay-net.com/account/verify,1
http://best-texagrobank.kz/banking/login,1
https://www.aloqabank.uz/services,0
http://agrobank-uz.uz/transfer,1
http://uzum-net.kz/karta/faollashtirish,1
https://epay.uz/report,0
http://tbcbank-bank.com/auth,1
http://poctabank.kz/cards/activate,1
http://infinba-nk.kz/confirm,1
http://paynte.org/login,1
https://interfax.uz/banking,0
https://www.ems.uz/mobile,0
https://www.tma.uz/faq,0
http://agrobankk.ru/login,1
http://146.35.170.246:8080/asakabank/payment/confirm,1
https://gov.uz/mobile,0
https://reddit.com/en,0
https://gov.uz/en/services,0
https://xs.uz/home,0
https://dropbox.com/terms,0
https://ft.com/uploads,0
http://real-xalqbank.io/cards/activate,1
http://an-orbank.org/tolov,1
http://official-tbcbank.co/p?redirect=true,1
https://paynet.uz/support,0
http://kapitalban.kz/payment/confirm,1
http://real-uzcard.uz/kirish,1
https://mehnat.uz/sitemap.xml,0
https://soliq.uz/dashboard,0
http://osonlogin.com/login?next=%2Faccount,1
https://youtube.com/notifications,0
http://xlaqbank.com:8080/login,1
https://uzb.uz/uploads,0
http://tbbcank.org/login?next=%2Faccount,1
http://aorbank.io/kirish,1
http://best-texagrobank.co/cards/activate,1
http://pochtabank.uz@malicious011.com/kirish,1
http://official-nbu.org/p?redirect=true,1
http://74.28.75.164:8080/click/secure/login,1
http://124.2.107.156:8080/uzpost/p?redirect=true,1
https://xs.uz/user/profile,0
https://zoom.us/register,0
http://pochtabanklogin.com/p?redirect=true,1
https://paynet.uz/news,0
https://anorbank.uz/faq,0
https://kapitalbank.uz/support,0
http://opchtabank.uz/verify,1
http://poctabank.com/karta/faollashtirish,1
http://osn.kz/banking/login,1
https://agrobank.uz/help,0
http://uzum-pay.net/transfer,1
https://aws.amazon.com/api/v1/health,0
http://online-apelsin.co/login?next=%2Faccount,1
https://www.epay.uz/app,0
https://kapitalbank.uz/report,0
http://official-nbu.uz/hisob,1
https://nuu.uz/messages,0
http://221.153.21.206/oson/hisob,1
https://www.gmail.com/history,0
http://infinbnk.io/hisob,1
http://ipakulibank.com/login,1
http://alqabank.com/verify,1
http://46.22.7.180:8080/anorbank/karta/faollashtirish,1
http://clicksecure.com/confirm,1
http://secure-ipakyulibank.org/auth,1
http://best-oson.com/confirm,1
https://podrobno.uz/api/v1/health,0
https://economist.com/history,0
http://agrobnk.org/login,1
https://www.facebook.com/banking,0
http://oson-bank.org/login,1
http://uhmo.kz/cards/activate,1
http://ipakyulibank-pay.org/tolov,1
http://new-trastbank.net/kirish,1
https://twitter.com/settings,0
https://wsj.com/en/services,0
http://paynet-net.io/p?redirect=true,1
http://410q4b4nk.co/login,1
http://best-tbcbank.org/tolov,1
https://www.mf.uz/support,0
http://tb-cbank.net/account/verify,1
https://bibim.uz/banking,0
https://wordpress.com/ru,0
https://aloqabank.uz/profile,0
https://www.azure.microsoft.com/wiki,0
http://texagrobank-2024.kz/payment/confirm,1
http://2.216.213.194/asakabank/hisob,1
http://payme-uz.ru/banking/login,1
https://parlament.uz/transfer,0
https://slack.com/api,0
https://apple.com/products/list,0
http://infinbanksecure.com/p?redirect=true,1
https://www.docs.python.org/analytics,0
http://official-click.io/tolov,1
http://pochtabank-uz.ru/cards/activate,1
http://secure-paynet.uz/login?next=%2Faccount,1
http://texagrobankk.net/confirm,1
https://office.com/sitemap.xml,0
http://texagrob-ank.net/secure/login,1
https://www.xb.uz/api/v1/health,0
http://uz-pochtabank.ru/login?next=%2Faccount,1
http://asakabank-secure.com/auth,1
http://xalqbanklogin.com/cards/activate,1
http://ipote-kabank.com/tolov,1
http://login-asakabank.net:9090/login,1
https://www.yahoo.com/cards,0
https://gazeta.uz/terms,0
https://wikipedia.org/index.html,0
http://aloqbaank.org/cards/activate,1
http://best-ipotekabank.uz/confirm,1
http://trasbank.org/karta/faollashtirish,1
https://podrobno.uz/category/services,0
http://agrobank-login.kz/kirish,1
http://alo-qabank.net/confirm,1
http://tbcban-k.io/confirm,1
https://yandex.uz/home,0
http://new-click.com/karta/faollashtirish,1
https://paypal.com/uploads,0
http://asakabank-online.net/tolov,1
http://ha-mkorbank.io/confirm,1
http://aloqaban.co/login?next=%2Faccount,1
http://uzpost.buzz/payment/confirm,1
https://yoshlar.uz/home,0
http://tbcbank-card.com/payment/confirm,1
https://ems.uz/news,0
http://agrobankk.uz/karta/faollashtirish,1
http://click-2024.kz/,1
https://www.adobe.com/profile,0
https://pochtabank.uz/services,0
https://adobe.com/terms,0
https://paynet.uz/main,0
http://humo-net.uz/kirish,1
https://www.facebook.com/en/services,0
http://kapitalabnk.co/verify,1
http://pocht-abank.net/login,1
http://verify-trastbank.net/secure/login,1
http://227.41.136.129/sqb/login?next=%2Faccount,1
http://244.95.219.53/uzpost/transfer,1
http://aloqaank.kz/p?redirect=true,1
http://agroban.io/login?next=%2Faccount,1
https://www.president.uz/login,0
http://asakabankk.net/banking/login,1
http://trastban.kz/login,1
http://online-trastbank.uz/auth,1
http://tbcank.net/verify,1
http://iapkyulibank.net/login?next=%2Faccount,1
http://infinb-ank.uz/transfer,1
http://108.18.126.191/uzpost/secure/login,1
https://tsue.uz/analytics,0
http://hamkor-bank.io/transfer,1
https://ebay.com/faq,0
http://224.216.85.106:8080/anorbank/tolov,1
http://ipakyulibnak.uz/tolov,1
http://login-oson.com/account/verify,1
http://trastbank-net.io/verify,1
http://126.104.192.9:8080/sqb/kirish,1
http://verify-aloqabank.uz/banking/login,1
https://ems.uz/en,0
http://texagobank.io/kirish,1
http://tratbank.co/account/verify,1
http://uz-tbcbank.kz/login,1
http://zucard.co/hisob,1
https://tdiu.uz/ru/about,0
https://hamkorbank.uz/about-us,0
https://spot.uz/api/v1/health,0
http://texagr-obank.kz/secure/login,1
http://real-humo.kz:9090/login,1
http://secure-texagrobank.ru/payment/confirm,1
https://humo.uz/category/news,0
http://asakbank.io/account/verify,1
http://184.111.179.24/uzum/transfer,1
http://xalbqank.org/transfer,1
http://texagrboank.org/secure/login,1
https://visa.com/logout,0
http://login-uzcard.uz/account/verify,1
http://sqb.top/hisob,1
https://cloudflare.com/privacy,0
https://linkedin.com/blog,0
http://ipa-kyulibank.net/confirm,1
https://reddit.com/analytics,0
http://online-click.com/login?next=%2Faccount,1
http://secure-uzpost.io/auth,1
http://ip-otekabank.org/transfer,1
http://login-aloqabank.net/secure/login,1
http://online-asakabank.io/secure/login,1
http://aaskabank.co/karta/faollashtirish,1
http://trasbtank.org/verify,1
https://uzcard.uz/about,0
https://uzum.uz/about,0
http://uczard.org/login,1
http://ipotekabank-secure.com/transfer,1
http://verify.click-uz.com/hisob,1
http://ipotekabank-net.org/auth,1
http://online-oson.kz/account/verify,1
http://31.233.253.89/nbu/transfer,1
https://payme.uz/user/profile,0
http://rtastbank.kz/login,1
https://uznet.uz/products,0
http://payne.kz/secure/login,1
https://stripe.com/about-us,0
http://verify-tbcbank.ru/account/verify,1
http://official-payme.net/tolov,1
https://wsj.com/about-us,0
https://zoom.us/news,0
https://www.xs.uz/uz,0
http://new-anorbank.kz/login?next=%2Faccount,1
http://uzpost-net.io/tolov,1
http://apesin.org/cards/activate,1
https://www.texagrobank.uz/report,0
http://uzum.gq/auth,1
http://my-pochtabank.ru/tolov,1
https://www.daryo.uz/en,0
https://www.sputniknews.uz/products,0
https://gmail.com/dashboard,0
http://online-xalqbank.kz/secure/login,1
http://secure-hamkorbank.org/tolov,1
http://asakaabnk.kz/hisob,1
https://zoom.us/2024/,0
http://igbl9tsuh8azpo.top/hisob,1
http://sbq.net/p?redirect=true,1
https://office.com/uz/hizmatlar,0
http://payme.site/hisob,1
https://amazon.com/support,0
https://nbu.uz/register,0
http://online-hamkorbank.org/transfer,1
https://www.samdu.uz/about-us,0
http://pochtabank-login.com/login,1
http://pay-payme.uz/p?redirect=true,1
https://forbes.com/uploads,0
http://trast-bank.com/payment/confirm,1
http://login-kapitalbank.net/verify,1
http://official-paynet.com/account/verify,1
http://uzum-uz.com/p?redirect=true,1
https://license.uz/security,0
http://220.216.13.111:8080/xalqbank/confirm,1
http://xalqbank-login.com/transfer,1
https://uza.uz/category/news,0
https://cloudflare.com/category/news,0
https://podrobno.uz/login,0
https://yandex.uz/login,0
http://apelsin-login.uz/account/verify,1
https://www.twitter.com/blog,0
https://www.netflix.com/notifications,0
http://uuzm.org/p?redirect=true,1
https://kubernetes.io/settings,0
http://xalqbank-pay.com/tolov,1
https://cloudflare.com/products,0
http://zum.uz/confirm,1
https://sputniknews.uz/news,0
http://pochtabak.co/payment/confirm,1
http://my-hamkorbank.kz/kirish,1
http://tbcbank-service.kz/kirish,1
http://trastbankk.co/payment/confirm,1
https://forbes.com/transfer,0
https://facebook.com/register,0
http://ipakyulbank.io/karta/faollashtirish,1
http://new-uzum.io/auth,1
https://wix.com/services,0
http://pochtabank-net.co/auth,1
http://apeslin.uz/,1
https://kommersant.uz/sitemap.xml,0
https://mastercard.com/search,0
http://pchtabank.co/karta/faollashtirish,1
http://k4p1t41b4nk.co/account/verify,1
http://trastbank-pay.uz/login?next=%2Faccount,1
http://tbcbnak.ru/payment/confirm,1
http://116.34.5.123/agrobank/confirm,1
http://new-ipakyulibank.com/kirish,1
http://secure-uzcard.ru/kirish,1
http://texagrobakn.net/payment/confirm,1
http://uzcrd.kz/tolov,1
https://edu.uz/uz,0
http://uzpots.com/login?next=%2Faccount,1
https://www.parlament.uz/category/services,0
http://os-on.org/kirish,1
https://spot.uz/security,0
https://www.nytimes.com/news,0
http://anrbank.co/tolov,1
http://114.156.111.173/uzcard/confirm,1
http://hisob-apelsin.uz/p?redirect=true,1
http://142.1.24.179:8080/xalqbank/p?redirect=true,1
https://economist.com/user/profile,0
https://dropbox.com/security,0
http://nb-u.net/p?redirect=true,1
http://t-rastbank.com/transfer,1
http://son.kz/banking/login,1
http://infinbank-uz.org/hisob,1
http://my-payme.ru/transfer,1
http://secure-apelsin.uz/hisob,1
http://online-payme.com/banking/login,1
http://my-xalqbank.kz/cards/activate,1
https://tdiu.uz/,0
http://xalqbank-bank.kz/cards/activate,1
http://oon.io/secure/login,1
https://outlook.com/app,0
https://wikipedia.org/report,0
https://twitter.com/,0
https://gazeta.uz/api,0
http://secure-asakabank.com/hisob,1
https://bloomberg.com/help,0
http://aeplsin.ru/account/verify,1
https://forbes.com/about,0
https://customs.uz/notifications,0
http://paynet-net.co/cards/activate,1
https://www.uza.uz/category/news,0
http://hmo.uz/verify,1
http://ipotekaban.org/p?redirect=true,1
http://humo-service.com/hisob,1
http://online-agrobank.io/transfer,1
http://nb-u.uz/secure/login,1
http://a-loqabank.net/banking/login,1
https://xb.uz/notifications,0
http://humo-online.net/banking/login,1
http://login-paynet.uz/tolov,1
https://www.yoshlar.uz/,0
http://official-texagrobank.org/tolov,1
http://218.99.21.111/uzum/hisob,1
https://facebook.com/index.html,0
http://poctabank.uz/secure/login,1
http://paym.net/auth,1
https://aloqabank.uz/user/profile,0
https://dunyo.uz/en/services,0
http://tbcb4nk.ru/payment/confirm,1
http://alqbank.org/cards/activate,1
http://new-agrobank.co/p?redirect=true,1
http://zucard.kz/banking/login,1
https://www.wix.com/banking,0
http://trastbankk.co/cards/activate,1
https://qalampir.uz/media,0
https://www.infinbank.uz/sitemap.xml,0
http://apelsin-pay.io/verify,1
http://login-agrobank.ru/login?next=%2Faccount,1
http://official-uzcard.net:3000/login,1
https://aloqabank.uz/en/services,0
http://uzost.ru/login,1
http://244.116.210.48:8080/uzpost/banking/login,1
https://asakabank.uz/login,0
http://as-akabank.net/banking/login,1
https://www.wikipedia.org/media,0
http://16.102.252.82:8080/texagrobank/tolov,1
http://verify-humo.uz/tolov,1
http://uzca-rd.co/account/verify,1
http://apelsin-hisob.com/secure/login,1
http://online-infinbank.co/tolov,1
http://hamkorbank-uz.ru/cards/activate,1
http://uz-tbcbank.kz/confirm,1
https://www.e-gov.uz/transfer,0
https://www.tuit.uz/mobile,0
http://aoqabank.co/auth,1
http://94.28.132.187:8080/paynet/payment/confirm,1
http://kapit-albank.co/karta/faollashtirish,1
http://15.213.247.39:8080/infinbank/login?next=%2Faccount,1
http://agrobank.ga/auth,1
http://1p4kyu11b4nk.uz/auth,1
https://www.mdis.uz/user/profile,0
http://login-texagrobank.co/p?redirect=true,1
https://uzb.uz/search,0
https://cloudflare.com/contact,0
http://trasbank.com/tolov,1
https://payme.uz/terms,0
https://customs.uz/faq,0
https://interfax.uz/privacy,0
http://online-oson.com/secure/login,1
https://yahoo.com/security,0
http://nbu.uz@malicious008.com/kirish,1
http://166.128.205.81:8080/ipakyulibank/payment/confirm,1
https://trastbank.uz/en/services,0
http://hamkorban.co/payment/confirm,1
https://www.tbcbank.uz/category/services,0
https://microsoft.com/products/list,0
http://humo.cf/hisob,1
http://ipotekabank-online.net/login?next=%2Faccount,1
https://kubernetes.io/main,0
http://tbcbanktasdiqlash.com/confirm,1
http://sq-b.io/account/verify,1
https://humo.uz/blog,0
https://uzum.uz/profile,0
http://pochtabank-login.net/account/verify,1
http://81.215.55.50/nbu/secure/login,1
https://www.linkedin.com/category/services,0
http://ipotekabank-login.io/auth,1
https://uzinfocom.uz/terms,0
http://infinba-nk.io/login,1
http://my-click.uz/transfer,1
http://infinbank-pay.org/account/verify,1
http://kapitalbank-online.co/auth,1
http://xalqbank-uz.kz/banking/login,1
http://login-nbu.io/cards/activate,1
http://click-card.io/payment/confirm,1
https://npmjs.com/category/services,0
http://uzpost-bank.co/account/verify,1
http://aloqaabnk.ru/kirish,1
http://xavfsiz-click.uz/login?next=%2Faccount,1
http://texagro-bank.kz/secure/login,1
http://official-payme.co/auth,1
http://nbu-net.com/kirish,1
http://ifinbank.org/kirish,1
http://anorban.kz/login?next=%2Faccount,1
http://tratbank.ru/verify,1
http://96.99.204.89/pochtabank/tolov,1
http://ipakyu-libank.uz/cards/activate,1
http://uzcard-service.com/p?redirect=true,1
https://oson.uz/sitemap.xml,0
https://zamin.uz/contact,0
https://gov.uz/ru/about,0
http://88.170.113.153/ipotekabank/login,1
http://zcard.ru/confirm,1
https://click.uz/login,0
http://a-pelsin.io/login,1
https://netflix.com/settings,0
http://infinba-nk.org/login?next=%2Faccount,1
http://verify-infinbank.org/banking/login,1
http://33.56.102.65/hamkorbank/banking/login,1
http://pochtbank.uz/payment/confirm,1
https://www.edu.uz/ru,0
http://xalqbankconfirm.com/verify,1
http://56.206.198.40/infinbank/hisob,1
https://bibim.uz/faq,0
http://hamkrobank.net/karta/faollashtirish,1
http://050n.org/login?next=%2Faccount,1
http://pamye.kz:8443/login,1
https://spot.uz/wiki,0
http://nbu-pay.kz/tolov,1
https://click.uz/search,0
http://m32sjbscp1ys8.info/login,1
http://verify-tbcbank.org/auth,1
https://ipakyulibank.uz/media,0
http://251.22.168.38/click/secure/login,1
http://hamkorban.ru/p?redirect=true,1
http://login-xalqbank.io/auth,1
https://hub.docker.com/uz/hizmatlar,0
https://www.payme.uz/history,0
http://ipotekabankk.kz/karta/faollashtirish,1
http://official-uzum.net/kirish,1
http://apeslin.ru:9090/login,1
https://oson.uz/cards,0
https://nuu.uz/offers,0
http://huom.net/secure/login,1
http://infin-bank.kz/transfer,1
http://new-kapitalbank.ru/verify,1
https://kapitalbank.uz/news,0
https://www.license.uz/login,0
http://hamkorbakn.co/payment/confirm,1
http://ha-mkorbank.org/kirish,1
http://ipotekabak.net/login,1
http://piakyulibank.co/tolov,1
http://my-uzum.net/payment/confirm,1
https://yoshlar.uz/ru/about,0
http://infinbank-card.io/hisob,1
https://gov.uz/docs,0
https://www.cnn.com/wiki,0
http://login-pochtabank.com/p?redirect=true,1
https://bbc.com/contact,0
https://www.trastbank.uz/help,0
https://www.bibim.uz/news,0
http://texagrobankk.com/login,1
http://1nf1nb4nk.com/payment/confirm,1
http://new-ipakyulibank.co/login,1
https://cloud.google.com/ru,0
http://uzpost-secure.net/banking/login,1
http://panyet.co/tolov,1
http://asakaba-nk.kz/transfer,1
https://spot.uz/analytics,0
https://kapitalbank.uz/en/services,0
http://new-uzpost.kz/cards/activate,1
http://ipakyulibank-service.co/verify,1
http://hisob-uzcard.uz/banking/login,1
http://186.245.110.196/xalqbank/banking/login,1
http://infinank.io/cards/activate,1
http://infinbank-service.kz/verify,1
http://te-xagrobank.org/account/verify,1
http://sqbb.co/cards/activate,1
http://apelsin-uz.io/transfer,1
https://paynet.uz@malicious008.com/login,1
https://www.google.com/products,0
https://www.kommersant.uz/api/v1/health,0
http://best-uzpost.org/account/verify,1
https://www.nuu.uz/uz/hizmatlar,0
http://uzpos-t.ru/login?next=%2Faccount,1
https://www.google.com/report,0
http://asa-kabank.uz/auth,1
http://kapi-talbank.io/payment/confirm,1
http://poctabank.io/p?redirect=true,1
https://slack.com/payments,0
http://official-payme.kz/account/verify,1
http://verify-texagrobank.kz/hisob,1
https://customs.uz/banking,0
https://yoshlar.uz/profile,0
https://ijro.uz/settings,0
https://pharmi.uz/messages,0
http://92.226.221.174:8080/pochtabank/cards/activate,1
http://uzcard-uz.org/p?redirect=true,1
http://hmuo.uz/auth,1
http://ipakyulibakn.com/cards/activate,1
https://www.payme.uz/ru/about,0
https://humans.uz/app,0
https://reddit.com/uz/hizmatlar,0
https://www.yoshlar.uz/products/list,0
http://ipotekaban.kz/login?next=%2Faccount,1
http://hltjby6q07kf1ej5y.info/auth,1
http://198.227.95.75:8080/humo/verify,1
http://etxagrobank.kz/account/verify,1
http://verify-kapitalbank.org/karta/faollashtirish,1
http://online-asakabank.io/login,1
https://developer.mozilla.org/products/list,0
http://h-umo.ru/login,1
http://tbcbank-service.io/cards/activate,1
http://ipakyuliban.org/hisob,1
https://license.uz/mobile,0
http://247.60.113.185:8080/kapitalbank/secure/login,1
http://trastbank-uz.kz/banking/login,1
https://www.apelsin.uz/api/v1/health,0
https://ipakyulibank.uz/main,0
http://asakabank-service.uz/kirish,1
http://lick.org/cards/activate,1
http://asakbaank.ru/login?next=%2Faccount,1
https://www.facebook.com/,0
http://xalqban.uz/p?redirect=true,1
http://oson.top/verify,1
http://texagroban.org/login?next=%2Faccount,1
http://click-online.kz/login?next=%2Faccount,1
https://www.zamin.uz/user/profile,0
http://texagroba-nk.net/account/verify,1
http://alqoabank.uz/transfer,1
http://ipotekabank-login.ru/karta/faollashtirish,1
http://poch-tabank.co/kirish,1
http://nbu-pay.net/banking/login,1
http://xaqbank.com/transfer,1
http://my-uzum.io/kirish,1
http://anorbank-online.co/transfer,1
https://humo.uz/ru,0
https://sputniknews.uz/download,0
http://anorabnk.io/confirm,1
http://asakabank-pay.co/cards/activate,1
https://www.mdis.uz/ru/about,0
https://agrobank.uz/robots.txt,0
http://uzpots.ru/karta/faollashtirish,1
https://www.tbcbank.uz/services,0
http://official-uzcard.net:8080/login,1
http://online-oson.org/hisob,1
http://texagrobank-2024.net/cards/activate,1
http://aloqabnk.ru/karta/faollashtirish,1
https://mf.uz/contact,0
http://ipotek-abank.net/kirish,1
http://texagrobank-login.ru/login,1
https://www.pochta.uz/about-us,0
http://payent.co/verify,1
https://hub.docker.com/messages,0
http://11.125.30.29:8080/ipakyulibank/transfer,1
http://trastb-ank.net/karta/faollashtirish,1
http://ipakyuilbank.ru/tolov,1
https://adobe.com/media,0
http://anorbnak.uz/tolov,1
http://infinbank-card.uz/secure/login,1
http://ipotekaba-nk.io/payment/confirm,1
https://www.court.uz/uz,0
https://www.azure.microsoft.com/products,0
http://best-anorbank.kz/kirish,1
http://real-ipotekabank.net/verify,1
https://gov.uz/uploads,0
http://217.247.228.119:8080/pochtabank/verify,1
http://asakabank-verify.com/karta/faollashtirish,1
https://www.wsj.com/uz,0
http://aloqabankk.com/auth,1
https://www.agrobank.uz/en/services,0
https://yahoo.com/uz,0
https://npmjs.com/uploads,0
http://asakabnk.uz/verify,1
http://oson.online/auth,1
https://cloudflare.com/blog,0
https://visa.com/services,0
http://anorbank-pay.com/secure/login,1
http://uz-humo.ru/payment/confirm,1
http://ipakyulibnk.ru/confirm,1
http://uzpost-uz.com/hisob,1
http://kq7902kn3t6kb9pd.ga/banking/login,1
http://tra-stbank.kz/karta/faollashtirish,1
http://infinbank-online.kz/login,1
http://trastank.com/login,1
https://podrobno.uz/uz,0
http://agorbank.ru/hisob,1
https://cloudflare.com/help,0
http://k-apitalbank.com/karta/faollashtirish,1
https://license.uz/robots.txt,0
https://www.kubernetes.io/products,0
http://txeagrobank.kz/confirm,1
https://www.adobe.com/help,0
http://my-payme.uz/transfer,1
https://nuu.uz/contact,0
http://login-hamkorbank.ru/secure/login,1
http://kapitalbankk.org/login,1
http://uz-infinbank.kz/account/verify,1
http://apelsinn.net/login,1
https://uzcard.uz/category/services,0
http://online-apelsin.org/transfer,1
http://24.227.159.174/uzcard/secure/login,1
http://179.243.133.137/hamkorbank/secure/login,1
https://daryo.uz/messages,0
http://apels-in.net/secure/login,1
https://tdiu.uz/notifications,0
http://askaabank.ru/p?redirect=true,1
http://xaqlbank.uz/secure/login,1
https://slack.com/en,0
http://uzcad.net/kirish,1
http://ipakuylibank.net/account/verify,1
https://gov.uz/products,0
https://xb.uz/security,0
http://uzp05t.ru/hisob,1
http://click-pay.org/payment/confirm,1
https://podrobno.uz/banking,0
http://pochta-bank.net/karta/faollashtirish,1
http://real-click.kz/banking/login,1
https://nuu.uz/docs,0
http://kapitalbank-2024.io/secure/login,1
http://uzum-service.io/payment/confirm,1
http://aynet.net/payment/confirm,1
https://court.uz/history,0
https://tma.uz/robots.txt,0
http://pamye.io/transfer,1
http://nbu.ml/secure/login,1
https://sqb.uz@malicious011.com/login,1
http://aolqabank.net/kirish,1
http://146.43.247.57/paynet/login?next=%2Faccount,1
http://asakbank.uz/confirm,1
http://agroban-k.co/secure/login,1
http://osonhisob.com/cards/activate,1
https://mf.uz/ru,0
http://login-trastbank.kz/auth,1
http://agrobank-online.org/secure/login,1
http://my-pochtabank.org/account/verify,1
https://soliq.uz/history,0
http://aloqabank.site/verify,1
http://apeslin.co/login,1
https://court.uz/mobile,0
http://secure-hamkorbank.co/confirm,1
http://official-uzcard.kz:8080/login,1
http://68vbnkjzs92lobmi8.site/payment/confirm,1
http://xalqban.kz/verify,1
https://kun.uz/terms,0
https://www.president.uz/wiki,0
http://kapitalb-ank.kz/karta/faollashtirish,1
https://office.com/history,0
http://secure-uzum.uz.phish.xyz/account/verify,1
http://ayme.com/login,1
https://anorbank.uz/report,0
http://click-secure.uz/account/verify,1
http://grobank.com/confirm,1
http://payme-bank.uz/login?next=%2Faccount,1
https://paypal.com/mobile,0
http://nbu-service.kz/karta/faollashtirish,1
http://uczard.kz/kirish,1
http://uz-kapitalbank.uz/hisob,1
http://hamkorank.kz/confirm,1
http://170.199.76.27:8080/hamkorbank/login,1
https://www.humo.uz/login,0
http://trastban-k.co/p?redirect=true,1
https://www.aws.amazon.com/media,0
https://pochtabank.uz/robots.txt,0
http://ano-rbank.net/p?redirect=true,1
https://nuu.uz/products,0
http://xalqbank-pay.net/login?next=%2Faccount,1
https://amazon.com/user/profile,0
https://www.azure.microsoft.com/ru/about,0
https://www.dropbox.com/products,0
http://ipakyulibank-service.kz/login?next=%2Faccount,1
http://61.72.236.177:8080/kapitalbank/login?next=%2Faccount,1
https://www.humo.uz/docs,0
http://login-asakabank.ru:3000/login,1
https://xb.uz/docs,0
http://trastbnk.kz/secure/login,1
http://ipotekabakn.uz/auth,1
http://8.170.104.239/uzcard/auth,1
http://potekabank.co/auth,1
https://paypal.com/cards,0
https://www.microsoft.com/history,0
http://uzcadr.uz/verify,1
https://president.uz/about-us,0
http://u-zpost.com/hisob,1
https://infinbank.uz/uploads,0
https://ipotekabank.uz/docs,0
https://science.org/sitemap.xml,0
http://texagrobank-2024.io/banking/login,1
http://bcbank.co/login?next=%2Faccount,1
http://teaxgrobank.com/tolov,1
https://www.mehnat.uz/main,0
http://ipakyulibank-2024.kz/secure/login,1
https://theguardian.com/about,0
https://www.ft.com/app,0
http://xalqbak.com/hisob,1
http://agr-obank.org/verify,1
http://nbu-2024.ru/account/verify,1
https://ebay.com/user/profile,0
http://uzcad.io/cards/activate,1
http://anorbank-login.co/login?next=%2Faccount,1
http://a-loqabank.kz/tolov,1
https://youtube.com/,0
http://agrobanksecure.com/secure/login,1
https://www.kommersant.uz/en,0
http://uz-uzpost.kz/p?redirect=true,1
http://uzpost-service.com/login?next=%2Faccount,1
http://ipakyulibnak.uz/verify,1
https://asakabank.uz@malicious008.com/login,1
http://ipakyulibank-service.org/auth,1
https://github.com/main,0
https://e-gov.uz/api,0
https://mastercard.com/report,0
http://my-paynet.co/login,1
https://mytaxi.uz/wiki,0
http://181.79.214.198/hamkorbank/account/verify,1
http://i-nfinbank.io/karta/faollashtirish,1
http://uz-uzum.ru/kirish,1
http://tastbank.ru/verify,1
http://agrobank-2024.ru/confirm,1
http://tbcabnk.org/secure/login,1
https://sputniknews.uz/media,0
https://humo.uz/offers,0
http://t9mszr0mzrd5d7vkc5.tk/login?next=%2Faccount,1
http://anorbank-net.co/verify,1
http://tbcbank-net.com/confirm,1
http://login-payme.io/login,1
http://pochtabankk.io/verify,1
https://www.developer.mozilla.org/api,0
http://hum.com/cards/activate,1
https://kubernetes.io/home,0
https://texagrobank.uz/services,0
http://181.79.214.198:8080/hamkorbank/account/verify,1
http://texagroban-k.com/cards/activate,1
http://humo-pay.io/auth,1
http://hamkorbank-bank.io/transfer,1
http://u-zcard.net/login,1
https://shopify.com/analytics,0
https://www.facebook.com/analytics,0
http://poch-tabank.org/login?next=%2Faccount,1
https://www.sog-liqni-saqlash.uz/about-us,0
http://27.117.207.81:8080/click/transfer,1
http://xlaqbank.uz:3000/login,1
http://anrobank.org/account/verify,1
https://yahoo.com/privacy,0
https://www.trastbank.uz/terms,0
http://hamkorban.kz/tolov,1
http://uzum-net.kz:8443/login,1
https://dropbox.com/en,0
http://xalqbak.kz/kirish,1
http://anor-bank.co/login,1
https://developer.mozilla.org/en,0
http://infinbank-service.org/transfer,1
https://www.nytimes.com/ru,0
http://uz-click.org/auth,1
http://hum.uz/secure/login,1
http://xalqbank.uz.payment-confirm.ru/hisob,1
https://www.humans.uz/ru/about,0
https://apelsin.uz/en/services,0
https://ft.com/docs,0
https://reddit.com/notifications,0
http://real-payme.io/p?redirect=true,1
http://uz-hamkorbank.kz/hisob,1
https://gmail.com/news,0
https://twitter.com/home,0
https://tma.uz/about-us,0
https://nature.com/2024/,0
http://humo-pay.com/account/verify,1
http://222.9.43.159:8080/texagrobank/hisob,1
https://www.aloqabank.uz/faq,0
https://edu.uz/privacy,0
http://hum-o.ru/account/verify,1
http://my-uzcard.com/kirish,1
https://agrobank.uz/analytics,0
https://cloudflare.com/login,0
http://230.66.235.130:8080/oson/login,1
http://xalqbank.ml/banking/login,1
https://wsj.com/ru/about,0
http://asaka-bank.io/payment/confirm,1
https://www.humans.uz/uz/hizmatlar,0
https://ft.com/offers,0
https://nytimes.com/2024/,0
https://gov.uz/notifications,0
http://iakyulibank.kz/transfer,1
http://tbcbank-secure.com/auth,1
http://34.226.218.156/apelsin/p?redirect=true,1
http://texagrobankk.io/kirish,1
http://verify-ipakyulibank.com/payment/confirm,1
http://naorbank.kz/login?next=%2Faccount,1
http://apelsni.com/hisob,1
http://online-nbu.net/payment/confirm,1
http://pay-net.net/account/verify,1
http://infinbakn.io/auth,1
http://secure-tbcbank.io/karta/faollashtirish,1
https://nbu.uz/products,0
http://real-sqb.co/payment/confirm,1
https://science.org/static/css/main.css,0
http://os-on.uz/payment/confirm,1
http://hamokrbank.kz/payment/confirm,1
https://qalampir.uz/api/v1/health,0
http://a-norbank.uz/cards/activate,1
http://149.144.11.12:8080/agrobank/p?redirect=true,1
http://login.nbu.uz.malicious.top/cards/activate,1
http://ipotekabank-tasdiqlash.com/karta/faollashtirish,1
http://68.103.168.56:8080/trastbank/confirm,1
http://online-payme.net/cards/activate,1
http://paynet-online.com/login,1
http://hmkorbank.com/login,1
https://www.economist.com/,0
http://zpost.ru/auth,1
http://official-apelsin.net/cards/activate,1
http://login-aloqabank.uz/auth,1
https://license.uz/payments,0
http://asakabankk.ru/cards/activate,1
http://texarobank.io/payment/confirm,1
http://xalqbank-service.co/secure/login,1
http://anorbank-pay.net/kirish,1
https://hamkorbank.uz/products,0
http://anorbank.info/account/verify,1
http://verify-click.co/confirm,1
http://qsb.io/account/verify,1
http://tratsbank.org/verify,1
https://prokuratura.uz/,0
http://potekabank.org/hisob,1
https://www.zoom.us/privacy,0
http://5qb.ru/login?next=%2Faccount,1
http://secure-click.co/secure/login,1
https://wordpress.com/mobile,0
http://a-loqabank.io/hisob,1
https://www.reddit.com/download,0
http://trastbank-bank.io/confirm,1
https://infinbank.uz/logout,0
http://aloqabank-login.kz/hisob,1
http://242.112.37.71:8080/uzpost/auth,1
http://agroba-nk.uz/login,1
http://ifinbank.org/cards/activate,1
https://www.uznet.uz/docs,0
https://www.aws.amazon.com/app,0
https://podrobno.uz/en/services,0
http://apeslin.net:3000/login,1
https://e-gov.uz/dashboard,0
https://www.shopify.com/profile,0
http://asakaban.kz/karta/faollashtirish,1
http://agroank.com/account/verify,1
http://infin-bank.com/verify,1
http://potekabank.com/confirm,1
http://1.173.62.160/click/account/verify,1
http://154.200.49.205/aloqabank/banking/login,1
http://xalqban.io/login,1
http://ipakyulibank-bank.org/banking/login,1
http://254.190.107.5/ipakyulibank/login?next=%2Faccount,1
https://agrobank.uz/products/list,0
http://ipotekabank-net.uz/auth,1
http://paynet-bank.io/karta/faollashtirish,1
http://jsmjao3ncy9ukuwvzfgv.ml/verify,1
https://tma.uz/cards,0
https://www.kun.uz/ru,0
https://www.kun.uz/static/css/main.css,0
https://ijro.uz/login,0
https://xalqbank.uz/news,0
http://new-ipakyulibank.com/p?redirect=true,1
http://t3x4gr0b4nk.kz/kirish,1
https://www.uzcard.uz/main,0
https://aloqabank.uz/help,0
http://oso-n.org/p?redirect=true,1
http://paynet-bank.io/kirish,1
http://uz-agrobank.net/account/verify,1
http://ipakulibank.ru/karta/faollashtirish,1
https://www.ipakyulibank.uz/api,0
http://hamkorbank-net.ru/account/verify,1
http://uz-aloqabank.ru/kirish,1
http://uum.com/auth,1
http://online-trastbank.org/secure/login,1
http://payme-net.uz/cards/activate,1
http://agrboank.kz/kirish,1
https://shopify.com/en/services,0
https://kommersant.uz/settings,0
http://real-humo.kz/cards/activate,1
https://epay.uz/products,0
http://xalqbank-secure.com/banking/login,1
https://www.tsue.uz/download,0
https://tbcbank.uz/media,0
http://login-anorbank.kz/kirish,1
https://www.interfax.uz/static/css/main.css,0
http://agrobank-secure.co/account/verify,1
http://apynet.net/confirm,1
https://apple.com/about,0
http://p4yn3t.io/karta/faollashtirish,1
https://edu.uz/services,0
http://ipotekbank.kz/hisob,1
http://hamkobank.ru/transfer,1
http://ipakyuliank.io/kirish,1
https://ipotekabank.uz/static/css/main.css,0
https://humo.uz/uz/hizmatlar,0
http://xlqbank.co/verify,1
http://hmo.co/login,1
http://exagrobank.co/confirm,1
https://www.twitter.com/products,0
https://cloud.google.com/cards,0
http://t-rastbank.co/payment/confirm,1
http://hamkobank.org/transfer,1
http://account-uzpost.uz/hisob,1
http://pamye.uz:8080/login,1
http://trast-bank.net/verify,1
https://www.bibim.uz/,0
https://azure.microsoft.com/en/services,0
http://soon.org/confirm,1
http://hamokrbank.co/login,1
https://spot.uz/sitemap.xml,0
http://aorbank.ru/payment/confirm,1
